<HBProfile>
	<Name>Horde 1-68 Questing</Name>
	<MinDurability>0.4</MinDurability>
	<MinFreeBagSlots>3</MinFreeBagSlots>
	<MinLevel>1</MinLevel>
	<MaxLevel>86</MaxLevel>
	<MailGrey>False</MailGrey>
	<MailWhite>False</MailWhite>
	<MailGreen>True</MailGreen>
	<SellGrey>True</SellGrey>
	<SellWhite>True</SellWhite>
	<SellGreen>True</SellGreen>
	<SellBlue>False</SellBlue>
	<SellPurple>False</SellPurple>

	<QuestOrder>
		<If Condition="Me.Race == WoWRace.BloodElf &amp;&amp; Me.Level &lt;10">
			<CustomBehavior File="LoadProfile" ProfileName="SubProfiles\1-10 BloodElf SubProfile" />
		</If>
		
		<If Condition="Me.Race == WoWRace.Tauren &amp;&amp; Me.Level &lt;10">
			<CustomBehavior File="LoadProfile" ProfileName="SubProfiles\1-10 Tauren SubProfile" />
		</If>
		
		<If Condition="Me.Race == WoWRace.Goblin &amp;&amp; Me.Level &lt;15">
			<CustomBehavior File="LoadProfile" ProfileName="SubProfiles\1-15 Goblin SubProfile" />
		</If>
		
		<If Condition="Me.Race == WoWRace.Undead &amp;&amp; Me.Level &lt;10">
			<CustomBehavior File="LoadProfile" ProfileName="SubProfiles\1-10 Undead SubProfile" />
		</If>
		
		<If Condition="Me.Race == WoWRace.Troll &amp;&amp; Me.Level &lt;5">
			<CustomBehavior File="LoadProfile" ProfileName="SubProfiles\1-5 Troll SubProfile" />
		</If>

		<If Condition="Me.Race == WoWRace.Orc &amp;&amp; Me.Level &lt;5">
			<CustomBehavior File="LoadProfile" ProfileName="SubProfiles\1-5 Orc SubProfile" />
		</If>
		
		<If Condition="(Me.Race == WoWRace.Troll || Me.Race == WoWRace.Orc) &amp;&amp; Me.Level &lt; 10">
			<CustomBehavior File="LoadProfile" ProfileName="SubProfiles\5-10 Orc Troll SubProfile" />
		</If>
		
		<If Condition="Me.MapId != 1 &amp;&amp; Me.Level &lt; 20">
			<CustomBehavior File="LoadProfile" ProfileName="SubProfiles\EK to Kalimdor" />
		</If>
		
		<If Condition="Me.Level &lt; 15">
			<CustomBehavior File="LoadProfile" ProfileName="SubProfiles\10-15 Northern Barrens SubProfile" />
		</If>
		
		<If Condition="Me.Level &lt; 18">
			<CustomBehavior File="LoadProfile" ProfileName="SubProfiles\15-18 Northern Barrens SubProfile" />
		</If>
		
		<If Condition="Me.Level &lt; 25">
			<CustomBehavior File="LoadProfile" ProfileName="SubProfiles\18-25 Ashenvale SubProfile" />
		</If>

		<If Condition="Me.Level &lt; 30">
			<CustomBehavior File="LoadProfile" ProfileName="SubProfiles\25-30 Stonetalon Mountains SubProfile" />
		</If>

		<If Condition="Me.Level &lt; 32">
			<CustomBehavior File="LoadProfile" ProfileName="SubProfiles\30-32 Desolace SubProfile" />
		</If>
		
		<If Condition="Me.Level &lt; 35">
			<CustomBehavior File="LoadProfile" ProfileName="SubProfiles\32-35 Southern Barrens SubProfile" />
		</If>

		<If Condition="Me.Level &lt; 40">
			<CustomBehavior File="LoadProfile" ProfileName="SubProfiles\35-40 Dustwallow Marsh SubProfile" />
		</If>
		
		<If Condition="Me.MapId != 0 &amp;&amp; Me.Level &lt; 45">
			<CustomBehavior File="LoadProfile" ProfileName="SubProfiles\Kalimdor to EK" />
		</If>

		<If Condition="Me.Level &lt; 45">
			
			<CustomBehavior File="LoadProfile" ProfileName="SubProfiles\40-45 Eastern Plaguelands SubProfile" />
		</If>
		
		<If Condition="Me.MapId != 1 &amp;&amp; Me.Level &lt; 55">
			<CustomBehavior File="LoadProfile" ProfileName="SubProfiles\EK to Kalimdor" />
		</If>
	
		<If Condition="Me.Level &lt; 49">
			<CustomBehavior File="LoadProfile" ProfileName="SubProfiles\45-49 Felwood SubProfile" />
		</If>
		
		<If Condition="Me.Level &lt; 55">
			<CustomBehavior File="LoadProfile" ProfileName="SubProfiles\49-55 Winterspring SubProfile" />
		</If>
		
		<If Condition="Me.MapId == 1 &amp;&amp; Me.Level &lt; 58">
			<CustomBehavior File="InteractWith" MobId="195142" WaitTime="5000" ObjectType="Gameobject" X="1685.18" Y="-4123.42" Z="66.3376" />
			<CustomBehavior File="WaitTimer" WaitTime="10000" />
		</If>

		<If Condition="Me.Level &lt; 58">
			<CustomBehavior File="LoadProfile" ProfileName="SubProfiles\55-58 Blasted Lands SubProfile" />
		</If>
		
		<If Condition="Me.MapId != 530 &amp;&amp; Me.Level &lt; 69">
			<CustomBehavior File="LoadProfile" ProfileName="SubProfiles\To Outland" />
		</If>
		
		<If Condition="Me.Level &lt; 69">
			<CustomBehavior File="LoadProfile" ProfileName="SubProfiles\58-68 Outland SubProfile" />
		</If>
		
	   <CustomBehavior File="UserDialog"
					   Text="This profile currently supports questing upto level 69. End of the profile"
					   AllowBotStop="true"
					   SoundCue="Exclamation"
					   SoundCueInterval="1" />				
	</QuestOrder>
</HBProfile>
