<HBProfile>
	<Name>Horde 1-68 Questing</Name>
	<MinDurability>0.4</MinDurability>
	<MinFreeBagSlots>3</MinFreeBagSlots>
	<MinLevel>1</MinLevel>
	<MaxLevel>86</MaxLevel>
	<MailGrey>False</MailGrey>
	<MailWhite>False</MailWhite>
	<MailGreen>True</MailGreen>
	<SellGrey>True</SellGrey>
	<SellWhite>True</SellWhite>
	<SellGreen>True</SellGreen>
	<SellBlue>False</SellBlue>
	<SellPurple>False</SellPurple>
	<AvoidMobs>
		<Mob Name="Enforcer Emilgund" Entry="5787"/>
		<Mob Name="Training Dummy" Entry="44937"/><!--Tauren Training Dummy-->
		<Mob Name="Training Dummy" Entry="44848"/><!--Really Tough Ogre on Tauren Questline-->
	</AvoidMobs>
	<Mailboxes>
<!--Camp Narache Mailbox-->
		<Mailbox X="-2898.371" Y="-240.4763" Z="60.04997"/>
<!--Bloodhoof Village Mailbox-->
		<Mailbox X="-2336.538" Y="-368.1059" Z="-8.463984"/>	
	</Mailboxes>

<Vendors>
<!--Camp Narache Vendors-->
		<Vendor Name="Moodan Sungrain" Entry="3883" Type="Food" X="-2942.083" Y="-243.3767" Z="59.66931"/>
		<Vendor Name="Marjak Keenblade" Entry="3073" Type="Repair" X="-2926.32" Y="-215.72" Z="61.07577"/>
<!--Camp Narache Trainers-->
		<Vendor Name="Gart Mistrunner" Type="Train" TrainClass="Druid" Entry="3060" X="-2898.491" Y="-260.25" Z="59.6141"/>
		<Vendor Name="Lanka Farshot" Type="Train" TrainClass="Hunter" Entry="3061" X="-2904.892" Y="-263.3472" Z="59.5146"/>
		<Vendor Name="Meela Dawnstrider" Type="Train" TrainClass="Shaman" Entry="3062" X="-2895.839" Y="-253.2118" Z="59.74337"/>
		<Vendor Name="Seer Ravenfeather" Type="Train" TrainClass="Priest" Entry="37724" X="-2900.104" Y="-247.8229" Z="59.78632"/>
		<Vendor Name="Sunwalker Helaku" Type="Train" TrainClass="Paladin" Entry="37737" X="-2905.906" Y="-246.2292" Z="59.80172"/>
		<Vendor Name="Harutt Thunderhorn" Type="Train" TrainClass="Warrior" Entry="3059" X="-2912.415" Y="-247.7344" Z="59.72432"/>
<!--Bloodhoof Village Vendors-->
		<Vendor Name="Jhawna Oatwind" Entry="3884" Type="Food" X="-2378.957" Y="-399.2678" Z="-3.88913"/>
		<Vendor Name="Mahnott Roughwound" Entry="3077" Type="Repair" X="-2280.133" Y="-297.7678" Z="-9.424784"/>
<!--Bloodhoof Village Trainers-->
		<Vendor Name="Gennia Runetotem" Entry="3064" Type="Train" TrainClass="Druid" X="-2315.745" Y="-442.6335" Z="-5.438264"/>
		<Vendor Name="Sunwalker Iopi" Entry="43013" Type="Train" TrainClass="Paladin" X="-2309.479" Y="-454.5504" Z="-5.437931"/>
		<Vendor Name="Seer Alsoomse" Entry="43015" Type="Train" TrainClass="Priest" X="-2301.691" Y="-452.6441" Z="-5.43838"/>
		<Vendor Name="Narm Skychaser" Entry="3066" Type="Train" TrainClass="Shaman" X="-2298.96" Y="-437.7421" Z="-5.438328"/>
		<Vendor Name="Krang Stonehoof" Entry="3063" Type="Train" TrainClass="Warrior" X="-2347.98" Y="-495.9203" Z="-9.047494"/>
		<Vendor Name="Yaw Sharpmane" Entry="3065" Type="Train" TrainClass="Hunter" X="-2180.222" Y="-408.8162" Z="-4.601451"/>

	</Vendors>

	<QuestOrder>
		<Checkpoint Level="1"/>
		<PickUp QuestName="The First Step" QuestId="14449" GiverName="Chief Hawkwind" GiverId="2981"/>
		<TurnIn QuestName="The First Step" QuestId="14449" TurnInName="Grull Hawkwind" TurnInId="2980" X="-3014.514" Y="-458.646" Z="45.41115"/>
		<PickUp QuestName="Rite of Strength" QuestId="14452" GiverName="Grull Hawkwind" GiverId="2980"/>
		<Objective QuestName="Rite of Strength" QuestId="14452" Type="KillMob" MobId="2952" KillCount="6"/>
		<TurnIn QuestName="Rite of Strength" QuestId="14452" TurnInName="Grull Hawkwind" TurnInId="2980"/>
		<PickUp QuestName="Our Tribe, Imprisoned" QuestId="24852" GiverName="Grull Hawkwind" GiverId="2980"/>
		<Objective QuestName="Our Tribe, Imprisoned" QuestId="24852" Type="UseObject" ObjectId="202112" UseCount="4"/>
		<TurnIn QuestName="Our Tribe, Imprisoned" QuestId="24852" TurnInName="Grull Hawkwind" TurnInId="2980"/>
		<PickUp QuestName="Go to Adana" QuestId="14458" GiverName="Grull Hawkwind" GiverId="2980"/>
		<TurnIn QuestName="Go to Adana" QuestId="14458" TurnInName="Adana Thunderhorn" TurnInId="36694"/>
		<PickUp QuestName="Rite of Courage" QuestId="14456" GiverName="Adana Thunderhorn" GiverId="36694"/>
		<PickUp QuestName="Stop the Thorncallers" QuestId="14455" GiverName="Adana Thunderhorn" GiverId="36694"/>
		<Objective QuestName="Rite of Courage" QuestId="14456" Type="CollectItem" ItemId="49535" CollectCount="7"/>
		<Objective QuestName="Stop the Thorncallers" QuestId="14455" Type="KillMob" MobId="36697" KillCount="7"/>
		<TurnIn QuestName="Rite of Courage" QuestId="14456" TurnInName="Adana Thunderhorn" TurnInId="36694"/>
		<TurnIn QuestName="Stop the Thorncallers" QuestId="14455" TurnInName="Adana Thunderhorn" TurnInId="36694"/>
		<PickUp QuestName="The Battleboars" QuestId="14459" GiverName="Adana Thunderhorn" GiverId="36694"/>
		<PickUp QuestName="Feed of Evil" QuestId="14461" GiverName="Adana Thunderhorn" GiverId="36694"/>
			<Objective QuestName="The Battleboars" QuestId="14459" Type="KillMob" MobId="36696" KillCount="10"/>
			<While Condition="((HasQuest(14461)) &amp;&amp; (!IsQuestCompleted(14461)))" >
				<UseItem ItemId="49539" QuestName="Feed of Evil" QuestId="14461" X="-3403.738" Y="-263.37" Z="61.57568"/>
				<UseItem ItemId="49539" QuestName="Feed of Evil" QuestId="14461" X="-3390.317" Y="-214.45" Z="61.61227"/>
				<UseItem ItemId="49539" QuestName="Feed of Evil" QuestId="14461" X="-3361.514" Y="-232.2879" Z="61.43986"/>
				<CustomBehavior File="WaitTimer" WaitTime="3000" GoalText="Waiting for quest to complete {TimeRemaining}" />
			</While>
		<TurnIn QuestName="Feed of Evil" QuestId="14461" TurnInName="Adana Thunderhorn" TurnInId="36694"/>
		<TurnIn QuestName="The Battleboars" QuestId="14459" TurnInName="Adana Thunderhorn" TurnInId="36694"/>
		<SetGrindArea>
			<GrindArea>
				<TargetMinLevel>3</TargetMinLevel>
				<TargetMaxLevel>4</TargetMaxLevel>
				<Factions>189</Factions>
				<Hotspots>
					<Hotspot X="-3388.652" Y="-246.1638" Z="61.07526"/>
				</Hotspots>
			</GrindArea>
		</SetGrindArea>
		<GrindTo Level="5"/>
		<Checkpoint Level="5"/>
		<PickUp QuestName="Rite of Honor" QuestId="14460" GiverName="Adana Thunderhorn" GiverId="36694"/>
		<Objective QuestName="Rite of Honor" QuestId="14460" Type="CollectItem" ItemId="50473" CollectCount="1"/>
		<TurnIn QuestName="Rite of Honor" QuestId="14460" TurnInName="Chief Hawkwind" TurnInId="2981"/>
		<PickUp QuestName="Last Rites, First Rites" QuestId="24861" GiverName="Chief Hawkwind" GiverId="2981"/>
		<UseItem ItemId="50465" QuestName="Last Rites, First Rites" QuestId="24861" X="-2909.244" Y="-257.8629" Z="59.66893"/>
		<TurnIn QuestName="Last Rites, First Rites" QuestId="24861" TurnInName="Chief Hawkwind" TurnInId="2981"/>
		<PickUp QuestName="Rites of the Earthmother" QuestId="23733" GiverName="Chief Hawkwind" GiverId="2981"/>
		<TurnIn QuestName="Rites of the Earthmother" QuestId="23733" TurnInName="Dyami Windsoar" TurnInId="36803"/>
		<PickUp QuestName="Sharing the Land" QuestId="14438" GiverName="Ahmo Thunderhorn" GiverId="36644" X="-2335.828" Y="-395.3137" Z="-8.101122"/>
		<PickUp QuestName="Poison Water" QuestId="20440" GiverName="Mull Thunderhorn" GiverId="2948"/>
		<PickUp QuestName="Swoop Hunting" QuestId="761" GiverName="Harken Windtotem" GiverId="2947"/>
		<Objective QuestName="Sharing the Land" QuestId="14438" Type="KillMob" MobId="42354" KillCount="15"/>
		<Objective QuestName="Swoop Hunting" QuestId="761" Type="CollectItem" ItemId="4769" CollectCount="8"/>
		<Objective QuestName="Poison Water" QuestId="20440" Type="CollectItem" ItemId="4758" CollectCount="6"/>
		<Objective QuestName="Poison Water" QuestId="20440" Type="CollectItem" ItemId="4759" CollectCount="4"/>
		<TurnIn QuestName="Sharing the Land" QuestId="14438" TurnInName="Ahmo Thunderhorn" TurnInId="36644"/>
		<PickUp QuestName="Morin Cloudstalker" QuestId="24459" GiverName="Ahmo Thunderhorn" GiverId="36644"/>
		<TurnIn QuestName="Poison Water" QuestId="20440" TurnInName="Mull Thunderhorn" TurnInId="2948"/>
		<TurnIn QuestName="Swoop Hunting" QuestId="761" TurnInName="Harken Windtotem" TurnInId="2947"/>
		<PickUp QuestName="Dangers of the Windfury" QuestId="743" GiverName="Ruul Eagletalon" GiverId="2985"/>
		<TurnIn QuestName="Morin Cloudstalker" QuestId="24459" TurnInName="Morin Cloudstalker" TurnInId="2988"/>
		<PickUp QuestName="The Ravaged Caravan" QuestId="749" GiverName="Morin Cloudstalker" GiverId="2988"/>
		<Objective QuestName="Dangers of the Windfury" QuestId="743" Type="CollectItem" ItemId="4751" CollectCount="8"/>
		<TurnIn QuestName="Dangers of the Windfury" QuestId="743" TurnInName="Ruul Eagletalon" TurnInId="2985"/>
		<TurnIn QuestName="The Ravaged Caravan" QuestId="749" TurnInName="Sealed Supply Crate" TurnInId="2908" TurnInType="Object" X="-1925.59" Y="-714.9623" Z="3.655127"/>
		<PickUp QuestName="The Ravaged Caravan" QuestId="751" GiverName="Sealed Supply Crate" GiverId="2908" GiverType="Object" X="-1925.59" Y="-714.9623" Z="3.655127"/>
		<TurnIn QuestName="The Ravaged Caravan" QuestId="751" TurnInName="Morin Cloudstalker" TurnInId="2988"/>
		<PickUp QuestName="The Venture Co." QuestId="26179" GiverName="Morin Cloudstalker" GiverId="2988"/>
		<Objective QuestName="The Venture Co." QuestId="26179" Type="KillMob" MobId="2978" KillCount="7"/>
		<TurnIn QuestName="The Venture Co." QuestId="26179" TurnInName="Morin Cloudstalker" TurnInId="2988"/>
		<PickUp QuestName="A Bundle of Hides" QuestId="6361" GiverName="Varg Windwhisper" GiverId="3079"/>
		<TurnIn QuestName="A Bundle of Hides" QuestId="6361" TurnInName="Tak" TurnInId="40809"/>
		<PickUp QuestName="Mazzranache" QuestId="26188" GiverName="Maur Raincaller" GiverId="3055"/>
		<Objective QuestName="Mazzranache" QuestId="26188" Type="CollectItem" ItemId="4805" CollectCount="1"/>
		<TurnIn QuestName="Mazzranache" QuestId="26188" TurnInName="Maur Raincaller" TurnInId="3055"/>
		<PickUp QuestName="Winterhoof Cleansing" GiverName="Mull Thunderhorn" QuestId="24440" GiverId="2948" />
		<UseItem ItemId="5411" QuestName="Winterhoof Cleansing" QuestId="24440" X="-2544.209" Y="-705.9008" Z="-8.935947"/>
		<If Condition="HasQuest(24440)">
				<CustomBehavior File="WaitTimer" WaitTime="3000"/>
		</If>
		<TurnIn QuestName="Winterhoof Cleansing" TurnInName="Mull Thunderhorn" QuestId="24440" TurnInId="2948" />
		<PickUp QuestName="Thunderhorn Totem" GiverName="Mull Thunderhorn" QuestId="24441" GiverId="2948" />
		 <Objective QuestName="Thunderhorn Totem" QuestId="24441" Type="Collect" CollectCount="6" ItemId="4801" />
		<Objective QuestName="Thunderhorn Totem" QuestId="24441" Type="Collect" CollectCount="6" ItemId="4802" />
		 <TurnIn QuestName="Thunderhorn Totem" TurnInName="Mull Thunderhorn" QuestId="24441" TurnInId="2948" />
		  <PickUp QuestName="Thunderhorn Cleansing" GiverName="Mull Thunderhorn" QuestId="24456" GiverId="2948" />
		 <PickUp QuestName="Thunderhorn Cleansing" GiverName="Mull Thunderhorn" QuestId="24456" GiverId="2948" />
		<UseItem ItemId="5415" QuestName="Thunderhorn Cleansing" QuestId="24456" X="-1828.859" Y="-242.775" Z="-9.424681"/>
		<If Condition="HasQuest(24456)">
				<CustomBehavior File="WaitTimer" WaitTime="3000"/>
		</If>
		<TurnIn QuestName="Thunderhorn Cleansing" TurnInName="Mull Thunderhorn" QuestId="24456" TurnInId="2948" />
		<PickUp QuestName="Rite of Vision" GiverName="Mull Thunderhorn" QuestId="24457" GiverId="2948" />
		<TurnIn QuestName="Rite of Vision" TurnInName="Zarlman Two-Moons" QuestId="24457" TurnInId="3054" />
		<PickUp QuestName="Rite of Vision" GiverName="Zarlman Two-Moons" QuestId="20441" GiverId="3054" />
		<UseItem ItemId="49651" QuestName="Rite of Vision" QuestId="20441" X="-2244.57" Y="-398.0846" Z="-9.424719" />
		<TurnIn QuestName="Rite of Vision" TurnInName="Una Wildmane" QuestId="20441" TurnInId="37024" />
		<SetGrindArea>
			<GrindArea>
				<TargetMinLevel>6</TargetMinLevel>
				<TargetMaxLevel>9</TargetMaxLevel>
				<Factions>47 189 73 38</Factions>
				<Hotspots>
					<Hotspot X="-997.3273" Y="-962.3419" Z="5.945526" />
					<Hotspot X="-965.4878" Y="-604.9807" Z="-58.73068" />
					<Hotspot X="-1241.227" Y="-697.0361" Z="-53.95591" />
					<Hotspot X="-1181.474" Y="-959.5591" Z="-0.952407" />
				</Hotspots>
			</GrindArea>
		</SetGrindArea>
		<GrindTo Level="10"/>	
		<CustomBehavior File="LoadProfile" ProfileName="..\1-68 Horde Questing" /> 
	</QuestOrder>
	<!--Tauren Quest Overrrides-->
	<Quest Id="26179" Name="The Venture Co.">
		<Objective Type="KillMob" MobId="2978" KillCount="7">
			<Hotspots>
				<Hotspot X="-1953.439" Y="-1005.805" Z="31.89158"/>
				<Hotspot X="-1910.015" Y="-989.0756" Z="46.44513"/>
				<Hotspot X="-1928.834" Y="-1119.344" Z="76.70527"/>
			</Hotspots>
		</Objective>
	</Quest>
	<Quest Id="26180" Name="Supervisor Fizsprocket">
		<Objective Type="CollectItem" ItemId="4819" CollectCount="1">
			<CollectFrom>
				<Mob Name="Supervisor Fizsprocket" Id="3051"/>
			</CollectFrom>
			<Hotspots>
				<Hotspot X="-1871.552" Y="-1119.748" Z="96.68433"/>
			</Hotspots>
		</Objective>
	</Quest>
	<Quest Id="761" Name="Swoop Hunting">
		<Objective Type="CollectItem" ItemId="4769" CollectCount="8">
			<CollectFrom>
				<Mob Name="Swoop" Id="2970"/>
			</CollectFrom>
			<Hotspots>
				<Hotspot X="-2413.254" Y="-677.5309" Z="-4.478985"/>
				<Hotspot X="-2449.91" Y="-658.3047" Z="-4.430669"/>
				<Hotspot X="-2517.941" Y="-564.2294" Z="-7.720027"/>
				<Hotspot X="-2600.191" Y="-540.9617" Z="-6.265002"/>
				<Hotspot X="-2647.118" Y="-555.3084" Z="-3.50658"/>
				<Hotspot X="-2646.238" Y="-635.8493" Z="-2.7524"/>
			</Hotspots>
		</Objective>
	</Quest>
	<Quest Id="20440" Name="Poison Water">
		<Objective Type="CollectItem" ItemId="4758" CollectCount="6">
			<CollectFrom>
				<Mob Name="Prairie Wolf" Id="2958"/>
			</CollectFrom>
			<Hotspots>
				<Hotspot X="-2413.254" Y="-677.5309" Z="-4.478985"/>
				<Hotspot X="-2449.91" Y="-658.3047" Z="-4.430669"/>
				<Hotspot X="-2517.941" Y="-564.2294" Z="-7.720027"/>
				<Hotspot X="-2600.191" Y="-540.9617" Z="-6.265002"/>
				<Hotspot X="-2647.118" Y="-555.3084" Z="-3.50658"/>
				<Hotspot X="-2646.238" Y="-635.8493" Z="-2.7524"/>
			</Hotspots>
		</Objective>
		<Objective Type="CollectItem" ItemId="4759" CollectCount="4">
			<CollectFrom>
				<Mob Name="Adult Plainstrider" Id="2956"/>
			</CollectFrom>
			<Hotspots>
				<Hotspot X="-2413.254" Y="-677.5309" Z="-4.478985"/>
				<Hotspot X="-2449.91" Y="-658.3047" Z="-4.430669"/>
				<Hotspot X="-2517.941" Y="-564.2294" Z="-7.720027"/>
				<Hotspot X="-2600.191" Y="-540.9617" Z="-6.265002"/>
				<Hotspot X="-2647.118" Y="-555.3084" Z="-3.50658"/>
				<Hotspot X="-2646.238" Y="-635.8493" Z="-2.7524"/>
			</Hotspots>
		</Objective>
	</Quest>
	<Quest Id="14438" Name="Sharing the Land">
		<Objective Type="KillMob" MobId="42354" KillCount="15">
			<Hotspots>
				<Hotspot X="-2724.365" Y="-702.8871" Z="-2.425765"/>
				<Hotspot X="-2721.662" Y="-812.384" Z="-0.8759199"/>
			</Hotspots>
		</Objective>
	</Quest>
	<Quest Id="14459" Name="The Battleboars">
		<Objective Type="KillMob" MobId="36696" KillCount="10">
			<Hotspots>
				<Hotspot X="-3388.652" Y="-246.1638" Z="61.07526"/>
			</Hotspots>
		</Objective>
	</Quest>
	<Quest Id="14456" Name="Rite of Courage">
		<Objective Type="CollectItem" ItemId="49535" CollectCount="7">
			<CollectFrom>
				<Mob Name="Bristleback Gun Thief" Id="36708"/>
			</CollectFrom>
			<Hotspots>
				<Hotspot X="-3280.122" Y="-441.867" Z="45.49006"/>
				<Hotspot X="-3336.377" Y="-455.0141" Z="50.75204"/>
				<Hotspot X="-3376.593" Y="-427.42" Z="66.57806"/>
			</Hotspots>
		</Objective>
	</Quest>
	<Quest Id="14455" Name="Stop the Thorncallers">
		<Objective Type="KillMob" MobId="36697" KillCount="7">
			<Hotspots>
				<Hotspot X="-3280.122" Y="-441.867" Z="45.49006"/>
				<Hotspot X="-3336.377" Y="-455.0141" Z="50.75204"/>
				<Hotspot X="-3376.593" Y="-427.42" Z="66.57806"/>
			</Hotspots>
		</Objective>
	</Quest>
	<Quest Id="14452" Name="Rite of Strength">
		<Objective Type="KillMob" MobId="36943" KillCount="6">
			<Hotspots>
				<Hotspot X="-2964.717" Y="-506.9811" Z="50.15508"/>
				<Hotspot X="-2996.972" Y="-549.4913" Z="46.1837"/>
			</Hotspots>
		</Objective>
	</Quest>
	<Quest Id="24852" Name="Our Tribe, Imprisoned">
		<Objective Type="UseObject" ObjectId="202112" UseCount="4">
			<Hotspots>
				<Hotspot X="-3084.156" Y="-629.6473" Z="40.72005"/>
				<Hotspot X="-3161.441" Y="-565.354" Z="38.51864"/>
				<Hotspot X="-3181.976" Y="-514.2894" Z="40.95074"/>
				<Hotspot X="-3000.53" Y="-631.3348" Z="41.19854"/>
			</Hotspots>
		</Objective>
	</Quest>
</HBProfile>