<HBProfile>
	<Name>Horde 1-10 BloodElf SubProfile</Name>
	<MinDurability>0.4</MinDurability>
	<MinFreeBagSlots>3</MinFreeBagSlots>
	<MinLevel>1</MinLevel>
	<MaxLevel>86</MaxLevel>
	<MailGrey>False</MailGrey>
	<MailWhite>False</MailWhite>
	<MailGreen>True</MailGreen>
	<SellGrey>True</SellGrey>
	<SellWhite>True</SellWhite>
	<SellGreen>True</SellGreen>
	<SellBlue>False</SellBlue>
	<SellPurple>False</SellPurple>
	<AvoidMobs>
		<Mob Name="Training Dummy" Entry="44794"/><!--Blood Elf Training Dummy-->
	</AvoidMobs>
	<Mailboxes>
<!--Sunstrider Isle Mailbox-->
		<Mailbox X="10353.51" Y="-6368.346" Z="35.71226"/>
<!--Ruins of Silvermoon Mailbox-->
		<Mailbox X="9500.1" Y="-6840.219" Z="16.49203"/>
<!--Fairbreeze Village Mailbox-->
		<Mailbox X="8721.254" Y="-6666.695" Z="70.27271"/>		
	</Mailboxes>

	<Vendors>
<!--Farstrider Retreat-->
		<Vendor Name="Zalene Firstlight" Type="Food" Entry="16443" X="8990.876" Y="-7462.583" Z="86.68631"/>
		<Vendor Name="Areyn" Type="Repair" Entry="16260" X="8980.713" Y="-7411.196" Z="89.40303"/>
<!--Fairbreeze Village-->
		<Vendor Name="Marniel Amberlight" Entry="15397" Type="Food" X="8700.384" Y="-6638.356" Z="72.7468"/>
		<Vendor Name="Sathiel" Entry="16261" Type="Repair" X="8692.212" Y="-6639.568" Z="72.7468"/>
<!--Sunstrider Isle Vendors-->
		<Vendor Name="Shara Sunwing" Type="Food" Entry="15287" X="10374.12" Y="-6391.749" Z="38.53321"/>
		<Vendor Name="Jainthess Thelryn" Type="Repair" Entry="15291" X="10416.79" Y="-6316.604" Z="35.57223"/>
<!--Sunstrider Isle Trainers-->
		<Vendor Name="Summoner Teli'Larien" Type="Train" TrainClass="Warlock" Entry="15283" X="10337.57" Y="-6405.026" Z="38.53403"/>
		<Vendor Name="Julia Sunstriker" Type="Train" TrainClass="Mage" Entry="15279" X="10337.19" Y="-6419.446" Z="38.533"/>
		<Vendor Name="Matron Arena" Type="Train" TrainClass="Priest" Entry="15284" X="10372.4" Y="-6428.843" Z="38.53291"/>
		<Vendor Name="Jesthenis Sunstriker" Type="Train" TrainClass="Paladin" Entry="15280" X="10366.67" Y="-6431.529" Z="38.5341"/>
		<Vendor Name="Delios Silverblade" Type="Train" TrainClass="Warrior" Entry="43010" X="10381.3" Y="-6422.5" Z="38.53276"/>
		<Vendor Name="Pathstalker Kariel" Type="Train" TrainClass="Rogue" Entry="15285" X="10384.53" Y="-6404.986" Z="38.53375"/>
		<Vendor Name="Ranger Sallina" Type="Train" TrainClass="Hunter" Entry="15513" X="10384.72" Y="-6410.674" Z="38.53271"/>
<!--Ruins of Silvermoon Vendors-->
		<Vendor Name="Kyrenna" Type="Food" Entry="18929" X="9552.018" Y="-6825.113" Z="16.49371"/>
		<Vendor Name="Sleyin" Type="Repair" Entry="18926" X="9482.344" Y="-6805.512" Z="16.49449"/>
<!--Ruins of Silvermoon Trainers-->
		<Vendor Name="Celoenus" Type="Train" TrainClass="Warlock" Entry="16266" X="9467.632" Y="-6862.825" Z="28.33208"/>
		<Vendor Name="Garridel" Type="Train" TrainClass="Mage" Entry="16269" X="9462.238" Y="-6853.449" Z="28.3786"/>
		<Vendor Name="Ponaris" Type="Train" TrainClass="Priest" Entry="16276" X="9466.62" Y="-6844.234" Z="28.37831"/>
		<Vendor Name="Noellene" Type="Train" TrainClass="Paladin" Entry="16275" X="9516.046" Y="-6870.964" Z="18.75058"/>
		<Vendor Name="Lothan Silverblade" Entry="43012" Type="Train" TrainClass="Warrior" X="9521.21" Y="-6865.33" Z="18.75"/>
		<Vendor Name="Tannaria" Type="Train" TrainClass="Rogue" Entry="16279" X="9534.146" Y="-6875.998" Z="26.15075"/>
		<Vendor Name="Hannovia" Type="Train" TrainClass="Hunter" Entry="16270" X="9529.209" Y="-6864.578" Z="18.74909"/>
<!--Silvermoon Vendors-->
		<Vendor Name="Innkeeper Jovia" Entry="17630" Type="Food" X="9565.677" Y="-7222.801" Z="16.21334"/>
		<Vendor Name="Zathanna" Entry="16636" Type="Repair" X="9629.071" Y="-7240.864" Z="15.24548"/>
<!--Silvermoon Trainers-->
		<Vendor Name="Talionia" Entry="16647" Type="Train" TrainClass="Warlock" X="9773.275" Y="-7301.98" Z="14.6676"/>
		<Vendor Name="Zaedana" Entry="16651" Type="Train" TrainClass="Mage" X="10001.53" Y="-7093.241" Z="47.70744"/>
		<Vendor Name="Lotheolan" Entry="16659" Type="Train" TrainClass="Priest" X="9937.808" Y="-7071.593" Z="47.71674"/>
		<Vendor Name="Champion Bachi" Entry="16681" Type="Train" TrainClass="Paladin" X="9850.974" Y="-7517.683" Z="19.73597"/>
		<Vendor Name="Beldis" Entry="44129" Type="Train" TrainClass="Warrior" X="9844.25" Y="-7383.62" Z="18.61278"/>
		<Vendor Name="Nerisen" Entry="16686" Type="Train" TrainClass="Rogue" X="9745.938" Y="-7363.866" Z="24.33784"/>
		<Vendor Name="Tana" Entry="16672" Type="Train" TrainClass="Hunter" X="9943.191" Y="-7398.918" Z="12.3814"/>
	</Vendors>

	<QuestOrder>
		<Checkpoint Level="1"/>
		<PickUp QuestName="Reclaiming Sunstrider Isle" QuestId="8325" GiverId="15278" GiverName="Magistrix Erona"/>
		<Objective QuestName="Reclaiming Sunstrider Isle" QuestId="8325" Type="KillMob" Name="Mana Wyrm" MobId="15274" KillCount="8"/>
		<TurnIn QuestName="Reclaiming Sunstrider Isle" QuestId="8325" TurnInId="15278" TurnInName="Magistrix Erona"/>
		<PickUp QuestName="Unfortunate Measures" QuestId="8326" GiverId="15278" GiverName="Magistrix Erona"/>
		<PickUp QuestName="Solanian's Belongings" QuestId="8330" GiverId="15295" GiverName="Well Watcher Solanian"/>
		<PickUp QuestName="The Shrine of Dath'Remar" QuestId="8345" GiverId="15295" GiverName="Well Watcher Solanian"/>
		<PickUp QuestName="A Fistful of Slivers" QuestId="8336" GiverId="15296" GiverName="Arcanist Ithanas"/>
		<Objective QuestName="A Fistful of Slivers" QuestId="8336" Type="CollectItem" Name="Arcane Sliver" ItemId="20482" CollectCount="6"/>
		<Objective QuestName="Solanian's Belongings" QuestId="8330" Type="CollectItem" Name="Solanian's Journal" ItemId="20472" CollectCount="1"/><!--Need to add middle strip hotspots for Unfortunate Measures, so it doesn't move all over the place-->
		<Objective QuestName="Unfortunate Measures" QuestId="8326" Type="CollectItem" Name="Lynx Collar" ItemId="20797" CollectCount="8"/>
		<Objective QuestName="Solanian's Belongings" QuestId="8330" Type="CollectItem" Name="Scroll of Scourge Magic" ItemId="20471" CollectCount="1"/>
		<Objective QuestName="The Shrine of Dath'Remar" QuestId="8345" Type="UseObject" Name="Shrine of Dath'Remar Read" ObjectId="180516" UseCount="1"/>
		<Objective QuestName="Solanian's Belongings" QuestId="8330" Type="CollectItem" Name="Solanian's Scrying Orb" ItemId="20470" CollectCount="1"/>
		<TurnIn QuestName="Unfortunate Measures" QuestId="8326" TurnInId="15278" TurnInName="Magistrix Erona"/>
		<PickUp QuestName="Report to Lanthan Perilon" QuestId="8327" GiverId="15278" GiverName="Magistrix Erona"/>
		<TurnIn QuestName="Solanian's Belongings" QuestId="8330" TurnInId="15295" TurnInName="Well Watcher Solanian"/>
		<TurnIn QuestName="The Shrine of Dath'Remar" QuestId="8345" TurnInId="15295" TurnInName="Well Watcher Solanian"/>
		<TurnIn QuestName="A Fistful of Slivers" QuestId="8336" TurnInId="15296" TurnInName="Arcanist Ithanas"/>
		<TurnIn QuestName="Report to Lanthan Perilon" QuestId="8327" TurnInId="15281" TurnInName="Lanthan Perilon"/>
		<PickUp QuestName="Aggression" QuestId="8334" GiverId="15281" GiverName="Lanthan Perilon"/>
		<Objective QuestName="Aggression" QuestId="8334" Type="KillMob" Name="Tender" MobId="15271" KillCount="7"/>
		<Objective QuestName="Aggression" QuestId="8334" Type="KillMob" Name="Feral Tender" MobId="15294" KillCount="7"/>
		<TurnIn QuestName="Aggression" QuestId="8334" TurnInId="15281" TurnInName="Lanthan Perilon"/>
		<PickUp QuestName="Felendren the Banished" QuestId="8335" GiverId="15281" GiverName="Lanthan Perilon"/>
		<Objective QuestName="Felendren the Banished" QuestId="8335" Type="CollectItem" Name="Felendren's Head" ItemId="20799" CollectCount="1" X="10130.96" Y="-5994.089" Z="110.1553"/>
		<Objective QuestName="Felendren the Banished" QuestId="8335" Type="KillMob" Name="Arcane Wraith" MobId="15273" KillCount="8"/>
		<Objective QuestName="Felendren the Banished" QuestId="8335" Type="KillMob" Name="Tainted Arcane Wraith" MobId="15298" KillCount="2"/>
		<TurnIn QuestName="Felendren the Banished" QuestId="8335" TurnInId="15281" TurnInName="Lanthan Perilon"/>
		<SetGrindArea>
			<GrindArea>
				<Name>Grind to Level 5</Name>
				<Factions>7</Factions>
				<TargetMinLevel>2</TargetMinLevel>
				<TargetMaxLevel>4</TargetMaxLevel>
				<RandomizeHotspots>true</RandomizeHotspots>
				<Hotspots>
					<Hotspot X="10312.93" Y="-6080.145" Z="25.94703"/>
					<Hotspot X="10249.44" Y="-6128.317" Z="20.23184"/>
					<Hotspot X="10220.04" Y="-6113.39" Z="18.66667"/>
					<Hotspot X="10219.51" Y="-6062.673" Z="10.74884"/>
					<Hotspot X="10249.28" Y="-6006.779" Z="17.70463"/>
					<Hotspot X="10282.13" Y="-6008.477" Z="28.24201"/>
				</Hotspots>
			</GrindArea>
		</SetGrindArea>
		<GrindTo Level="5"/>
		<Checkpoint Level="5"/>
		<PickUp QuestName="Aiding the Outrunners" QuestId="8347" GiverId="15281" GiverName="Lanthan Perilon"/>
		<TurnIn QuestName="Aiding the Outrunners" QuestId="8347" TurnInId="15301" TurnInName="Outrunner Alarion"/><!--Wondering if it needs the XYZ of the Outrunner-->
		<PickUp QuestName="Slain by the Wretched" QuestId="9704" GiverId="15301" GiverName="Outrunner Alarion" X="9984.044" Y="-6478.019" Z="0.997164"/>
		<TurnIn QuestName="Slain by the Wretched" QuestId="9704" TurnInId="17849" TurnInName="Slain Outrunner"/>
		<PickUp QuestName="Package Recovery" QuestId="9705" GiverId="17849" GiverName="Slain Outrunner"/>
		<TurnIn QuestName="Package Recovery" QuestId="9705" TurnInId="15301" TurnInName="Outrunner Alarion"/>
		<PickUp QuestName="Completing the Delivery" QuestId="8350" GiverId="15301" GiverName="Outrunner Alarion"/>
		<PickUp QuestName="Major Malfunction" QuestId="8472" GiverId="15418" GiverName="Magister Jaronis"/>
		<TurnIn QuestName="Completing the Delivery" QuestId="8350" TurnInId="15433" TurnInName="Innkeeper Delaniel"/>
		<PickUp QuestName="Unstable Mana Crystals" QuestId="8463" GiverId="15403" GiverName="Aeldon Sunbrand"/>
		<PickUp QuestName="Wanted: Thaelis the Hungerer" QuestId="8468" GiverId="180918" GiverName="Wanted: Thaelis the Hungerer" X="9521.221" Y="-6858.595" Z="18.58543"/>
		<Objective QuestName="Wanted: Thaelis the Hungerer" QuestId="8468" Type="CollectItem" Name="Thaelis's Head" ItemId="21781" CollectCount="1"/>
		<Objective QuestName="Major Malfunction" QuestId="8472" Type="CollectItem" Name="Arcane Core" ItemId="21808" CollectCount="6"/>
		<Objective QuestName="Unstable Mana Crystals" QuestId="8463" Type="CollectItem" Name="Unstable Mana Crystal" ItemId="20743" CollectCount="6"/>
		<TurnIn QuestName="Wanted: Thaelis the Hungerer" QuestId="8468" TurnInId="16924" TurnInName="Sergeant Kan'ren"/>
		<TurnIn QuestName="Unstable Mana Crystals" QuestId="8463" TurnInId="15403" TurnInName="Aeldon Sunbrand"/>
		<PickUp QuestName="Darnassian Intrusions" QuestId="9352" GiverId="15403" GiverName="Aeldon Sunbrand"/>
		<TurnIn QuestName="Major Malfunction" QuestId="8472" TurnInId="15418" TurnInName="Magister Jaronis"/>
		<PickUp QuestName="Delivery to the North Sanctum" QuestId="8895" GiverId="15418" GiverName="Magister Jaronis"/>
		<TurnIn QuestName="Delivery to the North Sanctum" QuestId="8895" TurnInId="15405" TurnInName="Ley-Keeper Caidanis"/>
		<PickUp QuestName="Malfunction at the West Sanctum" QuestId="9119" GiverId="15405" GiverName="Ley-Keeper Caidanis"/>
		<PickUp QuestName="Roadside Ambush" QuestId="9035" GiverId="15941" GiverName="Apprentice Ralen"/>
		<TurnIn QuestName="Roadside Ambush" QuestId="9035" TurnInId="15945" TurnInName="Apprentice Meledor"/>
		<PickUp QuestName="Soaked Pages" QuestId="9062" GiverId="15945" GiverName="Apprentice Meledor"/>
		<Objective QuestName="Soaked Pages" QuestId="9062" Type="CollectItem" Name="Antheol's Elemental Grimoire" ItemId="22414" CollectCount="1"/>
		<TurnIn QuestName="Soaked Pages" QuestId="9062" TurnInId="15945" TurnInName="Apprentice Meledor"/>
		<PickUp QuestName="Taking the Fall" QuestId="9064" GiverId="15945" GiverName="Apprentice Meledor"/>
		<TurnIn QuestName="Malfunction at the West Sanctum" QuestId="9119" TurnInId="15401" TurnInName="Ley-Keeper Velania"/>
		<PickUp QuestName="Arcane Instability" QuestId="8486" GiverId="15401" GiverName="Ley-Keeper Velania"/>
		<Objective QuestName="Arcane Instability" QuestId="8486" Type="KillMob" Name="Mana Stalker" MobId="15647" KillCount="5"/>
		<Objective QuestName="Arcane Instability" QuestId="8486" Type="KillMob" Name="Manawraith" MobId="15648" KillCount="5"/>
		<Objective QuestName="Darnassian Intrusions" QuestId="9352" Type="KillMob" Name="Darnassian Scout" MobId="15968" KillCount="1"/>
		<TurnIn QuestName="Darnassian Intrusions" QuestId="9352" TurnInId="15401" TurnInName="Ley-Keeper Velania"/>
		<TurnIn QuestName="Arcane Instability" QuestId="8486" TurnInId="15401" TurnInName="Ley-Keeper Velania"/>
		<PickUp QuestName="Fish Heads, Fish Heads..." QuestId="8884" GiverId="15920" GiverName="Hathvelion Sungaze"/>
		<Objective QuestName="Fish Heads, Fish Heads..." QuestId="8884" Type="CollectItem" Name="Grimscale Murloc Head" ItemId="21757" CollectCount="8"/>
		<TurnIn QuestName="Fish Heads, Fish Heads..." QuestId="8884" TurnInId="15920" TurnInName="Hathvelion Sungaze"/>
		<PickUp QuestName="The Ring of Mmmrrrggglll" QuestId="8885" GiverId="15920" GiverName="Hathvelion Sungaze"/>
		<PickUp QuestName="The Dead Scar" QuestId="8475" GiverId="15416" GiverName="Ranger Jaela"/>
		<Objective QuestName="The Dead Scar" QuestId="8475" Type="KillMob" Name="Plaguebone Pillager" MobId="15654" KillCount="8"/>
		<TurnIn QuestName="The Dead Scar" QuestId="8475" TurnInId="15416" TurnInName="Ranger Jaela"/>
		<SetGrindArea>
			<GrindArea>
				<Name>Grind to Level 8</Name>
				<Factions>7 21</Factions>
				<TargetMinLevel>5</TargetMinLevel>
				<TargetMaxLevel>7</TargetMaxLevel>
				<RandomizeHotspots>true</RandomizeHotspots>
				<Hotspots>
					<Hotspot X="8682.248" Y="-6969.625" Z="59.90013"/>
					<Hotspot X="8721.754" Y="-7031.527" Z="46.82001"/>
					<Hotspot X="8745.623" Y="-7010.636" Z="45.48866"/>
				</Hotspots>
			</GrindArea>
		</SetGrindArea>
		<GrindTo Level="8"/>
		<TurnIn QuestName="Taking the Fall" QuestId="9064" TurnInId="15970" TurnInName="Instructor Antheol"/>
		<PickUp QuestName="Pelt Collection" QuestId="8491" GiverId="15417" GiverName="Velan Brightoak"/>
		<PickUp QuestName="Saltheril's Haven" QuestId="9395" GiverId="16210" GiverName="Magistrix Landra Dawnstrider"/>
		<PickUp QuestName="The Wayward Apprentice" QuestId="9254" GiverId="16210" GiverName="Magistrix Landra Dawnstrider"/>
		<PickUp QuestName="Ranger Sareyn" QuestId="9358" GiverId="15397" GiverName="Marniel Amberlight"/>
		<PickUp QuestName="The Scorched Grove" QuestId="9258" GiverId="16397" GiverName="Ardeyn Riverwind"/>
		<PickUp QuestName="Goods from Silvermoon City" QuestId="9130" GiverId="16261" GiverName="Sathiel"/>
		<PickUp QuestName="Situation at Sunsail Anchorage" QuestId="8892" GiverId="15939" GiverName="Ranger Degolien"/>
		<TurnIn QuestName="Goods from Silvermoon City" QuestId="9130" TurnInId="44036" TurnInName="Skymaster Brightdawn"/>
		<Objective QuestName="Pelt Collection" QuestId="8491" Type="CollectItem" Name="Springpaw Pelt" ItemId="20772" CollectCount="6"/>
		<TurnIn QuestName="Saltheril's Haven" QuestId="9395" TurnInId="16144" TurnInName="Lord Saltheril"/>
		<PickUp QuestName="Lost Armaments" QuestId="8480" GiverId="15404" GiverName="Velendris Whitemorn"/>
		<PickUp QuestName="Grimscale Pirates!" QuestId="8886" GiverId="15921" GiverName="Captain Kelisendra"/>
		<Objective QuestName="Situation at Sunsail Anchorage" QuestId="8892" Type="KillMob" Name="Wretched Hooligan" MobId="16162" KillCount="8"/>
		<Objective QuestName="Situation at Sunsail Anchorage" QuestId="8892" Type="KillMob" Name="Wretched Thug" MobId="15645" KillCount="5"/>
		<Objective QuestName="Lost Armaments" QuestId="8480" Type="CollectItem" Name="Sin'dorei Armaments" ItemId="22413" CollectCount="8"/>
		<Objective QuestName="Grimscale Pirates!" QuestId="8886" Type="CollectItem" Name="Captain Kelisendra's Cargo" ItemId="21771" CollectCount="6"/>
		<Objective QuestName="The Ring of Mmmrrrggglll" QuestId="8885" Type="CollectItem" Name="Ring of Mmmrrrggglll" ItemId="21770" CollectCount="1"/>
		<TurnIn QuestName="The Ring of Mmmrrrggglll" QuestId="8885" TurnInId="15920" TurnInName="Hathvelion Sungaze"/>
		<TurnIn QuestName="Situation at Sunsail Anchorage" QuestId="8892" TurnInId="15939" TurnInName="Ranger Degolien"/>
		<PickUp QuestName="Farstrider Retreat" QuestId="9359" GiverId="15939" GiverName="Ranger Degolien"/>
		<TurnIn QuestName="Pelt Collection" QuestId="8491" TurnInId="15417" TurnInName="Velan Brightoak"/>
		<TurnIn QuestName="Lost Armaments" QuestId="8480" TurnInId="15404" TurnInName="Velendris Whitemorn"/>
		<PickUp QuestName="Wretched Ringleader" QuestId="9076" GiverId="15404" GiverName="Velendris Whitemorn"/>
		<TurnIn QuestName="Grimscale Pirates!" QuestId="8886" TurnInId="15921" TurnInName="Captain Kelisendra"/>
		<Objective QuestName="Wretched Ringleader" QuestId="9076" Type="CollectItem" Name="Aldaron's Head" ItemId="22487" CollectCount="1"/>
		<TurnIn QuestName="Wretched Ringleader" QuestId="9076" TurnInId="15404" TurnInName="Velendris Whitemorn"/>
		<TurnIn QuestName="The Scorched Grove" QuestId="9258" TurnInId="15398" TurnInName="Larianna Riverwind"/>
		<PickUp QuestName="A Somber Task" QuestId="8473" GiverId="15398" GiverName="Larianna Riverwind"/>
		<Objective QuestName="A Somber Task" QuestId="8473" Type="KillMob" Name="Withered Green Keeper" MobId="15637" KillCount="10"/>
		<TurnIn QuestName="A Somber Task" QuestId="8473" TurnInId="15398" TurnInName="Larianna Riverwind"/>
		<TurnIn QuestName="Ranger Sareyn" QuestId="9358" TurnInId="15942" TurnIn="Ranger Sareyn"/>
		<TurnIn QuestName="The Wayward Apprentice" QuestId="9254" TurnInId="15402" TurnInName="Apprentice Mirveda"/>
		<TurnIn QuestName="Farstrider Retreat" QuestId="9359" TurnInId="15399" GiverName="Lieutenant Dawnrunner"/>  

		<SetGrindArea>
			<GrindArea>
				<Name>Grind to Level 10</Name>
				<Factions>7 21</Factions>
				<TargetMinLevel>9</TargetMinLevel>
				<TargetMaxLevel>12</TargetMaxLevel>
				<Hotspots>
					<Hotspot X="7987.151" Y="-6878.642" Z="57.73164"/>
					<Hotspot X="7967.71" Y="-6982.036" Z="61.46104"/>
					<Hotspot X="7951.094" Y="-6943.024" Z="67.07879"/>
					<Hotspot X="7866.599" Y="-6920.614" Z="74.99706"/>
					<Hotspot X="7813.751" Y="-6818.66" Z="62.04595"/>
					<Hotspot X="7868.392" Y="-6744.128" Z="41.19333"/>
					<Hotspot X="7923.489" Y="-6783.615" Z="56.2034"/>
					<Hotspot X="7932.029" Y="-6820.195" Z="62.64675"/>
				</Hotspots>
			</GrindArea>
		</SetGrindArea>
		<GrindTo Level="10"/>
		<CustomBehavior File="LoadProfile" ProfileName="..\1-68 Horde Questing" /> 
	</QuestOrder>
	<!-- Quest Overrides -->
	<Quest Id="8479" Name="Zul'Marosh">
		<Objective QuestName="Zul'Marosh" QuestId="8479" Type="CollectItem" Name="Chieftain Zul'Marosh's Head" ItemId="20760" CollectCount="1">
			<Hotspots>
				<Hotspot X="8429.978" Y="-7555.859" Z="174.4593"/>
			</Hotspots>
		</Objective>
	</Quest>
	<Quest Id="9076" Name="Wretched Ringleader">
		<Objective QuestName="Wretched Ringleader" QuestId="9076" Type="CollectItem" Name="Aldaron's Head" ItemId="22487" CollectCount="1">
			<CollectFrom/>
			<Hotspots>
				<Hotspot X="8756.895" Y="-6101.759" Z="73.07583"/>
			</Hotspots>
		</Objective>
	</Quest>
	<Quest Id="8335" Name="Felendren the Banished">
		<Objective QuestName="Felendren the Banished" QuestId="8335" Type="CollectItem" Name="Felendren's Head" ItemId="20799" CollectCount="1">
			<CollectFrom/>
			<Hotspots>
				<Hotspot X="10144.58" Y="-6000.881" Z="110.1547"/>
			</Hotspots>
		</Objective>
	</Quest>
	<Quest Id="8325" Name="Reclaiming Sunstrider Isle">
		<Objective QuestName="Reclaiming Sunstrider Isle" QuestId="8325" Type="KillMob" Name="Mana Wyrm" MobId="15274" KillCount="8">
			<CollectFrom/>
			<Hotspots>
				<Hotspot X="10240.16" Y="-6341.321" Z="30.84126"/>
			</Hotspots>
		</Objective>
	</Quest>
	<Quest Id="8334" Name="Aggression">
		<Objective QuestName="Aggression" QuestId="8334" Type="KillMob" Name="Tender" MobId="15271" KillCount="7">
			<Hotspots>
				<Hotspot X="10241.23" Y="-6128.996" Z="21.03963"/>
				<Hotspot X="10258.9" Y="-6069.61" Z="24.82249"/>
				<Hotspot X="10273.7" Y="-6012.498" Z="26.6564"/>
				<Hotspot X="10309.04" Y="-6002.535" Z="33.47968"/>
				<Hotspot X="10377.22" Y="-6033.536" Z="29.25511"/>
				<Hotspot X="10324.88" Y="-6071.027" Z="25.98827"/>
			</Hotspots>
		</Objective>
		<Objective QuestName="Aggression" QuestId="8334" Type="KillMob" Name="Feral Tender" MobId="15294" KillCount="7">
			<Hotspots>
				<Hotspot X="10241.23" Y="-6128.996" Z="21.03963"/>
				<Hotspot X="10258.9" Y="-6069.61" Z="24.82249"/>
				<Hotspot X="10273.7" Y="-6012.498" Z="26.6564"/>
				<Hotspot X="10309.04" Y="-6002.535" Z="33.47968"/>
				<Hotspot X="10377.22" Y="-6033.536" Z="29.25511"/>
				<Hotspot X="10324.88" Y="-6071.027" Z="25.98827"/>
			</Hotspots>
		</Objective>
	</Quest>
</HBProfile>