<HBProfile>
	<Name>Horde 1-68 Questing</Name>
	<MinDurability>0.4</MinDurability>
	<MinFreeBagSlots>3</MinFreeBagSlots>
	<MinLevel>1</MinLevel>
	<MaxLevel>86</MaxLevel>
	<MailGrey>False</MailGrey>
	<MailWhite>False</MailWhite>
	<MailGreen>True</MailGreen>
	<SellGrey>True</SellGrey>
	<SellWhite>True</SellWhite>
	<SellGreen>True</SellGreen>
	<SellBlue>False</SellBlue>
	<SellPurple>False</SellPurple>
	
	<AvoidMobs>
		<Mob Name="Training Dummy" Entry="44820"/><!--Undead Training Dummy-->
	</AvoidMobs>
	
	<Blackspots>
		<!--Cold Hearth Manor Sign-->
		<Blackspot X="2188.518" Y="661.0852" Z="33.29134" Radius="4.017753"/>	
	</Blackspots>
	
	<Mailboxes>
		<!--Deathknell Mailbox-->
		<Mailbox X="1843.379" Y="1584.786" Z="93.73871"/>
	</Mailboxes>
	
	<Vendors>
	<!--Deathknell Vendors-->
		<Vendor Name="Joshua Kien" Entry="2115" Type="Food" X="1866.022" Y="1574.447" Z="94.31525"/>
		<Vendor Name="Archibald Kava" Entry="2113" Type="Repair" X="1860.848" Y="1568.365" Z="94.31361"/>
	<!--Deathknell Trainers-->
		<Vendor Name="Xavier the Huntsman" Entry="38911" Type="Train" TrainClass="Hunter" X="1861.363" Y="1612.109" Z="95.60777"/>
		<Vendor Name="David Trias" Entry="2122" Type="Train" TrainClass="Rogue" X="1859.652" Y="1563.301" Z="94.30677"/>
		<Vendor Name="Dannal Stern" Entry="2119" Type="Train" TrainClass="Warrior" X="1860.85" Y="1557.41" Z="94.78485"/>
		<Vendor Name="Maximillion" Entry="2126" Type="Train" TrainClass="Warlock" X="1839.03" Y="1636.539" Z="96.93337"/>
		<Vendor Name="Isabella" Entry="2124" Type="Train" TrainClass="Mage" X="1847.386" Y="1635.52" Z="96.93366"/>
		<Vendor Name="Dark Cleric Duesten" Entry="2123" Type="Train" TrainClass="Priest" X="1848.324" Y="1627.631" Z="96.93338"/>
		
	<!--Calston Estate Vendors-->
		<Vendor Name="Franklin Brinklestein" Entry="44034" Type="Food" X="2234.77" Y="1021.9" Z="36.4495"/>
		<Vendor Name="Gordo" Entry="10666" Type="Food" X="2238.43" Y="1001.97" Z="36.58329"/>
	<!--Calston Estate Trainers-->
		<Vendor Name="Dark Cleric Claressa" Entry="48614" Type="Train" TrainClass="Priest" X="2236.35" Y="1009.74" Z="36.79127"/>
		<Vendor Name="Maressa Milner" Entry="48612" Type="Train" TrainClass="Warlock" X="2235.5" Y="1012.34" Z="36.80368"/>
		<Vendor Name="Larah Firesong" Entry="48613" Type="Train" TrainClass="Mage" X="2233.2" Y="1009.78" Z="36.64421"/>
		<Vendor Name="Darna Woad" Entry="48618" Type="Train" TrainClass="Hunter" X="2223.78" Y="1001.81" Z="36.47761"/>
		<Vendor Name="Karla Fain" Entry="48616" Type="Train" TrainClass="Warrior" X="2224.72" Y="998.88" Z="36.5359"/>
		<Vendor Name="Shernon the Footpad" Entry="48615" Type="Train" TrainClass="Rogue" X="2221.5" Y="999.688" Z="36.48019"/>
		<Vendor Name="Ortezza" Entry="38247" Type="Train" TrainClass="Hunter" X="-1125.943" Y="-5508.729" Z="11.95828"/>
		<Vendor Name="Tunari" Entry="38245" Type="Train" TrainClass="Priest" X="-1118.16" Y="-5539.962" Z="11.97764"/>
		<Vendor Name="Voldreka" Entry="42618" Type="Train" TrainClass="Warlock" X="-1126.516" Y="-5395.474" Z="12.20943"/>
		<Vendor Name="Legati" Entry="38244" Type="Train" TrainClass="Rogue" X="-1125.962" Y="-5446.971" Z="11.98163"/>
		<Vendor Name="Zen'tabra" Entry="38243" Type="Train" TrainClass="Druid" X="-1175.747" Y="-5540.455" Z="11.94026"/>
		<Vendor Name="Ortezza" Entry="38247" Type="Train" TrainClass="Hunter" X="-1125.943" Y="-5508.729" Z="11.95828"/>
		<Vendor Name="Tunari" Entry="38245" Type="Train" TrainClass="Priest" X="-1118.16" Y="-5539.962" Z="11.97764" />
		<Vendor Name="Voldreka" Entry="42618" Type="Train" TrainClass="Warlock" X="-1126.516" Y="-5395.474" Z="12.20943" />
		<Vendor Name="Legati" Entry="38244" Type="Train" TrainClass="Rogue" X="-1125.962" Y="-5446.971" Z="11.98163" />
		<Vendor Name="Zen'tabra" Entry="38243" Type="Train" TrainClass="Druid" X="-1175.747" Y="-5540.455" Z="11.94058" />
		<Vendor Name="Soratha" Entry="38246" Type="Train" TrainClass="Mage" X="-1151.981" Y="-5569.874" Z="11.93533" />
		<Vendor Name="Nekali" Entry="38242" Type="Train" TrainClass="Shaman" X="-1160.215" Y="-5396.146" Z="12.23187" />
		<Vendor Name="Nortet" Entry="38037" Type="Train" TrainClass="Warrior" X="-1171.352" Y="-5440.788" Z="11.94391" />
		
	<!--Tirisfal Glades Vendors-->
		<Vendor Name="Innkeeper Renee" Entry="5688" Type="Food" X="2285.95" Y="282.613" Z="33.24683" />
		<Vendor Name="Eliza Callen" Entry="2137" Type="Repair" X="2302.86" Y="288.523" Z="33.35699" />
		<Vendor Name="Constance Brisboise" Entry="3522" Type="Repair" X="2157.345" Y="656.6657" Z="34.54608" />
		<Vendor Name="Blacksmith Rand" Entry="2116" Type="Repair" X="1842.443" Y="1570.188" Z="96.58139" />
	</Vendors>
	
	<QuestOrder>
		<Checkpoint Level="1"/>
		<PickUp QuestName="Fresh out of the Grave" QuestId="24959" GiverId="49044" GiverName="Agatha"/>
		<TurnIn QuestName="Fresh out of the Grave" QuestId="24959" TurnInId="1568" TurnInName="Undertaker Mordo"/>
		<PickUp QuestName="The Shadow Grave" QuestId="28608" GiverId="1568" GiverName="Undertaker Mordo"/>
		<Objective QuestName="The Shadow Grave" QuestId="28608" Type="CollectItem" ItemId="64582" CollectCount="1"/>
		<Objective QuestName="The Shadow Grave" QuestId="28608" Type="CollectItem" ItemId="64581" CollectCount="1"/>
		<TurnIn QuestName="The Shadow Grave" QuestId="28608" TurnInId="1568" TurnInName="Undertaker Mordo"/>
		<PickUp QuestName="Those That Couldn't Be Saved" QuestId="26799" GiverId="1568" GiverName="Undertaker Mordo"/>
		<Objective QuestName="Those That Couldn't Be Saved" QuestId="26799" Type="KillMob" MobId="1501" KillCount="6"/>
		<TurnIn QuestName="Those That Couldn't Be Saved" QuestId="26799" TurnInId="1568" GiverName="Undertaker Mordo"/>
		<PickUp QuestName="Caretaker Caice" QuestId="28652" GiverName="Undertaker Mordo" GiverId="1568"/>
		<TurnIn QuestName="Caretaker Caice" QuestId="28652" TurnInName="Caretaker Caice" TurnInId="2307"/>
		<PickUp QuestName="The Wakening" QuestId="24960" GiverId="2307" GiverName="Caretaker Caice"/>
		<CustomBehavior QuestId="24960" File="TalkToAndListenToStory" NpcIds="49231" />
		<CustomBehavior QuestId="24960" File="TalkToAndListenToStory" NpcIds="38895" />
		<CustomBehavior QuestId="24960" File="TalkToAndListenToStory" NpcIds="49230" />
		<TurnIn QuestName="The Wakening" QuestId="24960" TurnInId="2307" TurnInName="Caretaker Caice" />
		<PickUp QuestName="Beyond the Graves" QuestId="25089" GiverId="2307" GiverName="Caretaker Caice"/>
		<TurnIn QuestName="Beyond the Graves" QuestId="25089" TurnInId="1740" TurnInName="Deathguard Saltain"/>
		<PickUp QuestName="Recruitment" QuestId="26800" GiverId="1740" GiverName="Deathguard Saltain"/>
		<PickUp QuestName="Scourge on our Perimeter" QuestId="26801" GiverId="1569" GiverName="Shadow Priest Sarvis"/>
		<Objective QuestName="Scourge on our Perimeter" QuestId="26801" Type="KillMob" MobId="1890" KillCount="8"/>
		<While Condition="!IsQuestCompleted(26800)">
			<CustomBehavior File="InteractWith" QuestId="26800" NumOfTimes="6" NpcId="49340" X="1897.935" Y="1525.219" Z="88.07815" />
		</While>
		<TurnIn QuestName="Recruitment" QuestId="26800" TurnInName="Deathguard Saltain" TurnInId="1740"/>
		<TurnIn QuestName="Scourge on our Perimeter" QuestId="26801" TurnInId="1569" TurnInName="Shadow Priest Sarvis"/>
		<PickUp QuestName="The Truth of the Grave" QuestId="24961" GiverId="1661" GiverName="Novice Elreth"/>
		<CustomBehavior QuestId="24961" File="TalkToAndListenToStory" NpcIds="38910" />
		<TurnIn QuestName="The Truth of the Grave" QuestId="24961" TurnInId="1661" TurnInName="Novice Elreth"/>
		<PickUp QuestName="The Executor In the Field" QuestId="28672" GiverId="1661" GiverName="Novice Elreth"/>
		<TurnIn QuestName="The Executor In the Field" QuestId="28672" TurnInId="1570" TurnInName="Executor Arren"/>
		<PickUp QuestName="The Damned" QuestId="26802" GiverId="1570" GiverName="Executor Arren"/>
		<Objective QuestName="The Damned" QuestId="26802" Type="CollectItem" ItemId="3265" CollectCount="4"/>
		<Objective QuestName="The Damned" QuestId="26802" Type="CollectItem" ItemId="3264" CollectCount="4"/>
		<TurnIn QuestName="The Damned" QuestId="26802" TurnInId="1570" TurnInName="Executor Arren"/>
		<PickUp QuestName="Night Web's Hollow" QuestId="24973" GiverName="Executor Arren" GiverId="1570"/>
		<Objective QuestName="Night Web's Hollow" QuestId="24973" Type="KillMob" MobId="1504" KillCount="8"/>
		<Objective QuestName="Night Web's Hollow" QuestId="24973" Type="KillMob" MobId="1505" KillCount="5"/>
		<TurnIn QuestName="Night Web's Hollow" QuestId="24973" TurnInName="Executor Arren" TurnInId="1570"/>
		<SetGrindArea>
			<GrindArea>
				<TargetMinLevel>2</TargetMinLevel>
				<TargetMaxLevel>5</TargetMaxLevel>
				<Factions>7</Factions>
				<Hotspots>
					<Hotspot X="2047.316" Y="1828.141" Z="107.8893"/>
					<Hotspot X="2046.202" Y="1871.996" Z="102.0944"/>
					<Hotspot X="2050.084" Y="1910.706" Z="102.6401"/>
					<Hotspot X="2022.203" Y="1920.592" Z="106.2908"/>
					<Hotspot X="2080.588" Y="1953.276" Z="97.68774"/>
					<Hotspot X="2064.027" Y="1978.366" Z="100.7069"/>
				</Hotspots>
			</GrindArea>
		</SetGrindArea>
		<GrindTo Level="5"/>
		<Checkpoint Level="5"/>
		<PickUp QuestName="No Better Than the Zombies" QuestId="24970" GiverName="Executor Arren" GiverId="1570"/>
		<TurnIn QuestName="No Better Than the Zombies" QuestId="24970" TurnInName="Darnell" TurnInId="49425"/>
		<PickUp QuestName="Assault on the Rotbrain Encampment" QuestId="24971" GiverName="Darnell" GiverId="49425"/>
		<Objective QuestName="Assault on the Rotbrain Encampment" QuestId="24971" Type="KillMob" MobId="49424" KillCount="1"/>
		<Objective QuestName="Assault on the Rotbrain Encampment" QuestId="24971" Type="KillMob" MobId="49422" KillCount="8"/>
		<TurnIn QuestName="Assault on the Rotbrain Encampment" QuestId="24971" TurnInName="Shadow Priest Sarvis" TurnInId="1569"/>
		<PickUp QuestName="Vital Intelligence" QuestId="24972" GiverName="Shadow Priest Sarvis" GiverId="1569"/>
		<Objective QuestName="Vital Intelligence" QuestId="24972" Type="CollectItem" ItemId="2885" CollectCount="1"/>
		<TurnIn QuestName="Vital Intelligence" QuestId="24972" TurnInName="Deathguard Simmer" TurnInId="1519" X="2222.186" Y="1012.801" Z="37.12211"/>
		<PickUp QuestName="Reaping the Reapers" QuestId="24978" GiverName="Deathguard Simmer" GiverId="1519"/>
		<PickUp QuestName="Fields of Grief" QuestId="24975" GiverName="Apothecary Johaan" GiverId="1518"/>
		<Objective QuestName="Reaping the Reapers" QuestId="24978" Type="KillMob" MobId="1934" KillCount="10"/>
		<Objective QuestName="Fields of Grief" QuestId="24975" Type="CollectItem" ItemId="2846" CollectCount="10"/>
		<TurnIn QuestName="Reaping the Reapers" QuestId="24978" TurnInName="Deathguard Simmer" TurnInId="1519"/>
		<PickUp QuestName="The Scarlet Palisade" QuestId="24980" GiverName="Deathguard Simmer" GiverId="1519"/>
		<TurnIn QuestName="Fields of Grief" QuestId="24975" TurnInName="Apothecary Johaan" TurnInId="1518"/>
		<Objective QuestName="The Scarlet Palisade" QuestId="24980" Type="KillMob" MobId="1535" KillCount="10"/>
		<TurnIn QuestName="The Scarlet Palisade" QuestId="24980" TurnInName="Deathguard Simmer" TurnInId="1519"/>
		<PickUp QuestName="A Putrid Task" QuestId="25090" GiverName="Deathguard Dillinger" GiverId="1496"/>
		<PickUp QuestName="The New Forsaken" QuestId="24982" GiverName="Deathguard Dillinger" GiverId="1496"/>
		<Objective QuestName="A Putrid Task" QuestId="25090" Type="CollectItem" ItemId="2855" CollectCount="7"/>
		<TurnIn QuestName="A Putrid Task" QuestId="25090" TurnInName="Deathguard Dillinger" TurnInId="1496"/>
		<TurnIn QuestName="The New Forsaken" QuestId="24982" TurnInName="Magistrate Sevren" TurnInId="1499"/>
		<PickUp QuestName="Forsaken Duties" QuestId="24983" GiverName="Magistrate Sevren" GiverId="1499"/>
		<PickUp QuestName="A Thorn in our Side" QuestId="24981" GiverName="Executor Zygand" GiverId="1515"/>
		<PickUp QuestName="Supplying Brill" QuestId="6321" GiverName="Deathguard Morris" GiverId="1745"/>
		<TurnIn QuestName="Supplying Brill" QuestId="6321" TurnInName="Anette Williams" TurnInId="43124"/>
		<TurnIn QuestName="Forsaken Duties" QuestId="24983" TurnInName="Deathguard Linnea" TurnInId="1495"/>
		<PickUp QuestName="The Chill of Death" QuestId="24988" GiverName="Gretchen Dedmar" GiverId="1521"/>
		<Objective QuestName="The Chill of Death" QuestId="24988" Type="CollectItem" ItemId="2876" CollectCount="5"/>
		<TurnIn QuestName="The Chill of Death" QuestId="24988" TurnInName="Gretchen Dedmar" TurnInId="1521"/>
		<PickUp QuestName="Return to the Magistrate" QuestId="24989" GiverName="Deathguard Linnea" GiverId="1495"/>
		<Objective QuestName="A Thorn in our Side" QuestId="24981" Type="KillMob" MobId="1537" KillCount="3"/>
		<Objective QuestName="A Thorn in our Side" QuestId="24981" Type="KillMob" MobId="1536" KillCount="3"/>
		<Objective QuestName="A Thorn in our Side" QuestId="24981" Type="CollectItem" ItemId="52077" CollectCount="1"/>
		<TurnIn QuestName="A Thorn in our Side" QuestId="24981" TurnInName="Executor Zygand" TurnInId="1515"/>
		<TurnIn QuestName="Return to the Magistrate" QuestId="24989" TurnInName="Magistrate Sevren" TurnInId="1499"/>
		<SetGrindArea>
			<GrindArea>
				<TargetMinLevel>6</TargetMinLevel>
				<TargetMaxLevel>8</TargetMaxLevel>
				<Factions>70 15</Factions>
				<Hotspots>
				<Hotspot X="2611.972" Y="390.3772" Z="36.68196" />
				<Hotspot X="2466.6" Y="457.0334" Z="42.25672" />
				<Hotspot X="2500.837" Y="336.3571" Z="31.55584" />
				</Hotspots>
			</GrindArea>
		</SetGrindArea>
		<GrindTo Level="9"/>
		<SetGrindArea>
			<GrindArea>
				<TargetMinLevel>6</TargetMinLevel>
				<TargetMaxLevel>8</TargetMaxLevel>
				<Factions>22 38</Factions>
				<Hotspots>
					<Hotspot X="2174.177" Y="-695.3878" Z="67.40288"/>
					<Hotspot X="2257.819" Y="-778.2837" Z="70.51849"/>
					<Hotspot X="2225.465" Y="-866.9409" Z="76.78353"/>
					<Hotspot X="2332.36" Y="-853.9341" Z="73.48685"/>
					<Hotspot X="2355.535" Y="-794.0791" Z="75.88641"/>
					<Hotspot X="2410.091" Y="-992.8395" Z="79.75385"/>
					<Hotspot X="2444.321" Y="-938.0642" Z="66.84882"/>
					<Hotspot X="2360.163" Y="-937.9658" Z="69.75097"/>
				</Hotspots>
			</GrindArea>
		</SetGrindArea>
		<GrindTo Level="10"/>
		<CustomBehavior File="LoadProfile" ProfileName="..\1-68 Horde Questing" /> 
	</QuestOrder>
	
	<!--Undead Quest Overrides-->
	<Quest Id="28608" Name="The Shadow Grave">
		<Objective Type="CollectItem" ItemId="64582" CollectCount="1">
			<CollectFrom>
				<GameObject Name="Thick Embalming Fluid" Id="207255"/>
			</CollectFrom>
			<Hotspots>
				<Hotspot X="1668.484" Y="1692.268" Z="120.7192"/>
			</Hotspots>
		</Objective>
		<Objective Type="CollectItem" ItemId="64581" CollectCount="1">
			<CollectFrom>
				<GameObject Name="Corpse-Stitching Twine" Id="207256"/>
			</CollectFrom>
			<Hotspots>
				<Hotspot X="1668.484" Y="1692.268" Z="120.7192"/>
			</Hotspots>
		</Objective>
	</Quest>
	<Quest Id="26799" Name="Those That Couldn't Be Saved">
		<Objective Type="KillMob" MobId="1501" KillCount="6">
			<Hotspots>
				<Hotspot X="1736.53" Y="1698.18" Z="126.8978"/>
				<Hotspot X="1728.107" Y="1654.6" Z="126.6466"/>
			</Hotspots>
		</Objective>
	</Quest>
	<Quest Id="26801" Name="Scourge on our Perimeter">
		<Objective Type="KillMob" MobId="1890" KillCount="8">
			<Hotspots>
				<Hotspot X="1919.483" Y="1622.099" Z="85.29385"/>
				<Hotspot X="1967.845" Y="1640.188" Z="77.12695"/>
				<Hotspot X="2012.089" Y="1609.348" Z="72.76481"/>
				<Hotspot X="2017.864" Y="1569.919" Z="77.83659"/>
			</Hotspots>
		</Objective>
	</Quest>
	<Quest Id="26802" Name="The Damned">
		<Objective Type="CollectItem" ItemId="3265" CollectCount="4">
			<CollectFrom>
				<Mob Name="Young Scavenger" Id="1508"/>
				<Mob Name="Ragged Scavenger" Id="1509"/>
			</CollectFrom>
			<Hotspots>
				<Hotspot X="1932.687" Y="1680.282" Z="78.15735"/>
				<Hotspot X="2024.809" Y="1647.829" Z="73.09113"/>
				<Hotspot X="2086.905" Y="1611.341" Z="72.90986"/>
				<Hotspot X="2104.696" Y="1518.34" Z="69.39532"/>
				<Hotspot X="2117.893" Y="1485.722" Z="68.19805"/>
				<Hotspot X="2111.254" Y="1442.856" Z="62.6319"/>
			</Hotspots>
		</Objective>
		<Objective Type="CollectItem" ItemId="3264" CollectCount="4">
			<CollectFrom>
				<Mob Name="Duskbat" Id="1512"/>
				<Mob Name="Mangy Duskbat" Id="1513"/>
			</CollectFrom>
			<Hotspots>
				<Hotspot X="1932.687" Y="1680.282" Z="78.15735"/>
				<Hotspot X="2024.809" Y="1647.829" Z="73.09113"/>
				<Hotspot X="2086.905" Y="1611.341" Z="72.90986"/>
				<Hotspot X="2104.696" Y="1518.34" Z="69.39532"/>
				<Hotspot X="2117.893" Y="1485.722" Z="68.19805"/>
				<Hotspot X="2111.254" Y="1442.856" Z="62.6319"/>
			</Hotspots>
		</Objective>
	</Quest>
</HBProfile>
	