<HBProfile>
	<Name>Horde 1-68 Questing</Name>
	<MinDurability>0.2</MinDurability>
	<MinFreeBagSlots>3</MinFreeBagSlots>
	<MinLevel>1</MinLevel>
	<MaxLevel>20</MaxLevel>
	<MailGrey>False</MailGrey>
	<MailWhite>False</MailWhite>
	<MailGreen>True</MailGreen>
	<SellGrey>True</SellGrey>
	<SellWhite>True</SellWhite>
	<SellGreen>True</SellGreen>
	<SellBlue>False</SellBlue>
	<SellPurple>False</SellPurple>
	
	<AvoidMobs>
		<Mob Name="Honor's Stand Footman" Entry="37161" />
		<!--Kezan Mobs
		<Mob Name="Keensnout Potbelly" Entry="35613"/>	-->
		
		<!-- Lost Isles -->
		<Mob Name="The Hammer" Entry="36682" />
		
		<!-- Goblin Training Dummy-->
		<Mob Name="Training Dummy" Entry="48304"/>		
	</AvoidMobs>
	
	<Mailboxes>
	<!--Kezan Mailboxes-->
		<Mailbox X="-8416.139" Y="1341.225" Z="102.4907"/>
	<!--Lost Isles Mailboxes-->
		<Mailbox X="581.1904" Y="3131.645" Z="0.250638"/>
	</Mailboxes>
	
	<Blackspots>
		<!-- Kick's Blackspots -->
		<Blackspot X="-8350.731" Y="1335.649" Z="92.1754" Radius="3" /> <!-- Sign -->
		<Blackspot X="1127.207" Y="2977.799" Z="117.101" Radius="17.81779" /> <!-- Evading mob -->
		<Blackspot X="861.4886" Y="2757.773" Z="119.2409" Radius="2.972308" /> <!-- stupid fence -->
		<Blackspot X="847.2615" Y="2747.261" Z="118.2723" Radius="8.85731" /> <!-- stupid fence -->
	
		<!--Lost Isles Blackspots-->
		<Blackspot X="2096.453" Y="2506.561" Z="2.859175" Radius="4.354099" />
		<Blackspot X="930.7297" Y="2348.102" Z="4.860366" Radius="8.368254" />
		<Blackspot X="904.9797" Y="2320.837" Z="6.06846" Radius="8.324668" />
		<Blackspot X="856.9545" Y="2759.655" Z="116.9202" Radius="1.843424" />
		<Blackspot X="854.8788" Y="2748.426" Z="119.2336" Radius="4.419297" />
		<Blackspot X="920.826" Y="2326.06" Z="5.059855" Radius="2.981011" />
		<!-- Kezan Blackspots -->
		<Blackspot X="-8445.133" Y="1187.979" Z="42.46393" Radius="2.773513"/>
		<Blackspot X="-8399.529" Y="1346.379" Z="102.3026" Radius="1.732127"/>
		<Blackspot X="-8434.805" Y="1334.567" Z="102.1435" Radius="1.10963" />
	</Blackspots>
	
	<Vendors>
		<!--Lost Isles Trainers -->
		<Vendor Name="Evol Fingers" Type="Train" TrainClass="Warlock" Entry="35778" X="604.0243" Y="3100.273" Z="7.024742"/>
		<Vendor Name="Fizz Lighter" Type="Train" TrainClass="Mage" Entry="35780" X="646.3004" Y="3132.264" Z="1.694102"/>
		<Vendor Name="Sister Goldskimmer" Type="Train" TrainClass="Priest" Entry="35805" X="637.7257" Y="3133.108" Z="1.590216"/>
		<Vendor Name="Warrior-Matic NX-01" Entry="35807" Type="Train" TrainClass="Warrior" X="588.559" Y="3089.471" Z="3.786797"/>
		<Vendor Name="Maxx Avalanche" Entry="35786" Type="Train" TrainClass="Shaman" X="644.816" Y="3126.258" Z="2.49266"/>
		<Vendor Name="Slinky Sharpshiv" Type="Train" TrainClass="Rogue" Entry="35806" X="585.8108" Y="3089.417" Z="3.816243"/>
		<Vendor Name="Bamm Megabomb" Type="Train" TrainClass="Hunter" Entry="35758"  X="640.7864" Y="3121.731" Z="2.863466"/>
		<Vendor Name="Evol Fingers" Type="Train" TrainClass="Warlock" Entry="38513" X="906.507" Y="2329.729" Z="5.032536"/>
		<Vendor Name="Fizz Lighter" Type="Train" TrainClass="Mage" Entry="38514" X="920.6493" Y="2346.359" Z="4.786365"/>
		<Vendor Name="Sister Goldskimmer" Type="Train" TrainClass="Priest" Entry="38516" X="913.257" Y="2325.391" Z="5.240347"/>
		<Vendor Name="Warrior-Matic NX-01" Entry="38518" Type="Train" TrainClass="Warrior" X="925.368" Y="2327.158" Z="5.169485"/>
		<Vendor Name="Maxx Avalanche" Entry="38515" Type="Train" TrainClass="Shaman" X="916.4254" Y="2347.446" Z="4.80456"/>
		<Vendor Name="Slinky Sharpshiv" Type="Train" TrainClass="Rogue" Entry="38517" X="908.7726" Y="2349.061" Z="5.552879"/>
		<Vendor Name="Bamm Megabomb" Type="Train" TrainClass="Hunter" Entry="38122" X="928.8629" Y="2340.479" Z="4.952045"/>	
		
		<Vendor Name="Evol Fingers" Type="Train" TrainClass="Warlock" Entry="38513" X="1837.729" Y="1941.648" Z="222.8556"/>
		<Vendor Name="Fizz Lighter" Type="Train" TrainClass="Mage" Entry="38514" X="1869.035" Y="1956.446" Z="228.9771"/>
		<Vendor Name="Sister Goldskimmer" Type="Train" TrainClass="Priest" Entry="38516" X="1803.774" Y="1956.184" Z="221.6204"/>
		<Vendor Name="Warrior-Matic NX-01" Entry="38518" Type="Train" TrainClass="Warrior" X="1805.976" Y="1954.17" Z="221.5092"/>
		<Vendor Name="Maxx Avalanche" Entry="38515" Type="Train" TrainClass="Shaman" X="1821.066" Y="1979.472" Z="221.6062"/>
		<Vendor Name="Slinky Sharpshiv" Type="Train" TrainClass="Rogue" Entry="38517" X="1829.597" Y="1958.254" Z="221.9677"/>
		<Vendor Name="Bamm Megabomb" Type="Train" TrainClass="Hunter" Entry="38122" X="1801.323" Y="1957.227" Z="221.6213"/>		
		
		<!-- Lost Isles Vendors-->
		<Vendor Name="Sally 'Salvager' Sandscrew" Entry="36430" Type="Repair" X="590.0712" Y="3110.927" Z="2.894392" />
		<Vendor Name="Brett 'Coins' McQuid" Entry="36427" Type="Food" X="589.4913" Y="3096.076" Z="3.050967" />
		<Vendor Name="Brett 'Coins' McQuid" Entry="38381" Type="Food" X="676.993" Y="2026.601" Z="49.82949" />
		<Vendor Name="KTC Train-a-Tron Deluxe" Entry="45286" Type="Repair" X="1805.15" Y="1985.63" Z="221.4933" />
		<Vendor Name="Chawg" Entry="39063" Type="Repair" X="2121.905" Y="2413.37" Z="46.69162" />
		<Vendor Name="Brett 'Coins' McQuid" Entry="38381" Type="Food" X="2124.205" Y="2412.556" Z="46.66198" />
		
		<!-- Kezan Trainers -->
		<Vendor Name="Warrior-Matic NX-01" Entry="34697" Type="Train" TrainClass="Warrior" X="-8431.764" Y="1313.502" Z="103.0257"/>
		<Vendor Name="Evol Fingers" Entry="34696" Type="Train" TrainClass="Warlock" X="-8399.56" Y="1346.439" Z="103.0947"/>
		<Vendor Name="Sister Goldskimmer" Entry="34692" Type="Train" TrainClass="Priest" X="-8425.401" Y="1347.615" Z="105.1465"/>
		<Vendor Name="Bamm Megabomb" Entry="34673" Type="Train" TrainClass="Hunter" X="-8429.455" Y="1311.641" Z="103.5002"/>
		<Vendor Name="Maxx Avalanche" Entry="34695" Type="Train" TrainClass="Shaman" X="-8415.516" Y="1321.444" Z="103.8445"/>
		<Vendor Name="Slinky Sharpshiv" Entry="34693" Type="Train" TrainClass="Rogue" X="-8408.614" Y="1333.472" Z="102.1628"/>
		<Vendor Name="Fizz Lighter" Entry="34689" Type="Train" TrainClass="Mage" X="-8394.614" Y="1325.67" Z="103.0017"/>
		<!-- Kezan Vendors -->
		<Vendor Name="Brett 'Coins' McQuid" Entry="37762" Type="Food" X="-8381.931" Y="1319.274" Z="103.9861"/>
		<Vendor Name="Sally 'Salvager' Sandscrew" Entry="37761" Type="Repair" X="-8382.889" Y="1318.104" Z="104.1712"/>
	</Vendors>
	
	
	<!-- Goblin Only -->
	<Quest Id="25244" Name="What Kind of Name is Candy, Anyway?">
		<Objective Type="KillMob" MobId="39426" KillCount="1">
			<Hotspots>
				<Hotspot X="2060.831" Y="2589.353" Z="15.86096" />
			</Hotspots>
		</Objective>
	</Quest>
	<Quest Id="25202" Name="The Fastest Way to His Heart">
		<Objective Type="CollectItem" ItemId="52531" CollectCount="1">
			<CollectFrom>
				<Mob Name="Chip Endale" Entry="39363" />
			</CollectFrom>
			<Hotspots>
				<Hotspot X="2463.23" Y="2132.06" Z="14.60734" />
			</Hotspots>
		</Objective>
	</Quest>
	<Quest Id="24858" Name="Bilgewater Cartel Represent">
		<Objective Type="UseObject" ObjectId="202133" UseCount="10">
			<Hotspots>
				<Hotspot X="555.7034" Y="1878.252" Z="6.064001" />
				<Hotspot X="553.8135" Y="1995.759" Z="6.089278" />
				<Hotspot X="494.2488" Y="2115.016" Z="4.289853" />
				<Hotspot X="459.4628" Y="2134.319" Z="2.662775" />	
				<Hotspot X="207.962" Y="2169.652" Z="0.2520648" />
				<Hotspot X="220.9585" Y="2096.56" Z="0.5380262" />
				<Hotspot X="194.1766" Y="1955.587" Z="2.358231" />
				<Hotspot X="206.7215" Y="1926.656" Z="0.9904872" />
				<Hotspot X="189.1324" Y="1860.797" Z="5.462565" />
				<Hotspot X="235.5845" Y="1787.287" Z="4.729953" />
				<Hotspot X="269.3661" Y="1780.557" Z="0.5831701" />
				<Hotspot X="309.36" Y="1860.748" Z="1.410282" />
				<Hotspot X="443.276" Y="1799.763" Z="0.6931013" />
				<Hotspot X="489.1909" Y="1786.105" Z="1.653129" />
				<Hotspot X="555.7034" Y="1878.252" Z="6.064001" />
			</Hotspots>
		</Objective>
	</Quest>
	<Quest Id="24816" Name="Who's Top of the Food Chain Now?">
		<Objective Type="CollectItem" ItemId="50381" CollectCount="5">
			<CollectFrom>
				<Mob Name="Ravenous Lurker" Entry="36681" />
			</CollectFrom>
			<Hotspots>
				<Hotspot X="994.7986" Y="2433.199" Z="-1.144701" />
				<Hotspot X="914.7471" Y="2423.547" Z="-1.103007" />
				<Hotspot X="860.6583" Y="2414.651" Z="-1.103007" />
				<Hotspot X="807.0938" Y="2407.717" Z="-1.103007" />
				<Hotspot X="727.0098" Y="2412.78" Z="-1.103007" />
				<Hotspot X="669.1481" Y="2414.427" Z="-1.103007" />
			</Hotspots>
		</Objective>
	</Quest>
	<Quest Id="14123" Name="Waltz Right In">
		<Objective Type="CollectItem" ItemId="48937" CollectCount="1">
			<CollectFrom>
				<GameObject Name="Maldy's Falcon" Id="195515" />
			</CollectFrom>
			<Hotspots>
				<Hotspot X="-8145.69" Y="1903.462" Z="69.15465" />
			</Hotspots>
		</Objective>
		<Objective Type="CollectItem" ItemId="48939" CollectCount="1">
			<CollectFrom>
				<GameObject Name="The Goblin Lisa" Id="195516" />
			</CollectFrom>
			<Hotspots>
				<Hotspot X="-8047.945" Y="1953.836" Z="52.89132" />
			</Hotspots>
		</Objective>
		<Objective Type="CollectItem" ItemId="48941" CollectCount="1">
			<CollectFrom>
				<GameObject Name="The Ultimate Bomb" Id="195518" />
			</CollectFrom>
			<Hotspots>
				<Hotspot X="-8007.588" Y="1860.691" Z="53.19674" />
			</Hotspots>
		</Objective>
	</Quest>
	<Quest Id="14121" Name="Robbing Hoods">
		<Objective Type="CollectItem" ItemId="47530" CollectCount="12">
			<CollectFrom>
				<Mob Name="Hired Looter" Entry="35234" />
			</CollectFrom>
			<Hotspots>
				<Hotspot X="-8322.099" Y="1510.726" Z="46.90016" />
				<Hotspot X="-8254.58" Y="1521.158" Z="42.46295" />
				<Hotspot X="-8240.672" Y="1454.436" Z="40.65617" />
				<Hotspot X="-8416.501" Y="1538.673" Z="50.43462" />
				<Hotspot X="-8451.582" Y="1599.788" Z="44.50653" />
				<Hotspot X="-8362.207" Y="1580.34" Z="48.81152" />
				<Hotspot X="-8295.141" Y="1667.935" Z="51.42176" />
				<Hotspot X="-8257.759" Y="1695.872" Z="48.3752" />			
			</Hotspots>
		</Objective>
	</Quest>
	<Quest Id="24744" Name="The Biggest Egg Ever" >
		<Objective Type="CollectItem" ItemId="50261" CollectCount="1">
			<CollectFrom>
			<Mob Name="Mechachicken" Id="38224" />
			</CollectFrom>
			<Hotspots>
		<Hotspot X="1146.588" Y="2353.649" Z="0.6672823" />
		<Hotspot X="1246.02" Y="2382.408" Z="0.3947083" />
			</Hotspots>
		</Objective>
	</Quest>
	<Quest Id="14075" Name="Trouble in the Mines">
		<Objective Type="KillMob" MobId="34865" KillCount="6">
			<Hotspots>
				<Hotspot X="-8542.924" Y="1265.245" Z="51.92799" />
				<Hotspot X="-8604.751" Y="1284.338" Z="41.82155" />
				<Hotspot X="-8647.862" Y="1357.104" Z="32.47941" />
			</Hotspots>
		</Objective>
	</Quest>

	<!-- Northern Barrens -->
	<Quest Id="14072" Name="Flushing Out Verog">
		<Objective Type="CollectItem" ItemId="46857" CollectCount="4">
			<Hotspots>
				<Hotspot X="-913.7015" Y="-2926.113" Z="91.66711" />
				<Hotspot X="-1111.759" Y="-2800.645" Z="92.21268" />
				<Hotspot X="-1274.409" Y="-2831.987" Z="93.10823" />
				<Hotspot X="-1403.931" Y="-2744.625" Z="91.66788" />
				<Hotspot X="-1535.759" Y="-2891.964" Z="94.35198" />
				<Hotspot X="-1490.697" Y="-3023.148" Z="91.78813" />
				<Hotspot X="-1344.161" Y="-3125.073" Z="91.68309" />
				<Hotspot X="-1161.163" Y="-3156.863" Z="91.66705" />				
			</Hotspots>
		</Objective>
	</Quest>
	<Quest Id="848" Name="Fungal Spores" >
            <Objective Type="CollectItem" ItemId="5012" CollectCount="1">
                <CollectFrom>
                    <GameObject Name="Laden Mushroom" Id="3640"/>
                </CollectFrom>
                <Hotspots>
                    <Hotspot X="8.139165" Y="-1966.303" Z="92.95679" />
                    <Hotspot X="35.78291" Y="-1962.33" Z="91.62218" />
                    <Hotspot X="58.42531" Y="-1965.934" Z="92.12539" />
                    <Hotspot X="117.3674" Y="-1984.929" Z="93.0924" />
                    <Hotspot X="136.8229" Y="-1939.527" Z="92.60751" />
                    <Hotspot X="119.5898" Y="-1918.891" Z="92.50661" />
                    <Hotspot X="112.2716" Y="-1895.786" Z="93.82976" />
                    <Hotspot X="65.36506" Y="-1897.795" Z="91.50545" />
                    <Hotspot X="47.93564" Y="-1870.506" Z="95.61843" />
                    <Hotspot X="22.19318" Y="-1890.326" Z="89.29549" />
                    <Hotspot X="-11.17797" Y="-1869.673" Z="95.36762" />
                    <Hotspot X="-12.00886" Y="-1933.588" Z="89.91061" />
                </Hotspots>
            </Objective>
    </Quest>
	<Quest Id="903" Name="Hunting the Huntress">
		<Objective Type="CollectItem" ItemId="5096" CollectCount="5">
			<Hotspots>
				<Hotspot X="-216.2053" Y="-2358.375" Z="91.67134"/>
				<Hotspot X="-168.9198" Y="-2286.34" Z="92.79396"/>
				<Hotspot X="-117.1465" Y="-2298.519" Z="91.67142"/>
				<Hotspot X="-76.15858" Y="-2300.117" Z="91.66684"/>
				<Hotspot X="-19.05883" Y="-2304.193" Z="93.03592"/>
				<Hotspot X="17.95988" Y="-2333.332" Z="91.66984"/>
				<Hotspot X="32.08635" Y="-2380.556" Z="92.53078"/>
				<Hotspot X="69.45885" Y="-2332.996" Z="99.00541"/>
				<Hotspot X="45.36837" Y="-2492.861" Z="92.94881"/>
				<Hotspot X="79.78677" Y="-2603.23" Z="92.54321"/>
				<Hotspot X="-141.2612" Y="-2638.265" Z="91.86013"/>
				<Hotspot X="-179.0856" Y="-2635.78" Z="93.2208"/>
				<Hotspot X="-223.9796" Y="-2560.271" Z="91.68735"/>
			</Hotspots>
		</Objective>
	</Quest>
	<Quest Id="14067" Name="The Stolen Silver">
		<Objective Type="KillMob" MobId="44164" KillCount="8">
			<Hotspots>
				<Hotspot X="-349.4175" Y="-3442.317" Z="91.66958"/>
				<Hotspot X="-374.3667" Y="-3382.946" Z="91.66688"/>
				<Hotspot X="-449.3052" Y="-3359.967" Z="93.16045"/>
			</Hotspots>
		</Objective>
	</Quest>
	<Quest Id="896" Name="Miner's Fortune" >
		<Objective Type="CollectItem" ItemId="5097" CollectCount="1">
			<CollectFrom>
			<Mob Name="Venture Co. Overseer" Id="3283"  />
			<Mob Name="Venture Co. Enforcer" Id="3286"  />
			<Mob Name="Boss Copperplug" Id="9336"  />
			</CollectFrom>
			<Hotspots>
				<Hotspot X="1274.072" Y="-3628.146" Z="91.25495" />
				<Hotspot X="1362.653" Y="-3565.87" Z="93.07383" />
				<Hotspot X="1391.301" Y="-3637.62" Z="92.67318" />
			</Hotspots>
		</Objective>
	</Quest>
	
	<!--Kalimdor Main Overrides-->
	<Quest Id="872" Name="The Far Watch Offensive">
		<Objective Type="CollectItem" ItemId="5063" CollectCount="1">
			<CollectFrom>
				<Mob Name="Kreenig Snarlsnout" Id="3438"/>
			</CollectFrom>
			<Hotspots>
				<Hotspot X="-268.8742" Y="-3490.385" Z="57.32143"/>
			</Hotspots>
		</Objective>
	</Quest>
	<Quest Id="891" Name="A Captain's Vengeance" >
		<Objective Type="CollectItem" ItemId="5078" CollectCount="10">
			<CollectFrom>
				<Mob Name="Thermadore Commando" Id="5629"/>
				<Mob Name="Thermadore Deck Hand" Id="34707"/>
				<Mob Name="Thermadore Marine" Id="3385"/>
				<Mob Name="Thermadore Preserver" Id="3386"/>
				<Mob Name="Thermadore Sharpshooter" Id="34706"/>
				<Mob Name="Cannoneer Smythe" Id="3454"/>
				<Mob Name="Cannoneer Whessan" Id="3455"/>
				<Mob Name="Captain Fairmount" Id="3393"/>
			</CollectFrom>
			<Hotspots>
				<Hotspot X="-1361.057" Y="-3749.634" Z="61.10983"/>
				<Hotspot X="-1314.429" Y="-3805.902" Z="19.05502"/>
				<Hotspot X="-1328.891" Y="-3871.522" Z="13.54283"/>
				<Hotspot X="-1375.611" Y="-3887.456" Z="13.84915"/>
				<Hotspot X="-1422.127" Y="-3859.354" Z="17.1045"/>
				<Hotspot X="-1483.88" Y="-3867.17" Z="16.27431"/>
				<Hotspot X="-1521.829" Y="-3820.889" Z="21.54692"/>
				<Hotspot X="-1596.508" Y="-3835.284" Z="14.86548"/>
				<Hotspot X="-1607.741" Y="-3890.721" Z="14.42522"/>
				<Hotspot X="-1679.051" Y="-3869.036" Z="9.374258"/>
			</Hotspots>
		</Objective>
		<Objective Type="KillMob" MobId="34753" KillCount="1">
			<Hotspots>
				<Hotspot X="-1510.363" Y="-3901.512" Z="11.7735"/>
				<Hotspot X="-1466.731" Y="-3862.552" Z="16.90162"/>
				<Hotspot X="-1431.631" Y="-3866.316" Z="15.60617"/>
			</Hotspots>
		</Objective>
		<Objective Type="KillMob" MobId="34752" KillCount="1">
			<Hotspots>
				<Hotspot X="-1430.961" Y="-3848.66" Z="19.37271"/>
			</Hotspots>
		</Objective>
	</Quest>
	<Quest Id="845" Name="The Zhevra">
		<Objective Type="CollectItem" ItemId="5086" CollectCount="5">
			<Hotspots>
				<Hotspot X="-216.2053" Y="-2358.375" Z="91.67134"/>
				<Hotspot X="-168.9198" Y="-2286.34" Z="92.79396"/>
				<Hotspot X="-117.1465" Y="-2298.519" Z="91.67142"/>
				<Hotspot X="-76.15858" Y="-2300.117" Z="91.66684"/>
				<Hotspot X="-19.05883" Y="-2304.193" Z="93.03592"/>
				<Hotspot X="17.95988" Y="-2333.332" Z="91.66984"/>
				<Hotspot X="32.08635" Y="-2380.556" Z="92.53078"/>
				<Hotspot X="69.45885" Y="-2332.996" Z="99.00541"/>
				<Hotspot X="45.36837" Y="-2492.861" Z="92.94881"/>
				<Hotspot X="79.78677" Y="-2603.23" Z="92.54321"/>
				<Hotspot X="-141.2612" Y="-2638.265" Z="91.86013"/>
				<Hotspot X="-179.0856" Y="-2635.78" Z="93.2208"/>
				<Hotspot X="-223.9796" Y="-2560.271" Z="91.68735"/>
			</Hotspots>
		</Objective>
	</Quest>
	<Quest Id="865" Name="It's Gotta Be The Horn">
		<Objective Type="CollectItem" ItemId="46850" CollectCount="1">
			<CollectFrom>
				<Mob Name="King Reaperclaw" Id="34829"/>
			</CollectFrom>
			<Hotspots>
				<Hotspot X="-368.1221" Y="-3509.615" Z="92.43555"/>
				<Hotspot X="-391.4658" Y="-3541.734" Z="93.74399"/>
				<Hotspot X="-426.7803" Y="-3548.255" Z="93.59591"/>
				<Hotspot X="-471.8502" Y="-3553.174" Z="91.67681"/>
				<Hotspot X="-521.7884" Y="-3576.504" Z="92.27592"/>
				<Hotspot X="-586.4286" Y="-3545.87" Z="91.786"/>
			</Hotspots>
		</Objective>
	</Quest>
	<Quest Id="5041" Name="Supplies for the Crossroads">
		<Objective Type="CollectItem" ItemId="12708" CollectCount="5">
			<Hotspots>
				<Hotspot X="-283.7471" Y="-3553.791" Z="28.96637"/>
				<Hotspot X="-296.588" Y="-3468.828" Z="40.70368"/>
				<Hotspot X="-356.7888" Y="-3423.062" Z="40.27921"/>
				<Hotspot X="-252.356" Y="-3546.808" Z="57.71223"/>
				<Hotspot X="-293.9998" Y="-3493.858" Z="56.53328"/>
			</Hotspots>
		</Objective>
	</Quest>
	<Quest Id="871" Name="In Defense of Far Watch">
		<Objective Type="KillMob" MobId="3267" KillCount="8">
			<Hotspots>
				<Hotspot X="-67.19213" Y="-3639.297" Z="29.89417"/>
				<Hotspot X="-165.6999" Y="-3654.746" Z="27.38053"/>
				<Hotspot X="-216.3448" Y="-3694.208" Z="29.47747"/>
				<Hotspot X="-247.895" Y="-3675.695" Z="27.66414"/>
				<Hotspot X="-306.4881" Y="-3722.264" Z="29.59148"/>
			</Hotspots>
		</Objective>
		<Objective Type="KillMob" MobId="3265" KillCount="3">
			<Hotspots>
				<Hotspot X="-67.19213" Y="-3639.297" Z="29.89417"/>
				<Hotspot X="-165.6999" Y="-3654.746" Z="27.38053"/>
				<Hotspot X="-216.3448" Y="-3694.208" Z="29.47747"/>
				<Hotspot X="-247.895" Y="-3675.695" Z="27.66414"/>
				<Hotspot X="-306.4881" Y="-3722.264" Z="29.59148"/>
			</Hotspots>
		</Objective>
	</Quest>
	<Quest Id="844" Name="Plainstrider Menace">
		<Objective Type="CollectItem" ItemId="5087" CollectCount="7">
			<CollectFrom>
				<Mob Name="Greater Plainstrider" Id="3244"/>
			</CollectFrom>
			<Hotspots>
				<Hotspot X="360.0796" Y="-3595.002" Z="31.33324"/>
				<Hotspot X="451.3615" Y="-3664.411" Z="28.73563"/>
				<Hotspot X="541.1845" Y="-3710.007" Z="27.17048"/>
			</Hotspots>
		</Objective>
	</Quest>
	<Quest Id="905" Name="Into the Raptor's Den">
		<Objective Type="CollectItem" ItemId="5165" CollectCount="3">
			<Hotspots>
				<Hotspot X="-898.4272" Y="-2616.399" Z="91.66705" />
				<Hotspot X="-969.0894" Y="-2563.465" Z="101.8563" />
			</Hotspots>
		</Objective>
	</Quest>

	
	
	
	<QuestOrder IgnoreCheckPoints="True" >

			 <If Condition="(Me.ZoneId == 4737) || (Me.ZoneId == 4720)" >
		<CustomBehavior File="UserDialog"  AllowBotStop="True" SoundCue="Asterisk" ExpiryTime="6" ExpiryAction="InputEnabled_Continue" SoundCueInterval="2" 
		Text="Make sure you copied the behaviors from my SVN Quest Behaviors folder into your Quest Behaviors folder!" />
			 </If>
		
		<CustomBehavior File="UserSettings" TrainNewSkills="False" FindVendorsAutomatically="True" LootMobs="True" LootRadius="30" UseMount="False" PullDistance="20"  />
		
			<!-- Kezan Quests -->
			<CustomBehavior File="Message" Text="Compiling Kezan Quests" LogColor="Green" />

		<PickUp QuestName="Taking Care of Business" QuestId="14138" GiverName="Sassy Hardwrench" GiverId="34668"/>
		<TurnIn QuestName="Taking Care of Business" QuestId="14138" TurnInName="Foreman Dampwick" TurnInId="34872" X="-8403.528" Y="1314.922" Z="101.1055" />
		<PickUp QuestName="Trouble in the Mines" QuestId="14075" GiverName="Foreman Dampwick" GiverId="34872" X="-8403.528" Y="1314.922" Z="101.1055" />
		<PickUp QuestName="Good Help is Hard to Find" QuestId="14069" GiverName="Foreman Dampwick" GiverId="34872" X="-8403.528" Y="1314.922" Z="101.1055" />
			<If Condition="((HasQuest(14069)) &amp;&amp; (!IsQuestCompleted(14069)))" >
			   <CustomBehavior File="InteractWith" QuestId="14069" MobId="34830" NumOfTimes="20" X="-8463.201" Y="1211.953" Z="43.20821" />
			</If>
			<Objective QuestName="Trouble in the Mines" QuestId="14075" Type="KillMob" MobId="34865" KillCount="6"/>
		<TurnIn QuestName="Trouble in the Mines" QuestId="14075" TurnInName="Foreman Dampwick" TurnInId="34872" X="-8403.528" Y="1314.922" Z="101.1055" />
		<TurnIn QuestName="Good Help is Hard to Find" QuestId="14069" TurnInName="Foreman Dampwick" TurnInId="34872" X="-8403.528" Y="1314.922" Z="101.1055" />
		<PickUp QuestName="Kaja'Cola" QuestId="25473" GiverName="Foreman Dampwick" GiverId="34872" X="-8403.528" Y="1314.922" Z="101.1055" />
		<TurnIn QuestName="Kaja'Cola" QuestId="25473" TurnInName="Sassy Hardwrench" TurnInId="34668"/>
		<PickUp QuestName="Megs in Marketing" QuestId="28349" GiverName="Sassy Hardwrench" GiverId="34668"/>
		<TurnIn QuestName="Megs in Marketing" QuestId="28349" TurnInName="Megs Dreadshredder" TurnInId="34874"/>
		<PickUp QuestName="Rolling with my Homies" QuestId="14071" GiverName="Megs Dreadshredder" GiverId="34874"/>
			<!-- Mesh updates needed for this quest -->
			<If Condition="((HasQuest(14071)) &amp;&amp; (!IsQuestCompleted(14071)))" >
				<CustomBehavior File="WaitTimer" WaitTime="2000" GoalText="Waiting a sec {TimeRemaining}" />
				<CustomBehavior File="Misc\RunLua" Lua="UseItemByName(46856)" WaitTime="1000" />
				<CustomBehavior File="WaitTimer" WaitTime="2000" GoalText="Using item {TimeRemaining}" />
				<!-- Izzy -->
				<RunTo X="-8504.775" Y="1339.797" Z="102.3404" />
				<CustomBehavior File="WaitTimer" WaitTime="2000" GoalText="Waiting for buddy {TimeRemaining}" />
				<CustomBehavior File="MyCTM" X="-8526.094" Y="1343.785" Z="102.703" />
				<CustomBehavior File="MyCTM" X="-8524.339" Y="1318.744" Z="102.6102" />
				<CustomBehavior File="MyCTM" X="-8505.754" Y="1313.606" Z="102.3406" />
				<!-- Gobber -->
				<RunTo X="-8178.593" Y="1317.198" Z="28.18334" />
				<CustomBehavior File="WaitTimer" WaitTime="2000" GoalText="Waiting for buddy {TimeRemaining}" />
				<!-- Ace -->
				<RunTo X="-8069.68" Y="1480.573" Z="9.57618" />
				<CustomBehavior File="WaitTimer" WaitTime="2000" GoalText="Waiting for buddy {TimeRemaining}" />
				<CustomBehavior File="WaitTimer" WaitTime="3000" GoalText="Waiting for quest to complete {TimeRemaining}" />
			</If>
			<If Condition="((HasQuest(14071)) &amp;&amp; (IsQuestCompleted(14071)))" >
				<RunTo X="-8418.677" Y="1336.317" Z="103.1284" />
				<CustomBehavior File="EjectVeh" Eject="True" />
		<TurnIn QuestName="Rolling with my Homies" QuestId="14071" TurnInName="Megs Dreadshredder" TurnInId="34874"/>
			</If>
		<PickUp QuestName="Report for Tryouts" QuestId="24567" GiverName="Megs Dreadshredder" GiverId="34874"/>
		<PickUp QuestName="Do it Yourself" QuestId="14070" GiverName="Sassy Hardwrench" GiverId="34668"/>
		
			<If Condition="Me.Gender == WoWGender.Female">
		<PickUp QuestName="Off to the Bank" QuestId="26711" GiverName="Chip Endale" GiverId="35054"/>
		<TurnIn QuestName="Off to the Bank" QuestId="26711" TurnInName="FBoK Bank Teller" TurnInId="35120"/>
		<PickUp QuestName="The New You" QuestId="14110" GiverName="FBoK Bank Teller" GiverId="35120"/>
			<If Condition="HasQuest(14110)">
				<CustomBehavior File="InteractWith" QuestId="14110" MobId="35120" GossipOptions="1" Range="10" X="-8375.822" Y="1728.147" Z="40.37962"/>
				<CustomBehavior File="InteractWith" QuestId="14110" MobId="35128" GossipOptions="1" Range="10" X="-8231.323" Y="1620.245" Z="34.7084"/>
				<CustomBehavior File="InteractWith" QuestId="14110" MobId="35130" GossipOptions="1" Range="10" X="-8143.078" Y="1583.531" Z="16.94905"/>
				<CustomBehavior File="InteractWith" QuestId="14110" MobId="35126" GossipOptions="1" Range="10" X="-8142.792" Y="1658.632" Z="16.73927"/>
			</If></If>
			<If Condition="Me.Gender == WoWGender.Male">
		<PickUp QuestName="Off to the Bank" QuestId="26712" GiverName="Candy Cane" GiverId="35053"/>
		<TurnIn QuestName="Off to the Bank" QuestId="26712" TurnInName="FBoK Bank Teller" TurnInId="35120"/>
		<PickUp QuestName="The New You" QuestId="14109" GiverName="FBoK Bank Teller" GiverId="35120"/>
			<If Condition="HasQuest(14109)">
					<CustomBehavior File="InteractWith" QuestId="14109" MobId="35120" GossipOptions="1" Range="10" X="-8375.822" Y="1728.147" Z="40.37962"/>
					<CustomBehavior File="InteractWith" QuestId="14109" MobId="35128" GossipOptions="1" Range="10" X="-8231.323" Y="1620.245" Z="34.7084"/>
					<CustomBehavior File="InteractWith" QuestId="14109" MobId="35130" GossipOptions="1" Range="10" X="-8143.078" Y="1583.531" Z="16.94905"/>
					<CustomBehavior File="InteractWith" QuestId="14109" MobId="35126" GossipOptions="1" Range="10" X="-8142.792" Y="1658.632" Z="16.73927"/>
			</If></If>
			
			<Objective QuestName="Do it Yourself" QuestId="14070" Type="KillMob" MobId="34835" KillCount="1"/>
			<Objective QuestName="Do it Yourself" QuestId="14070" Type="KillMob" MobId="34876" KillCount="1"/>
			<Objective QuestName="Do it Yourself" QuestId="14070" Type="KillMob" MobId="34877" KillCount="1"/>
			<Objective QuestName="Do it Yourself" QuestId="14070" Type="KillMob" MobId="34878" KillCount="1"/>
		<TurnIn QuestName="Report for Tryouts" QuestId="24567" TurnInName="Coach Crosscheck" TurnInId="37106"/>
		<PickUp QuestName="The Replacements" QuestId="24488" GiverName="Coach Crosscheck" GiverId="37106"/>
			<Objective QuestName="The Replacements" QuestId="24488" Type="CollectItem" ItemId="49752" CollectCount="6"/>
		<TurnIn QuestName="The Replacements" QuestId="24488" TurnInName="Coach Crosscheck" TurnInId="37106"/>
		<PickUp QuestName="Necessary Roughness" QuestId="24502" GiverName="Coach Crosscheck" GiverId="37106"/>
		
			<If Condition="((HasQuest(24502)) &amp;&amp; (!IsQuestCompleted(24502)))" >
				<CustomBehavior File="MountVehOnly"  VehicleMountId="48526" X="-8250.91" Y="1484.29" Z="41.4168"/>
				<CustomBehavior File="NoControlVehicle" QuestId="24502" MobId="37114" NumOfTimes="99" AttackButton="1" GoHomeButton="1" MaxRange="100" WaitTime="1500"/>
				<CustomBehavior File="EjectVeh" Eject="True"/>
			</If>
			<If Condition="((HasQuest(24502)) &amp;&amp; (IsQuestCompleted(24502)))" >
				<CustomBehavior File="CompleteLogQuest" QuestId="24502" />
				<CustomBehavior File="WaitTimer" WaitTime="3000" GoalText="Waiting for quest to complete {TimeRemaining}" />
			</If>
		<PickUp QuestName="Fourth and Goal" QuestId="28414" GiverName="Coach Crosscheck" GiverId="37106"/>
			<If Condition="HasQuest(28414)">
				<CustomBehavior File="MountVehOnly" VehicleMountId="48526" X="-8250.91" Y="1484.29" Z="41.4168"/>
				<CustomBehavior File="WaitTimer" WaitTime="5000"/>
				<CustomBehavior File="NoControlVehicle" QuestId="28414" MobId="37106" NumOfTimes="99" AttackButton="1" GoHomeButton="1" MaxRange="100" WaitTime="1500" />
				<CustomBehavior File="WaitTimer" WaitTime="5000"/>
				<CustomBehavior File="EjectVeh" Eject="True"/>
			</If>
		<TurnIn QuestName="Fourth and Goal" QuestId="28414" TurnInName="Coach Crosscheck" TurnInId="37106"/>
		<PickUp QuestName="Give Sassy the News" QuestId="24520" GiverName="Coach Crosscheck" GiverId="37106"/>
		<TurnIn QuestName="Give Sassy the News" QuestId="24520" TurnInName="Sassy Hardwrench" TurnInId="34668"/>
		<TurnIn QuestName="Do it Yourself" QuestId="14070" TurnInName="Sassy Hardwrench" TurnInId="34668"/>
			<If Condition="Me.Gender == WoWGender.Female">
		<TurnIn QuestName="The New You" QuestId="14110" TurnInName="Chip Endale" TurnInId="35054"/>
			</If>
			<If Condition="Me.Gender == WoWGender.Male">
		<TurnIn QuestName="The New You" QuestId="14109" TurnInName="Candy Cane" TurnInId="35053"/>
			</If>
			<If Condition="Me.Class ==WoWClass.Hunter">
		<PickUp QuestName="Steady Shot" QuestId="14007" GiverName="Bamm Megabomb" GiverId="34673"/>
			<RunTo QuestId="14013" X="-8423.542" Y="1321.276" Z="102.1344"/>
			<RunTo QuestId="14013" X="-8423.47" Y="1320.276" Z="102.2846"/>
			<CustomBehavior File="CastSpellOn" QuestId="14007" SpellId="56641" NpcId="48304" NumOfTimes="3" MinRange="13" X="-8427.5" Y="1305.22" Z="102.3335"/>
		<TurnIn QuestName="Steady Shot" QuestId="14007" TurnInName="Bamm Megabomb" TurnInId="34673"/>
			</If>
			<If Condition="Me.Class ==WoWClass.Priest">
		<PickUp QuestName="Flash Heal" QuestId="14009" GiverName="Sister Goldskimmer" GiverId="34692"/>
			<CustomBehavior File="CastSpellOn" QuestId="14009" SpellId="2061" NpcId="48305" NumOfTimes="3" MinRange="13" X="-8436.32" Y="1315.49" Z="102.2357"/>
		<TurnIn QuestName="Flash Heal" QuestId="14009" TurnInName="Sister Goldskimmer" TurnInId="34692"/>
			</If>
			<If Condition="Me.Class ==WoWClass.Shaman">
		<PickUp QuestName="Primal Strike" QuestId="14011" GiverName="Maxx Avalanche" GiverId="34695"/>
			<CustomBehavior File="CastSpellOn" QuestId="14011" SpellId="73899" NpcId="48304" NumOfTimes="2" MinRange="3" X="-8427.5" Y="1305.22" Z="102.3335"/>
		<TurnIn QuestName="Primal Strike" QuestId="14011" TurnInName="Maxx Avalanche" TurnInId="34695"/>
			</If>
			<If Condition="Me.Class ==WoWClass.Mage">
		<PickUp QuestName="Arcane Missiles" QuestId="14008" GiverName="Fizz Lighter" GiverId="34689"/>
			<CustomBehavior File="CastSpellOn" QuestId="14008" SpellId="133" NpcId="48304" NumOfTimes="1" MinRange="10" X="-8427.5" Y="1305.22" Z="102.3335"/>
			<CustomBehavior File="CastSpellOn" QuestId="14008" SpellId="5143" NpcId="48304" NumOfTimes="1" MinRange="10" X="-8427.5" Y="1305.22" Z="102.3335"/>
			<CustomBehavior File="CastSpellOn" QuestId="14008" SpellId="133" NpcId="48304" NumOfTimes="1" MinRange="10" X="-8427.5" Y="1305.22" Z="102.3335"/>
			<CustomBehavior File="CastSpellOn" QuestId="14008" SpellId="5143" NpcId="48304" NumOfTimes="1" MinRange="10" X="-8427.5" Y="1305.22" Z="102.3335"/>
		<TurnIn QuestName="Arcane Missiles" QuestId="14008" TurnInName="Fizz Lighter" TurnInId="34689"/>
			</If>
			<If Condition="Me.Class ==WoWClass.Rogue">
		<PickUp QuestName="Eviscerate" QuestId="14010" GiverName="Slinky Sharpshiv" GiverId="34693"/>
			<CustomBehavior File="CastSpellOn" QuestId="14010" SpellId="2098" NpcId="48304" NumOfTimes="3" MinRange="3" X="-8427.5" Y="1305.22" Z="102.3335"/>
		<TurnIn QuestName="Eviscerate" QuestId="14010" TurnInName="Slinky Sharpshiv" TurnInId="34693"/>
			</If>
			<If Condition="Me.Class ==WoWClass.Warlock">
		<PickUp QuestName="Immolate" QuestId="14012" GiverName="Evol Fingers" GiverId="34696"/>
			<CustomBehavior File="CastSpellOn" QuestId="14012" SpellId="348" NpcId="48304" NumOfTimes="3" MinRange="25" X="-8427.5" Y="1305.22" Z="102.3335"/>
		<TurnIn QuestName="Immolate" QuestId="14012" TurnInName="Evol Fingers" TurnInId="34696"/>
			</If>
			<If Condition="Me.Class ==WoWClass.Warrior">
		<PickUp QuestName="Charge" QuestId="14013" GiverName="Warrior-Matic NX-01" GiverId="34697"/>
			<RunTo QuestId="14013" X="-8423.542" Y="1321.276" Z="102.1344"/>
			<RunTo QuestId="14013" X="-8423.47" Y="1320.276" Z="102.2846"/>
			<CustomBehavior File="CastSpellOn" QuestId="14013" SpellId="100" NpcId="48304" NumOfTimes="1" MinRange="25" X="-8427.5" Y="1305.22" Z="102.3335"/>
		<TurnIn QuestName="Charge" QuestId="14013" TurnInName="Warrior-Matic NX-01" TurnInId="34697"/>
			</If>
			<If Condition="Me.Gender == WoWGender.Male">
		<PickUp QuestName="Life of the Party" QuestId="14113" GiverName="Candy Cane" GiverId="35053"/>
			</If>
			<If Condition="Me.Gender == WoWGender.Female">
		<PickUp QuestName="Life of the Party" QuestId="14153" GiverName="Chip Endale" GiverId="35054"/>
			</If>
			<!-- This Quest Completed and Turned In Manually-->
				<!-- <CustomBehavior File="InteractWith" MobId1="35186" MobId2="35175" /> -->
				<!-- gotta use english client for now - do note: these guys have auraid's on their persons.  So HasAuraId and Cast Veh Spell on or something
				-->
				<!-- your toon doesn't know spell
				<CustomBehavior File="CastSpellOn" QuestId="14153" MobId1="35186" MobId2="35175" SpellId="66909" />
				<CustomBehavior File="CastSpellOn" QuestId="14153" MobId1="35186" MobId2="35175" SpellId="66910" />
				<CustomBehavior File="CastSpellOn" QuestId="14153" MobId1="35186" MobId2="35175" SpellId="66911" />
				<CustomBehavior File="CastSpellOn" QuestId="14153" MobId1="35186" MobId2="35175" SpellId="66912" />
				<CustomBehavior File="CastSpellOn" QuestId="14153" MobId1="35186" MobId2="35175" SpellId="66913" />
				-->
			 <While Condition="((HasQuest(14113)) &amp;&amp; (!IsQuestCompleted(14113)))" >
				<RunTo X="-8450.798" Y="1334.696" Z="101.7956" />
				<CustomBehavior File="RunMacro" Macro="/target Kezan\n/click BonusActionButton1" NumOfTimes="1" WaitTime="1000" />
				<CustomBehavior File="RunMacro" Macro="/target Kezan\n/click BonusActionButton2" NumOfTimes="1" WaitTime="1000" />
				<CustomBehavior File="RunMacro" Macro="/target Kezan\n/click BonusActionButton3" NumOfTimes="1" WaitTime="1000" />
				<CustomBehavior File="RunMacro" Macro="/target Kezan\n/click BonusActionButton4" NumOfTimes="1" WaitTime="1000" />
				<CustomBehavior File="RunMacro" Macro="/target Kezan\n/click BonusActionButton5" NumOfTimes="1" WaitTime="1000" />
				
				<RunTo X="-8457.685" Y="1347.902" Z="101.697" />
				<CustomBehavior File="RunMacro" Macro="/target Kezan\n/click BonusActionButton1" NumOfTimes="1" WaitTime="1000" />
				<CustomBehavior File="RunMacro" Macro="/target Kezan\n/click BonusActionButton2" NumOfTimes="1" WaitTime="1000" />
				<CustomBehavior File="RunMacro" Macro="/target Kezan\n/click BonusActionButton3" NumOfTimes="1" WaitTime="1000" />
				<CustomBehavior File="RunMacro" Macro="/target Kezan\n/click BonusActionButton4" NumOfTimes="1" WaitTime="1000" />
				<CustomBehavior File="RunMacro" Macro="/target Kezan\n/click BonusActionButton5" NumOfTimes="1" WaitTime="1000" />
				
				<RunTo X="-8461.313" Y="1371.272" Z="101.6973" />
				<CustomBehavior File="RunMacro" Macro="/target Kezan\n/click BonusActionButton1" NumOfTimes="1" WaitTime="1000" />
				<CustomBehavior File="RunMacro" Macro="/target Kezan\n/click BonusActionButton2" NumOfTimes="1" WaitTime="1000" />
				<CustomBehavior File="RunMacro" Macro="/target Kezan\n/click BonusActionButton3" NumOfTimes="1" WaitTime="1000" />
				<CustomBehavior File="RunMacro" Macro="/target Kezan\n/click BonusActionButton4" NumOfTimes="1" WaitTime="1000" />
				<CustomBehavior File="RunMacro" Macro="/target Kezan\n/click BonusActionButton5" NumOfTimes="1" WaitTime="1000" />
				
				<CustomBehavior File="WaitTimer" WaitTime="3000" GoalText="Waiting for quest to complete {TimeRemaining}" />
			 </While>
			 <While Condition="((HasQuest(14153)) &amp;&amp; (!IsQuestCompleted(14153)))" >
				<RunTo X="-8450.798" Y="1334.696" Z="101.7956" />
				<CustomBehavior File="RunMacro" Macro="/target Kezan\n/click BonusActionButton1" NumOfTimes="1" WaitTime="1000" />
				<CustomBehavior File="RunMacro" Macro="/target Kezan\n/click BonusActionButton2" NumOfTimes="1" WaitTime="1000" />
				<CustomBehavior File="RunMacro" Macro="/target Kezan\n/click BonusActionButton3" NumOfTimes="1" WaitTime="1000" />
				<CustomBehavior File="RunMacro" Macro="/target Kezan\n/click BonusActionButton4" NumOfTimes="1" WaitTime="1000" />
				<CustomBehavior File="RunMacro" Macro="/target Kezan\n/click BonusActionButton5" NumOfTimes="1" WaitTime="1000" />
				
				<RunTo X="-8457.685" Y="1347.902" Z="101.697" />
				<CustomBehavior File="RunMacro" Macro="/target Kezan\n/click BonusActionButton1" NumOfTimes="1" WaitTime="1000" />
				<CustomBehavior File="RunMacro" Macro="/target Kezan\n/click BonusActionButton2" NumOfTimes="1" WaitTime="1000" />
				<CustomBehavior File="RunMacro" Macro="/target Kezan\n/click BonusActionButton3" NumOfTimes="1" WaitTime="1000" />
				<CustomBehavior File="RunMacro" Macro="/target Kezan\n/click BonusActionButton4" NumOfTimes="1" WaitTime="1000" />
				<CustomBehavior File="RunMacro" Macro="/target Kezan\n/click BonusActionButton5" NumOfTimes="1" WaitTime="1000" />
				
				<RunTo X="-8461.313" Y="1371.272" Z="101.6973" />
				<CustomBehavior File="RunMacro" Macro="/target Kezan\n/click BonusActionButton1" NumOfTimes="1" WaitTime="1000" />
				<CustomBehavior File="RunMacro" Macro="/target Kezan\n/click BonusActionButton2" NumOfTimes="1" WaitTime="1000" />
				<CustomBehavior File="RunMacro" Macro="/target Kezan\n/click BonusActionButton3" NumOfTimes="1" WaitTime="1000" />
				<CustomBehavior File="RunMacro" Macro="/target Kezan\n/click BonusActionButton4" NumOfTimes="1" WaitTime="1000" />
				<CustomBehavior File="RunMacro" Macro="/target Kezan\n/click BonusActionButton5" NumOfTimes="1" WaitTime="1000" />
				
				<CustomBehavior File="WaitTimer" WaitTime="3000" GoalText="Waiting for quest to complete {TimeRemaining}" />
			 </While>
		
 			<If Condition="((HasQuest(14113)) &amp;&amp; (IsQuestCompleted(14113)))" >
       <TurnIn QuestName="Life of the Party" QuestId="14113" TurnInName="Sassy Hardwrench" TurnInId="34668" />
			</If>
			<If Condition="((HasQuest(14153)) &amp;&amp; (IsQuestCompleted(14153)))" >
		<TurnIn QuestName="Life of the Party" QuestId="14153" TurnInName="Sassy Hardwrench" TurnInId="34668" />	
			</If>

		<PickUp QuestName="Pirate Party Crashers" QuestId="14115" GiverName="Sassy Hardwrench" GiverId="34668"/>
			<Objective QuestName="Pirate Party Crashers" QuestId="14115" Type="KillMob" MobId="35200" KillCount="12"/>
			<If Condition="((HasQuest(14115)) &amp;&amp; (IsQuestCompleted(14115)))" >
				<CustomBehavior File="UserSettings" PullDistance="1" />
		<TurnIn QuestName="Pirate Party Crashers" QuestId="14115" TurnInName="Sassy Hardwrench" TurnInId="34668"/>
				<CustomBehavior File="UserSettings" PullDistance="20" />
			</If>
		<PickUp QuestName="The Uninvited Guest" QuestId="14116" GiverName="Sassy Hardwrench" GiverId="34668"/>
		<TurnIn QuestName="The Uninvited Guest" QuestId="14116" TurnInName="Trade Prince Gallywix" TurnInId="35222"/>
		<PickUp QuestName="A Bazillion Macaroons?!" QuestId="14120" GiverName="Trade Prince Gallywix" GiverId="35222"/>
		<TurnIn QuestName="A Bazillion Macaroons?!" QuestId="14120" TurnInName="Sassy Hardwrench" TurnInId="34668"/>
        <PickUp QuestName="The Great Bank Heist" QuestId="14122" GiverName="Sassy Hardwrench" GiverId="34668" />
		<PickUp QuestName="Robbing Hoods" QuestId="14121" GiverName="Megs Dreadshredder" GiverId="34874"/>
		<PickUp QuestName="Waltz Right In" QuestId="14123" GiverName="Slinky Sharpshiv" GiverId="34693"/>
        <PickUp QuestName="Liberate the Kaja'mite" QuestId="14124" GiverName="Foreman Dampwick" GiverId="34872" />
			<If Condition="((HasQuest(14124)) &amp;&amp; (!IsQuestCompleted(14124)))" >
			 <While Condition="((HasQuest(14124)) &amp;&amp; (!IsQuestCompleted(14124)))" >
               <CustomBehavior File="UseItemTargetLocation" MobId="195488" WaitTime="2000" UseType="ToObject" ItemId="48768" X="-8464.21" Y="1204.967" Z="42.80505" />
				<CustomBehavior File="WaitTimer" WaitTime="2000" GoalText="Waiting for agro to clear {TimeRemaining}" />
               <CustomBehavior File="InteractWith" QuestId="14124" ObjectType="Gameobject" MobId="195492" NumOfTimes="30"  WaitForNpcs="False" CollectionDistance="200" X="-8464.21" Y="1204.967" Z="42.80505" />
			 </While>
				<RunTo X="-8409.072" Y="1335.994" Z="102.2385" />
			</If>
			<If Condition="((HasQuest(14123)) &amp;&amp; (!IsQuestCompleted(14123)))" >
				<!-- Enable these objectives when Kezan is remeshed and delete the 'other' stuff 
				<Objective QuestName="Waltz Right In" QuestId="14123" Type="CollectItem" ItemId="48941" CollectCount="1" />
				-->
				<RunTo X="-8008.512" Y="1870.449" Z="52.51729" />
				<CustomBehavior File="MyCTM" X="-8007.437" Y="1860.484" Z="53.19614" />
				<CustomBehavior File="InteractWith" QuestId="14123" MobId="195518" ObjectType="Gameobject" Range="8" NumOfTimes="1" CollectionDistance="50" X="-8007.437" Y="1860.484" Z="53.19614" />
				<CustomBehavior File="MyCTM" X="-8008.1" Y="1870.728" Z="52.5164" />
				
				<Objective QuestName="Waltz Right In" QuestId="14123" Type="CollectItem" ItemId="48937" CollectCount="1" />
				<Objective QuestName="Waltz Right In" QuestId="14123" Type="CollectItem" ItemId="48939" CollectCount="1" />
			</If>
			<!-- re-flow this quest when it's meshed properly and add the 'run over mobs' part
			<If Condition="((HasQuest(14121)) &amp;&amp; (!IsQuestCompleted(14121)))" >
				<CustomBehavior File="WaitTimer" WaitTime="2000" GoalText="Waiting a sec {TimeRemaining}" />
				<CustomBehavior File="Misc\RunLua" Lua="UseItemByName(46856)" WaitTime="1000" />
				<CustomBehavior File="WaitTimer" WaitTime="2000" GoalText="Using item {TimeRemaining}" />
			 <While Condition="((HasQuest(14121)) &amp;&amp; (!IsQuestCompleted(14121)))" >
			 
			 </While>
			</If>
			-->
				<Objective QuestName="Robbing Hoods" QuestId="14121" Type="CollectItem" ItemId="47530" CollectCount="12" />
			<If Condition="((HasQuest(14122)) &amp;&amp; (!IsQuestCompleted(14122)))" >
				<CustomBehavior File="UserSettings" PullDistance="1" />
				<RunTo X="-8373.546" Y="1727.475" Z="39.94706" />
				
				<CustomBehavior File="14122" QuestId="14122" /> <!-- Azenius behavior -->
				<CustomBehavior File="WaitTimer" WaitTime="3000"/>
				<CustomBehavior File="EjectVeh" Eject="True" />
			</If>
		<!-- sort the order -->
			<If Condition="((HasQuest(14123)) &amp;&amp; (IsQuestCompleted(14123)))" >
		<TurnIn QuestName="Waltz Right In" QuestId="14123" TurnInName="Slinky Sharpshiv" TurnInId="34693"/>
				<CustomBehavior File="UserSettings" PullDistance="20" />
			</If>
		<TurnIn QuestName="Robbing Hoods" QuestId="14121" TurnInName="Megs Dreadshredder" TurnInId="34874"/>
		<TurnIn QuestName="Liberate the Kaja'mite" QuestId="14124" TurnInName="Foreman Dampwick" TurnInId="34872" />
			<If Condition="((HasQuest(14122)) &amp;&amp; (IsQuestCompleted(14122)))" >
		<TurnIn QuestName="The Great Bank Heist" QuestId="14122" TurnInName="Sassy Hardwrench" TurnInId="34668" />
				<CustomBehavior File="ForceSetVendor" DoTrain="True" />
			</If>
        <PickUp QuestName="447" QuestId="14125" GiverName="Sassy Hardwrench" GiverId="34668" />
 			<If Condition="((HasQuest(14125)) &amp;&amp; (!IsQuestCompleted(14125)))" >
				<Objective QuestName="447" QuestId="14125" Type="UseObject" ObjectId="201735" UseCount="1" />
				<Objective QuestName="447" QuestId="14125" Type="UseObject" ObjectId="201733" UseCount="1" />
				<Objective QuestName="447" QuestId="14125" Type="UseObject" ObjectId="201734" UseCount="1" />
				<CustomBehavior File="InteractWith" QuestId="14125" MobId="201736" ObjectType="Gameobject" Range="8" X="-8422.473" Y="1328.263" Z="102.0118" />
				<CustomBehavior File="WaitTimer" WaitTime="20000" />
			</If>
        <TurnIn QuestName="447" QuestId="14125" TurnInName="Claims Adjuster" TurnInId="37602" />
        <PickUp QuestName="Life Savings" QuestId="14126" GiverName="Sassy Hardwrench" GiverId="34668" />
			<If Condition="((HasQuest(14126)) &amp;&amp; (IsQuestCompleted(14126)))" >
				<!-- are these times reasonable? -->
				<CustomBehavior File="InteractWith" MobId="34668" GossipOptions="1" X="-8423.619" Y="1323.341" Z="101.9566" />
				<CustomBehavior File="WaitTimer" WaitTime="45000" GoalText="Waiting for ride {TimeRemaining}" />
        <TurnIn QuestName="Life Savings" QuestId="14126" TurnInName="Trade Prince Gallywix" TurnInId="35222" />
				<CustomBehavior File="WaitTimer" WaitTime="80000" GoalText="Waiting for video {TimeRemaining}" />
				<CustomBehavior File="WaitTimer" WaitTime="20000" GoalText="Waiting for revive {TimeRemaining}" />
			</If>
			<!-- End of Kezan Quests -->

			<!-- Lost Isles Quests -->
				<CustomBehavior File="Message" Text="Compiling Lost Isles Quests" LogColor="Green" />

			<If Condition="((!HasQuest(14239)) &amp;&amp; (!IsQuestCompleted(14239)))" >
				<!-- for some reason - hb doesn't like to find this npc with interactwith - it keeps saying waiting for npc to spawn -->
				<CustomBehavior File="BasicInteractWith" MobId="36608" />
                <CustomBehavior File="RunMacro" Macro="/click QuestFrameCompleteQuestButton" NumOfTimes="1" WaitTime="1000" />	
			</If>
			<If Condition="Me.Class ==WoWClass.Mage || Me.Class ==WoWClass.Priest || Me.Class ==WoWClass.Warlock">
		<PickUp QuestName="Goblin Escape Pods" QuestId="14474" GiverName="Geargrinder Gizmo" GiverId="36600" X="534.835" Y="3272.92" Z="0.171872" />
			<Else>
		<PickUp QuestName="Goblin Escape Pods" QuestId="14001" GiverName="Geargrinder Gizmo" GiverId="36600" X="534.835" Y="3272.92" Z="0.171872" />
			</Else></If>
			<If Condition="((HasQuest(14474)) &amp;&amp; (!IsQuestCompleted(14474)))" >
				<CustomBehavior File="InteractWith" QuestId="14474" MobId="195188" ObjectType="Gameobject" Range="2" NumOfTimes="20" CollectionDistance="500" X="628.9119" Y="3205.444" Z="-1.12628" />
			</If>
			<If Condition="((HasQuest(14001)) &amp;&amp; (!IsQuestCompleted(14001)))" >
				<CustomBehavior File="InteractWith" QuestId="14001" MobId="195188" ObjectType="Gameobject" Range="2" NumOfTimes="20" CollectionDistance="500" X="628.9119" Y="3205.444" Z="-1.12628" />
			</If>
			<If Condition="((HasQuest(14474)) &amp;&amp; (IsQuestCompleted(14474)))" >
		<TurnIn QuestName="Goblin Escape Pods" QuestId="14474" TurnInName="Sassy Hardwrench" TurnInId="35650" X="606.3121" Y="3127.444" Z="2.145028"/>
			</If>
			<If Condition="((HasQuest(14001)) &amp;&amp; (IsQuestCompleted(14001)))" >
		<TurnIn QuestName="Goblin Escape Pods" QuestId="14001" TurnInName="Sassy Hardwrench" TurnInId="35650" X="606.3121" Y="3127.444" Z="2.145028"/>
			</If>
		<PickUp QuestName="Get Our Stuff Back!" QuestId="14014" GiverName="Sassy Hardwrench" GiverId="35650" />
		<PickUp QuestName="It's Our Problem Now" QuestId="14473" GiverName="Maxx Avalanche" GiverId="35786" />
		<PickUp QuestName="Monkey Business" QuestId="14019" GiverName="Bamm Megabomb" GiverId="35758" />
			<If Condition="((HasQuest(14019)) &amp;&amp; (!IsQuestCompleted(14019)))" >
				<CustomBehavior File="UseItemOn" QuestId="14019" MobId="34699" NpcState="Alive" ItemId="49028" Range="30" CollectionDistance="400" NumOfTimes="50" X="653.9917" Y="3088.271" Z="5.650766" />
			</If>
			<Objective QuestName="Get Our Stuff Back!" QuestId="14014" Type="CollectItem" ItemId="46828" CollectCount="8" />
			<Objective QuestName="It's Our Problem Now" QuestId="14473" Type="KillMob" MobId="36740" KillCount="6" />
		<TurnIn QuestName="Monkey Business" QuestId="14019" TurnInName="Bamm Megabomb" TurnInId="35758" />		
		<TurnIn QuestName="It's Our Problem Now" QuestId="14473" TurnInName="Maxx Avalanche" TurnInId="35786" />
		<TurnIn QuestName="Get Our Stuff Back!" QuestId="14014" TurnInName="Sassy Hardwrench" TurnInId="35650" />
		<PickUp QuestName="Help Wanted" QuestId="14248" GiverName="Sassy Hardwrench" GiverId="35650" />
		<TurnIn QuestName="Help Wanted" QuestId="14248" TurnInName="Foreman Dampwick" TurnInId="35769" />
		<PickUp QuestName="Capturing the Unknown" QuestId="14031" GiverName="Foreman Dampwick" GiverId="35769" />
		<PickUp QuestName="Miner Troubles" QuestId="14021" GiverName="Foreman Dampwick" GiverId="35769" />
			<If Condition="((HasQuest(14021)) &amp;&amp; (!IsQuestCompleted(14021)))" >
				<CustomBehavior File="UserSettings" PullDistance="1" />
				<CustomBehavior File="Escort" QuestId="14021" MobId="35813" X="495.38" Y="2973.58" Z="7.705272" />
				<CustomBehavior File="UserSettings" PullDistance="20" />
			</If>
		<PickUp QuestName="Orcs Can Write?" QuestId="14233" GiverName="Dead Orc Scout" GiverId="35837" />
 			<While Condition="((HasQuest(14031)) &amp;&amp; (!IsQuestCompleted(14031)))" >
				<RunTo X="650.839" Y="2966.914" Z="1.922367" />
				<CustomBehavior File="WaitTimer" WaitTime="2000" GoalText="Waiting for agro to clear {TimeRemaining}" />
				<UseItem ItemId="49887" QuestName="Capturing the Unknown" QuestId="14031" WaitTime="6000" X="650.839" Y="2966.914" Z="1.922367" />
			
				<RunTo X="615.7415" Y="2852.979" Z="-7.230033" />
				<CustomBehavior File="WaitTimer" WaitTime="2000" GoalText="Waiting for agro to clear {TimeRemaining}" />
				<UseItem ItemId="49887" QuestName="Capturing the Unknown" QuestId="14031" WaitTime="6000" X="615.7415" Y="2852.979" Z="-7.230033" />
			
				<RunTo X="571.9618" Y="2913.942" Z="-7.472542" />
				<CustomBehavior File="WaitTimer" WaitTime="2000" GoalText="Waiting for agro to clear {TimeRemaining}" />
				<UseItem ItemId="49887" QuestName="Capturing the Unknown" QuestId="14031" WaitTime="6000" X="571.9618" Y="2913.942" Z="-7.472542" />
			
				<RunTo X="567.7236" Y="2946.809" Z="-0.4024535" />
				<CustomBehavior File="WaitTimer" WaitTime="2000" GoalText="Waiting for agro to clear {TimeRemaining}" />
				<UseItem ItemId="49887" QuestName="Capturing the Unknown" QuestId="14031" WaitTime="6000" X="567.7236" Y="2946.809" Z="-0.4024535" />
				
				<CustomBehavior File="WaitTimer" WaitTime="3000" GoalText="Waiting for quest to complete {TimeRemaining}" />
			</While>
		<TurnIn QuestName="Miner Troubles" QuestId="14021" TurnInName="Foreman Dampwick" TurnInId="35769" />
		<TurnIn QuestName="Capturing the Unknown" QuestId="14031" TurnInName="Sassy Hardwrench" TurnInId="35650" />
		<TurnIn QuestName="Orcs Can Write?" QuestId="14233" TurnInName="Sassy Hardwrench" TurnInId="35650" />
		<PickUp QuestName="The Enemy of My Enemy" QuestId="14234" GiverName="Sassy Hardwrench" GiverId="35650" />
		<TurnIn QuestName="The Enemy of My Enemy" QuestId="14234" TurnInName="Aggra" TurnInId="35875" />
		<PickUp QuestName="The Vicious Vale" QuestId="14235" GiverName="Aggra" GiverId="35875" />
			<If Condition="(HasQuest(14235))" >
				<CustomBehavior File="UserSettings" PullDistance="1" />
			</If>
		<TurnIn QuestName="The Vicious Vale" QuestId="14235" TurnInName="Kilag Gorefang" TurnInId="35893" />
		<PickUp QuestName="Weed Whacker" QuestId="14236" GiverName="Kilag Gorefang" GiverId="35893" />
			<If Condition="((HasQuest(14236)) &amp;&amp; (!IsQuestCompleted(14236)))" >
				<CustomBehavior File="Misc\RunLua" Lua="UseItemByName(49108)" WaitTime="1000" />
			 <While Condition="((HasQuest(14236)) &amp;&amp; (!IsQuestCompleted(14236)))" > <!-- maybe change this to run like hell behavior? -->
				<CustomBehavior File="NoCombatMoveTo" X="675.0734" Y="2886.734" Z="86.64193" />
				<CustomBehavior File="NoCombatMoveTo" X="705.2534" Y="2879.776" Z="86.02898" />
				<CustomBehavior File="NoCombatMoveTo" X="705.279" Y="2841.074" Z="84.94949" />
				<CustomBehavior File="NoCombatMoveTo" X="656.6876" Y="2851.715" Z="86.47475" />
				<CustomBehavior File="NoCombatMoveTo" X="662.835" Y="2802.372" Z="87.18581" />
				<CustomBehavior File="NoCombatMoveTo" X="609.5876" Y="2777.941" Z="89.5564" />
				<CustomBehavior File="NoCombatMoveTo" X="601.8419" Y="2795.333" Z="88.4268" />
				<CustomBehavior File="NoCombatMoveTo" X="700.5946" Y="2880.516" Z="86.48035" />
				<CustomBehavior File="NoCombatMoveTo" X="565.662" Y="2914.464" Z="92.71616" />
				<CustomBehavior File="NoCombatMoveTo" X="569.3199" Y="2939.216" Z="93.15173" />
				<CustomBehavior File="NoCombatMoveTo" X="654.8019" Y="2898.48" Z="86.39451" />
				<CustomBehavior File="NoCombatMoveTo" X="642.8545" Y="2775.882" Z="89.46278" />
				<CustomBehavior File="NoCombatMoveTo" X="609.321" Y="2777.761" Z="89.59304" />
			 </While>
				<CustomBehavior File="NoCombatMoveTo" X="580.2725" Y="2741.909" Z="100.986" />
				<CustomBehavior File="Message" Text="Waiting for Agro to clear" LogColor="Orange" />
				<CustomBehavior File="WaitTimer" WaitTime="30000" GoalText="Waiting for agro to clear {TimeRemaining}" />
			</If>
		<TurnIn QuestName="Weed Whacker" QuestId="14236" TurnInName="Kilag Gorefang" TurnInId="35893" />
		<PickUp QuestName="Back to Aggra" QuestId="14303" GiverName="Kilag Gorefang" GiverId="35893" />
			<If Condition="((HasQuest(14303)) &amp;&amp; (IsQuestCompleted(14303)))" >
		<TurnIn QuestName="Back to Aggra" QuestId="14303" TurnInName="Aggra" TurnInId="35875" />
				<CustomBehavior File="UserSettings" PullDistance="20" />
			</If>
		<PickUp QuestName="Forward Movement" QuestId="14237" GiverName="Aggra" GiverId="35875" />
		<TurnIn QuestName="Forward Movement" QuestId="14237" TurnInName="Kilag Gorefang" TurnInId="35917" />
		<PickUp QuestName="Infrared = Infradead" QuestId="14238" GiverName="Kilag Gorefang" GiverId="35917" />
			<If Condition="((HasQuest(14238)) &amp;&amp; (!IsQuestCompleted(14238)))" >
				<CustomBehavior File="Misc\RunLua" Lua="UseItemByName(49611)" /> <!-- Do we need the hasaura plugin? auraid: 68376 and itemid: 49611 -->
				<Objective QuestName="Infrared = Infradead" QuestId="14238" Type="KillMob" MobId="36092" KillCount="10" />
				<CustomBehavior File="Misc\RunLua" Lua="UseItemByName(49611)" />  <!-- Turn them off -->
			</If>
		<TurnIn QuestName="Infrared = Infradead" QuestId="14238" TurnInName="Kilag Gorefang" TurnInId="35917" />
			<If Condition="((!HasQuest(14240)) &amp;&amp; (!IsQuestCompleted(14240)))" >
		<PickUp QuestName="To the Cliffs" QuestId="14240" GiverName="Kilag Gorefang" GiverId="35917" />
				<CustomBehavior File="WaitTimer" WaitTime="55000" GoalText="Waiting for ride {TimeRemaining}" />
			</If>
		<TurnIn QuestName="To the Cliffs" QuestId="14240" TurnInName="Scout Brax" TurnInId="36112" />
		<PickUp QuestName="Get to the Gyrochoppa!" QuestId="14241" GiverName="Scout Brax" GiverId="36112" />
			<Objective QuestName="Get to the Gyrochoppa!" QuestId="14241" Type="CollectItem" ItemId="49424" CollectCount="1" />
		<TurnIn QuestName="Get to the Gyrochoppa!" QuestId="14241" TurnInName="Gyrochoppa" TurnInId="36127" />
			<If Condition="((!HasQuest(14242)) &amp;&amp; (!IsQuestCompleted(14242)))" >
		<PickUp QuestName="Precious Cargo" QuestId="14242" GiverName="Gyrochoppa" GiverId="36127" />
				<CustomBehavior File="WaitTimer" WaitTime="23000" GoalText="Waiting for ride {TimeRemaining}" />
			</If>
			<If Condition="((HasQuest(14242)) &amp;&amp; (!IsQuestCompleted(14242)))" >
				<CustomBehavior File="InteractWith" QuestId="14242" MobId="36145" NumOfTimes="1" CollectionDistance="10" X="993.2761" Y="3852.146" Z="3.227277"/>
			</If>
		<TurnIn QuestName="Precious Cargo" QuestId="14242" TurnInName="Thrall" TurnInId="36145" />
		<PickUp QuestName="Meet Me Up Top" QuestId="14326" GiverName="Thrall" GiverId="36145" />
		<TurnIn QuestName="Meet Me Up Top" QuestId="14326" TurnInName="Thrall" TurnInId="36161" />
		<PickUp QuestName="Warchief's Revenge" QuestId="14243" GiverName="Thrall" GiverId="36161" />
			<If Condition="((HasQuest(14243)) &amp;&amp; (!IsQuestCompleted(14243)))" >
				<CustomBehavior File="NoControlVehicle" QuestId="14243" MobId="36176" NumOfTimes="99" AttackButton="1" MaxRange="100" WaitTime="2000"/>
			</If>
			<If Condition="((HasQuest(14243)) &amp;&amp; (IsQuestCompleted(14243)))" >
				<ClearVendor />
		<TurnIn QuestName="Warchief's Revenge" QuestId="14243" TurnInName="Thrall" TurnInId="36188" X="873.5752" Y="2763.225" Z="119.0468" />
				<CustomBehavior File="ForceSetVendor" DoTrain="True" />
			</If>
		<PickUp QuestName="Farewell, For Now" QuestId="14445" GiverName="Thrall" GiverId="36188" />
		<TurnIn QuestName="Farewell, For Now" QuestId="14445" TurnInName="Sassy Hardwrench" TurnInId="36425" />
		<PickUp QuestName="Up, Up &amp; Away!" QuestId="14244" GiverName="Sassy Hardwrench" GiverId="36425" />
			<If Condition="((HasQuest(14244)) &amp;&amp; (!IsQuestCompleted(14244)))" >
				<CustomBehavior File="InteractWith" QuestId="14244" MobId="196439" GossipOptions="1" CollectionDistance="10" ObjectType="Gameobject" X="876.4977" Y="2745.702" Z="122.9047"/>
				<CustomBehavior File="WaitTimer" WaitTime="13000" GoalText="Waiting for ride {TimeRemaining}" />
			</If>
		<TurnIn QuestName="Up, Up &amp; Away!" QuestId="14244" TurnInName="Foreman Dampwick" TurnInId="36470" />
		<PickUp QuestName="Town-In-A-Box" QuestId="14245" GiverName="Foreman Dampwick" GiverId="36470" />
			<!-- Town in a Box pops up and changes mesh -->
			<If Condition="((HasQuest(14245)) &amp;&amp; (!IsQuestCompleted(14245)))" >
				<CustomBehavior File="InteractWith" QuestId="14245" MobId="201938" ObjectType="Gameobject" Range="8" X="914" Y="2332" Z="11" />
			</If>
        <TurnIn QuestName="It's a Town-In-A-Box" QuestId="14245" TurnInName="Foreman Dampwick" TurnInId="36471" X="932.8066" Y="2332.831" Z="5.009251" />
			<If Condition="((!HasQuest(27139)) &amp;&amp; (!IsQuestCompleted(27139)))" >
			<!-- Spam Picks up
		<PickUp QuestName="Hobart Needs You" QuestId="27139" GiverName="Foreman Dampwick" GiverId="36471" X="932.8066" Y="2332.831" Z="5.009251" /> -->
               <CustomBehavior File="InteractWith"  MobId="36471" X="931.3406" Y="2335.255" Z="4.942273" />
               <CustomBehavior File="RunMacro" Macro="/click GossipTitleButton1" NumOfTimes="1" WaitTime="1000" />
               <CustomBehavior File="RunMacro" Macro="/click QuestFrameAcceptButton" NumOfTimes="1" WaitTime="1000" />
               <CustomBehavior File="WaitTimer" WaitTime="3000"/>
			</If>
			<If Condition="((HasQuest(27139)) &amp;&amp; (IsQuestCompleted(27139)))" >
		<TurnIn QuestName="Hobart Needs You" QuestId="27139" TurnInName="Hobart Grapplehammer" TurnInId="38120" X="919.1012" Y="2336.087" Z="3.454632" />
				<CustomBehavior File="ForceSetVendor" DoTrain="True" />
			</If>
			<If Condition="((HasQuest(24671)) &amp;&amp; (!IsQuestCompleted(24671)))" >
				<CustomBehavior File="InteractWith" QuestId="24671" MobId="38111" NumOfTimes="50" CollectionDistance="500" Range="5" X="961.6928" Y="2293.23" Z="9.223706" />
			</If>
		<TurnIn QuestName="Cluster Cluck" QuestId="24671" TurnInName="Hobart Grapplehammer" TurnInId="38120" />
		<PickUp QuestName="Trading Up" QuestId="24741" GiverName="Bamm Megabomb" GiverId="38122" />
 			<If Condition="((HasQuest(24741)) &amp;&amp; (!IsQuestCompleted(24741)))" >
				<CustomBehavior File="UserSettings" PullDistance="1" />
			 <While Condition="((HasQuest(24741)) &amp;&amp; (!IsQuestCompleted(24741)))" >
				<CustomBehavior File="UseItemOn" QuestId="24741" ItemId="50232" MobId="201972" Range="2" MobType="Gameobject" CollectionDistance="200" X="847.8337" Y="2072.448" Z="92.66414" />
				<CustomBehavior File="WaitTimer" WaitTime="7000" GoalText="Waiting for raptor {TimeRemaining}" />
				<CustomBehavior File="InteractWith" QuestId="24741" MobId="201974" WaitTime="2000" WaitForNpcs="False" MobType="Gameobject" CollectionDistance="200" X="847.8337" Y="2072.448" Z="92.66414" />
			 </While>
				<CustomBehavior File="UserSettings" PullDistance="25" />
			</If>
        <TurnIn QuestName="Trading Up" QuestId="24741" TurnInName="Bamm Megabomb" TurnInId="38122" />
		<PickUp QuestName="The Biggest Egg Ever" QuestId="24744" GiverName="Hobart Grapplehammer" GiverId="38120" />
			<Objective QuestName="The Biggest Egg Ever" QuestId="24744" Type="CollectItem" ItemId="50261" CollectCount="1" />
		<TurnIn QuestName="The Biggest Egg Ever" QuestId="24744" TurnInName="Hobart Grapplehammer" TurnInId="38120" />
		<PickUp QuestName="Who's Top of the Food Chain Now?" QuestId="24816" GiverName="Hobart Grapplehammer" GiverId="38120" />
			<RunTo  QuestId="24816" X="965.1669" Y="2338.372" Z="6.089883" /> <!-- delete when mesh is fixed -->
			<Objective QuestName="Who's Top of the Food Chain Now?" QuestId="24816" Type="CollectItem" ItemId="50381" CollectCount="5" />
		<TurnIn QuestName="Who's Top of the Food Chain Now?" QuestId="24816" TurnInName="Assistant Greely" TurnInId="38124" />			
		<PickUp QuestName="A Goblin in Shark's Clothing" QuestId="24817" GiverName="Assistant Greely" GiverId="38124" />
			<If Condition="((HasQuest(24817)) &amp;&amp; (!IsQuestCompleted(24817)))" >
				<RunTo X="890.3837" Y="2354.762" Z="6.110312" /> <!-- delete when mesh is fixed -->
				<RunTo X="912.4301" Y="2408.765" Z="0.9143945" />
			 <While Condition="HasQuest(24817) &amp;&amp; !IsQuestCompleted(24817)">
				<CustomBehavior File="24817" QuestId="24817" /> <!-- Azenius Behavior -->
				<CustomBehavior File="WaitTimer" WaitTime="3000" GoalText="Waiting for agro to clear {TimeRemaining}" />
			 </While>
			</If>
			<If Condition="((HasQuest(24817)) &amp;&amp; (IsQuestCompleted(24817)) &amp;&amp; (Me.Z &lt; 2))" >
				<RunTo X="912.4301" Y="2408.765" Z="0.9143945" />  <!-- delete when mesh is fixed -->
				<CustomBehavior File="MyCTM" X="890.3837" Y="2354.762" Z="6.110312" />
				<CustomBehavior File="MyCTM" X="902.9622" Y="2342.976" Z="5.475632" />
				<CustomBehavior File="MyCTM" X="918.0179" Y="2337.982" Z="3.347723" />
			</If>
		<TurnIn QuestName="A Goblin in Shark's Clothing" QuestId="24817" TurnInName="Assistant Greely" TurnInId="38120" />
		<PickUp QuestName="Invasion Imminent!" QuestId="24856" GiverName="Assistant Greely" GiverId="38120" />
		<TurnIn QuestName="Invasion Imminent!" QuestId="24856" TurnInName="Megs Dreadshredder" TurnInId="38432" />
		<PickUp QuestName="Bilgewater Cartel Represent" QuestId="24858" GiverName="Megs Dreadshredder" GiverId="38432" />
		<PickUp QuestName="Naga Hide" QuestId="24859" GiverName="Brett 'Coins' McQuid" GiverId="38381" />
			<!-- Bot doesn't like to use these via objective
			<Objective QuestName="Bilgewater Cartel Represent" QuestId="24858" Type="UseObject" ObjectId="202133" UseCount="10" /> -->
			 <While Condition="((HasQuest(24858)) &amp;&amp; (!IsQuestCompleted(24858)))" >
				<CustomBehavior File="InteractWith" QuestId="24858" MobId="202133" ObjectType="Gameobject" Range="5" NumOfTimes="50" WaitForNpcs="False" CollectionDistance="500" X="555.7034" Y="1878.252" Z="6.064001" />
				<CustomBehavior File="InteractWith" QuestId="24858" MobId="202133" ObjectType="Gameobject" Range="5" NumOfTimes="50" WaitForNpcs="False" CollectionDistance="500" X="494.2488" Y="2115.016" Z="4.289853" />
				<CustomBehavior File="InteractWith" QuestId="24858" MobId="202133" ObjectType="Gameobject" Range="5" NumOfTimes="50" WaitForNpcs="False" CollectionDistance="500" X="207.962" Y="2169.652" Z="0.2520648" />
				<CustomBehavior File="InteractWith" QuestId="24858" MobId="202133" ObjectType="Gameobject" Range="5" NumOfTimes="50" WaitForNpcs="False" CollectionDistance="500" X="189.1324" Y="1860.797" Z="5.462565" />
				<CustomBehavior File="InteractWith" QuestId="24858" MobId="202133" ObjectType="Gameobject" Range="5" NumOfTimes="50" WaitForNpcs="False" CollectionDistance="500" X="235.5845" Y="1787.287" Z="4.729953" />
				<CustomBehavior File="InteractWith" QuestId="24858" MobId="202133" ObjectType="Gameobject" Range="5" NumOfTimes="50" WaitForNpcs="False" CollectionDistance="500" X="443.276" Y="1799.763" Z="0.6931013" />
				<CustomBehavior File="InteractWith" QuestId="24858" MobId="202133" ObjectType="Gameobject" Range="5" NumOfTimes="50" WaitForNpcs="False" CollectionDistance="500" X="489.1909" Y="1786.105" Z="1.653129" />
				<CustomBehavior File="WaitTimer" WaitTime="3000" GoalText="Waiting for quest to complete {TimeRemaining}" />
			 </While>
			<Objective QuestName="Naga Hide" QuestId="24859" Type="CollectItem" ItemId="50437" CollectCount="5" />
		<TurnIn QuestName="Naga Hide" QuestId="24859" TurnInName="Brett 'Coins' McQuid" TurnInId="38381" />
		<TurnIn QuestName="Bilgewater Cartel Represent" QuestId="24858" TurnInName="Megs Dreadshredder" TurnInId="38432" />
		<PickUp QuestName="Irresistible Pony" QuestId="24864" GiverName="Megs Dreadshredder" GiverId="38432" />
			<If Condition="((HasQuest(24864)) &amp;&amp; (!IsQuestCompleted(24864)))" >
				<RunTo X="442.0048" Y="1769.908" Z="-1.144799" />
				<CustomBehavior File="WaitTimer" WaitTime="2000" GoalText="stopping {TimeRemaining}" />
				<CustomBehavior File="Misc\RunLua" Lua="UseItemByName(50602)" />
				<CustomBehavior File="WaitTimer" WaitTime="2000" GoalText="Using item {TimeRemaining}" />
				<CustomBehavior File="CollectThings" QuestId="24864"  HuntingGroundRadius="200"  CollectUntil="QuestComplete" X="367.12" Y="1721.407" Z="-46.72433"
				MobId1="44589" MobId2="44590" MobId3="44591" MobId4="38412" MobId5="44579" MobId6="44578" MobId7="44570"  />
				<CustomBehavior File="MyCTM" X="422.0617" Y="1645.182" Z="-1.304395" /> <!-- up to top of water -->
			</If>
        <TurnIn QuestName="Irresistible Pool Pony" QuestId="24864" TurnInName="Megs Dreadshredder" TurnInId="38432" />
		<PickUp QuestName="Surrender or Else!" QuestId="24868" GiverName="Megs Dreadshredder" GiverId="38432" />
			<Objective QuestName="Surrender or Else!" QuestId="24868" Type="KillMob" MobId="38448" KillCount="1" />
		<TurnIn QuestName="Surrender or Else!" QuestId="24868" TurnInName="Megs Dreadshredder" TurnInId="38432" />	
		<PickUp QuestName="Get Back to Town" QuestId="24897" GiverName="Megs Dreadshredder" GiverId="38432" />
			<If Condition="((HasQuest(24897)) &amp;&amp; (IsQuestCompleted(24897)))" >
				<CustomBehavior File="UserSettings" PullDistance="1" />
		<TurnIn QuestName="Get Back to Town" QuestId="24897" TurnInName="Sassy Hardwrench" TurnInId="38387" />
				<CustomBehavior File="UserSettings" PullDistance="20" />
			</If>
		<PickUp QuestName="Town-In-A-Box: Under Attack" QuestId="24901" GiverName="Sassy Hardwrench" GiverId="38387" />
			<If Condition="((HasQuest(24901)) &amp;&amp; (!IsQuestCompleted(24901)))" >
				<CustomBehavior File="MountVehOnly" VehicleMountId="38526" X="927.1685" Y="2323.339" Z="5.855754"/>
				<CustomBehavior File="NoControlVehicle" QuestId="24901" MobId="38531" NumOfTimes="99" AttackButton="1" MaxRange="30" WaitTime="1600" />
			</If>
		<TurnIn QuestName="Town-In-A-Box: Under Attack" QuestId="24901" TurnInName="Sassy Hardwrench" TurnInId="38387" />	
		<PickUp QuestName="Oomlot Village" QuestId="24924" GiverName="Sassy Hardwrench" GiverId="38387" />
		<TurnIn QuestName="Oomlot Village" QuestId="24924" TurnInName="Izzy" TurnInId="38647" />
		<PickUp QuestName="Free the Captives" QuestId="24925" GiverName="Izzy" GiverId="38647" />
		<PickUp QuestName="Send a Message" QuestId="24929" GiverName="Izzy" GiverId="38647" />
			<Objective QuestName="Send a Message" QuestId="24929" Type="KillMob" MobId="38696" KillCount="1" />
			<Objective QuestName="Free the Captives" QuestId="24925" Type="KillMob" MobId="38644" KillCount="5" />
		<TurnIn QuestName="Free the Captives" QuestId="24925" TurnInName="Izzy" TurnInId="38647" />
		<TurnIn QuestName="Send a Message" QuestId="24929" TurnInName="Izzy" TurnInId="38647" />
		<PickUp QuestName="Oomlot Dealt With" QuestId="24937" GiverName="Izzy" GiverId="38647" />
		<TurnIn QuestName="Oomlot Dealt With" QuestId="24937" TurnInName="Sassy Hardwrench" TurnInId="38387" />
		<PickUp QuestName="Up the Volcano" QuestId="24940" GiverName="Sassy Hardwrench" GiverId="38387" />
			<If Condition="((HasQuest(24940)) &amp;&amp; (IsQuestCompleted(24940)))" >
				<CustomBehavior File="NoCombatMoveTo" X="1459.631" Y="2079.545" Z="206.5518" />
		<TurnIn QuestName="Up the Volcano" QuestId="24940" TurnInName="Coach Crosscheck" TurnInId="38738" />
			</If>
        <PickUp QuestName="Zombies vs. Super Booster Rocket Boots" QuestId="24942" GiverName="Coach Crosscheck" GiverId="38738" />
        <PickUp QuestName="Three Little Pygmies" QuestId="24945" GiverName="Foreman Dampwick" GiverId="36471" />
        <PickUp QuestName="Rockin' Powder" QuestId="24946" GiverName="Assistant Greely" GiverId="38124" />
			<!-- These 3 quests need ... some help -->
			<If Condition="((HasQuest(24946)) &amp;&amp; (!IsQuestCompleted(24946)))" >
				<If Condition="!Me.HasAura(&quot;Super Booster Rocket Boots&quot;) &amp;&amp; (Me.Z &lt; 288)">
					<CustomBehavior File="UserSettings" PullDistance="1" />
					<CustomBehavior File="Misc\RunLua" Lua="UseItemByName(52013)" />
				</If>
				<CustomBehavior File="NoCombatMoveTo" X="1670.009" Y="1744.841" Z="290.8352" />
				<If Condition="Me.HasAura(&quot;Super Booster Rocket Boots&quot;)">
					<CustomBehavior File="Misc\RunLua" Lua="UseItemByName(52013)" />
				</If>
				<CustomBehavior File="UserSettings" PullDistance="20" />
				<Objective QuestName="Rockin' Powder" QuestId="24946" Type="CollectItem" ItemId="52024" CollectCount="5" />
			</If>
			<If Condition="((HasQuest(24945)) &amp;&amp; (!IsQuestCompleted(24945)))" >
				<If Condition="!Me.HasAura(&quot;Super Booster Rocket Boots&quot;) &amp;&amp; (Me.Z &lt; 288)">
					<CustomBehavior File="UserSettings" PullDistance="1" />
					<CustomBehavior File="Misc\RunLua" Lua="UseItemByName(52013)" />
				</If>
				<CustomBehavior File="NoCombatMoveTo" X="1670.009" Y="1744.841" Z="290.8352" />
				<If Condition="Me.HasAura(&quot;Super Booster Rocket Boots&quot;)">
					<CustomBehavior File="Misc\RunLua" Lua="UseItemByName(52013)" />
				</If>
				<CustomBehavior File="UserSettings" PullDistance="20" />
				<Objective QuestName="Three Little Pygmies" QuestId="24945" Type="KillMob" MobId="38808" KillCount="1" />
				
				<If Condition="!Me.HasAura(&quot;Super Booster Rocket Boots&quot;)">
					<CustomBehavior File="UserSettings" PullDistance="1" />
					<CustomBehavior File="Misc\RunLua" Lua="UseItemByName(52013)" />
				</If>
				<CustomBehavior File="NoCombatMoveTo" X="1473.683" Y="1710.455" Z="283.084" />
				<If Condition="Me.HasAura(&quot;Super Booster Rocket Boots&quot;)">
					<CustomBehavior File="Misc\RunLua" Lua="UseItemByName(52013)" />
				</If>
				<CustomBehavior File="UserSettings" PullDistance="20" />
				<Objective QuestName="Three Little Pygmies" QuestId="24945" Type="KillMob" MobId="38809" KillCount="1" />
				
				<If Condition="!Me.HasAura(&quot;Super Booster Rocket Boots&quot;)">
					<CustomBehavior File="UserSettings" PullDistance="1" />
					<CustomBehavior File="Misc\RunLua" Lua="UseItemByName(52013)" />
				</If>
				<CustomBehavior File="NoCombatMoveTo" X="1313.504" Y="1514.383" Z="315.3326" />
				<If Condition="Me.HasAura(&quot;Super Booster Rocket Boots&quot;)">
					<CustomBehavior File="Misc\RunLua" Lua="UseItemByName(52013)" />
				</If>
				<CustomBehavior File="UserSettings" PullDistance="20" />
				<Objective QuestName="Three Little Pygmies" QuestId="24945" Type="KillMob" MobId="38810" KillCount="1" />
			</If>
			<If Condition="((HasQuest(24942)) &amp;&amp; (!IsQuestCompleted(24942)))" >
					<CustomBehavior File="UserSettings" PullDistance="1" />
				<If Condition="!Me.HasAura(&quot;Super Booster Rocket Boots&quot;)">
					<CustomBehavior File="Misc\RunLua" Lua="UseItemByName(52013)" />
				</If>
				<RunTo X="1478.139" Y="2028.923" Z="231.9276" />
				<!-- this is acting fucking stupid atm
				<CustomBehavior File="RunLikeHell" QuestId="24942" NumOfTimes="1" AllowCombat="False" >
					<Hotspot X="1476.906" Y="2025.116" Z="232.1545" />
					<Hotspot X="1522.835" Y="1796.629" Z="268.709" />
					<Hotspot X="1505.76" Y="1747.596" Z="281.6613" />
					<Hotspot X="1542.306" Y="1764.221" Z="271.8004" />
					<Hotspot X="1584.673" Y="1757.097" Z="272.6762" />
					<Hotspot X="1554.773" Y="1792.142" Z="265.3022" />
					<Hotspot X="1547.481" Y="1849.257" Z="256.9195" />
					<Hotspot X="1532.688" Y="1881.297" Z="251.5076" />
					<Hotspot X="1487.699" Y="1934.076" Z="241.4472" />
					<Hotspot X="1476.792" Y="1975.642" Z="238.1429" />
					<Hotspot X="1477.436" Y="2025.487" Z="232.1463" />
				</CustomBehavior>
				-->
				 <While Condition="((HasQuest(24942)) &amp;&amp; (!IsQuestCompleted(24942)))" >
					<CustomBehavior File="NoCombatMoveTo" X="1476.906" Y="2025.116" Z="232.1545" />
					<CustomBehavior File="NoCombatMoveTo" X="1522.835" Y="1796.629" Z="268.709" />
					<CustomBehavior File="NoCombatMoveTo" X="1505.76" Y="1747.596" Z="281.6613" />
					<CustomBehavior File="NoCombatMoveTo" X="1542.306" Y="1764.221" Z="271.8004" />
					<CustomBehavior File="NoCombatMoveTo" X="1584.673" Y="1757.097" Z="272.6762" />
					<CustomBehavior File="NoCombatMoveTo" X="1554.773" Y="1792.142" Z="265.3022" />
					<CustomBehavior File="NoCombatMoveTo" X="1547.481" Y="1849.257" Z="256.9195" />
					<CustomBehavior File="NoCombatMoveTo" X="1532.688" Y="1881.297" Z="251.5076" />
					<CustomBehavior File="NoCombatMoveTo" X="1487.699" Y="1934.076" Z="241.4472" />
					<CustomBehavior File="NoCombatMoveTo" X="1476.792" Y="1975.642" Z="238.1429" />
					<CustomBehavior File="NoCombatMoveTo" X="1477.436" Y="2025.487" Z="232.1463" />
				 </While>

					<CustomBehavior File="NoCombatMoveTo" X="1465.105" Y="2045.135" Z="225.992" />
				<If Condition="Me.HasAura(&quot;Super Booster Rocket Boots&quot;)">
					<CustomBehavior File="Misc\RunLua" Lua="UseItemByName(52013)" />
				</If>
					<CustomBehavior File="UserSettings" PullDistance="20" />
			</If>
 			<If Condition="((HasQuest(24942)) &amp;&amp; (!IsQuestCompleted(24942)))" >
					<CustomBehavior File="UserSettings" PullDistance="1" />
				<If Condition="!Me.HasAura(&quot;Super Booster Rocket Boots&quot;)">
					<CustomBehavior File="Misc\RunLua" Lua="UseItemByName(52013)" />
				</If>
				<CustomBehavior File="NoCombatMoveTo" X="1465.105" Y="2045.135" Z="225.992" />
				<If Condition="Me.HasAura(&quot;Super Booster Rocket Boots&quot;)">
					<CustomBehavior File="Misc\RunLua" Lua="UseItemByName(52013)" />
				</If>
					<CustomBehavior File="UserSettings" PullDistance="20" />
			</If>
		<TurnIn QuestName="Zombies vs. Super Booster Rocket Boots" QuestId="24942" TurnInName="Coach Crosscheck" TurnInId="38738" />
        <TurnIn QuestName="Three Little Pygmies" QuestId="24945" TurnInName="Foreman Dampwick" TurnInId="36471" />
        <TurnIn QuestName="Rockin' Powder" QuestId="24946" TurnInName="Assistant Greely" TurnInId="38124" />
        <PickUp QuestName="Rocket Boot Boost" QuestId="24952" GiverName="Coach Crosscheck" GiverId="38738" />
			<If Condition="HasQuest(24952)">
				<CustomBehavior File="Misc\RunLua" Lua="UseItemByName(52032)" />
				<CustomBehavior File="WaitTimer" WaitTime="17000" GoalText="Waiting for flight {TimeRemaining}" />
			</If>
		<TurnIn QuestName="Rocket Boot Boost" QuestId="24952" TurnInName="Hobart Grapplehammer" TurnInId="38120" />
		<PickUp QuestName="Children of a Turtle God" QuestId="24954" GiverName="Hobart Grapplehammer" GiverId="38120" />
			<Objective QuestName="Children of a Turtle God" QuestId="24954" Type="CollectItem" ItemId="52035" CollectCount="5" />
		<TurnIn QuestName="Children of a Turtle God" QuestId="24954" TurnInName="Hobart Grapplehammer" TurnInId="38120" />
		<PickUp QuestName="Volcanoth!" QuestId="24958" GiverName="Hobart Grapplehammer" GiverId="38120" />
			<If Condition="((HasQuest(24958)) &amp;&amp; (!IsQuestCompleted(24958)))" >
				<RunTo X="1422.441" Y="1217.592" Z="126.6952" />
				<CustomBehavior File="CombatUseItemOn" QuestId="24958" MobId="38855" ItemId="52043" MobHpPercentLeft="100" Range="59" X="1217.207" Y="1148.594" Z="117.8398" />
			</If>
        <TurnIn QuestName="Volcanoth!" QuestId="24958" TurnInName="Sassy Hardwrench" TurnInId="38928" />
			<If Condition="((!HasQuest(25023)) &amp;&amp; (!IsQuestCompleted(25023)))" >
		<PickUp QuestName="Old Friends" QuestId="25023" GiverName="Sassy Hardwrench" GiverId="38928" />
				<CustomBehavior File="WaitTimer" WaitTime="110000" GoalText="Waiting for ride {TimeRemaining}" />
				<CustomBehavior File="ForceSetVendor" DoSell="True" />
			</If>
		<TurnIn QuestName="Old Friends" QuestId="25023" TurnInName="Thrall" TurnInId="38935" />
		<PickUp QuestName="Repel the Paratroopers" QuestId="25024" GiverName="Thrall" GiverId="38935" />
		<PickUp QuestName="The Heads of the SI:7" QuestId="25093" GiverName="Aggra" GiverId="39065" />
		<PickUp QuestName="Mine Disposal, the Goblin Way" QuestId="25058" GiverName="Sassy Hardwrench" GiverId="38387" />
			<If Condition="((HasQuest(25058)) &amp;&amp; (!IsQuestCompleted(25058)))" >
				<CustomBehavior File="UserSettings" PullDistance="1" />
			 <While Condition="((HasQuest(25058)) &amp;&amp; (!IsQuestCompleted(25058)))" >
				<CustomBehavior File="UseItemTargetLocation" ItemId="52280" MobId="202472" Range="30" UseType="ToObject" WaitTime="3000" X="1785.145" Y="2922.805" Z="6.375556" />
			 </While>
				<CustomBehavior File="UserSettings" PullDistance="20" />
			</If>
			<Objective QuestName="The Heads of the SI:7" QuestId="25093" Type="CollectItem" ItemId="52346" CollectCount="1" />
			<Objective QuestName="The Heads of the SI:7" QuestId="25093" Type="CollectItem" ItemId="52349" CollectCount="1" />
			<Objective QuestName="The Heads of the SI:7" QuestId="25093" Type="CollectItem" ItemId="52347" CollectCount="1" />
			<Objective QuestName="Repel the Paratroopers" QuestId="25024" Type="KillMob" MobId="39042" KillCount="10" />
			<If Condition="((HasQuest()) &amp;&amp; (IsQuestCompleted()))" >
				<CustomBehavior File="UserSettings" PullDistance="1" />
		<TurnIn QuestName="Repel the Paratroopers" QuestId="25024" TurnInName="Thrall" TurnInId="38935" />
				<CustomBehavior File="UserSettings" PullDistance="20" />
			</If>
		<TurnIn QuestName="The Heads of the SI:7" QuestId="25093" TurnInName="Aggra" TurnInId="39065" />
		<TurnIn QuestName="Mine Disposal, the Goblin Way" QuestId="25058" TurnInName="Sassy Hardwrench" TurnInId="38387" />
		<PickUp QuestName="The Pride of Kezan" QuestId="25066" GiverName="Sassy Hardwrench" GiverId="38387" />
			<If Condition="((HasQuest(25066)) &amp;&amp; (!IsQuestCompleted(25066)))" >
				<!-- <CustomBehavior File="InteractWith" QuestId="25066" MobId="38387" NumOfTimes="1" GossipOptions="1" CollectionDistance="10" X="1619.505" Y="2697.07" Z="88.21132"/> -->
				<CustomBehavior File="25066" /> <!-- Azenius -->
				<CustomBehavior File="WaitTimer" WaitTime="10000" GoalText="Waiting for quest to complete {TimeRemaining}" />
			</If>
		<TurnIn QuestName="The Pride of Kezan" QuestId="25066" TurnInName="Sassy Hardwrench" TurnInId="38387" />
		<PickUp QuestName="The Warchief Wants You" QuestId="25098" GiverName="Sassy Hardwrench" GiverId="38387" />
		<TurnIn QuestName="The Warchief Wants You" QuestId="25098" TurnInName="Thrall" TurnInId="38935" />
		<PickUp QuestName="Borrow Bastia" QuestId="25099" GiverName="Thrall" GiverId="38935" />
		<TurnIn QuestName="Borrow Bastia" QuestId="25099" TurnInName="Kilag Gorefang" TurnInId="39066" />
			<If Condition="((!HasQuest(25100)) &amp;&amp; (!IsQuestCompleted(25100)))" >
		<PickUp QuestName="Let's Ride" QuestId="25100" GiverName="Kilag Gorefang" GiverId="39066" />
				<CustomBehavior File="WaitTimer" WaitTime="72000" GoalText="Waiting for ride {TimeRemaining}" />
			</If>
		<TurnIn QuestName="Let's Ride" QuestId="25100" TurnInName="Slinky Sharpshiv" TurnInId="38517" />
			<If Condition="((!HasQuest(25109)) &amp;&amp; (!IsQuestCompleted(25109)))" >
		<PickUp QuestName="The Gallywix Labor Mine" QuestId="25109" GiverName="Slinky Sharpshiv" GiverId="38517" />
				<CustomBehavior File="ForceSetVendor" DoTrain="True" DoRepair="False" />
			</If>
		<TurnIn QuestName="The Gallywix Labor Mine" QuestId="25109" TurnInName="Assistant Greely" TurnInId="38124" X="1781.033" Y="1983.231" Z="173.0977" />
		<PickUp QuestName="Kaja'Cola Gives You IDEAS! (TM)" QuestId="25110" GiverName="Assistant Greely" GiverId="38124" />
			<Objective QuestName="Kaja'Cola Gives You IDEAS! (TM)" QuestId="25110" Type="CollectItem" ItemId="52483" CollectCount="1" />
			<If Condition="((HasQuest(25110)) &amp;&amp; (IsQuestCompleted(25110)))" >
		<TurnIn QuestName="Kaja'Cola Gives You IDEAS! (TM)" QuestId="25110" TurnInName="Assistant Greely" TurnInId="38124" />
				<CustomBehavior File="WaitTimer" WaitTime="5000" GoalText="Waiting for quest to complete {TimeRemaining}" />
			</If>
		<PickUp QuestName="Morale Boost" QuestId="25122" GiverName="Assistant Greely" GiverId="39199" X="1781.033" Y="1983.231" Z="173.0977" />
		<PickUp QuestName="Throw It On the Ground!" QuestId="25123" GiverName="Assistant Greely" GiverId="39199" X="1781.033" Y="1983.231" Z="173.0977" />
			<If Condition="((HasQuest(25122)) &amp;&amp; (!IsQuestCompleted(25122)))" >
				<Objective QuestName="Morale Boost" QuestId="25122" Type="CollectItem" ItemId="52484" CollectCount="20" />
			 <While Condition="((HasQuest(25122)) &amp;&amp; (!IsQuestCompleted(25122)))" >
				<CustomBehavior File="UseItemOn" MobState="Alive" QuestId="25122" ItemId="52484" Range="5" MobId="38745" NumOfTimes="6" X="1795.279" Y="1922.784" Z="172.6141" WaitTime="10000" />
				<CustomBehavior File="UseItemOn" MobState="Alive" QuestId="25122" ItemId="52484" Range="5" MobId="38441" NumOfTimes="1" X="1763.078" Y="1810.266" Z="171.6499" />
				<CustomBehavior File="UseItemOn" MobState="Alive" QuestId="25122" ItemId="52484" Range="5" MobId="38647" NumOfTimes="1" X="1826.609" Y="1809.67" Z="173.2442" />	
				<CustomBehavior File="UseItemOn" MobState="Alive" QuestId="25122" ItemId="52484" Range="5" MobId="38746" NumOfTimes="1" X="1913.413" Y="1807.932" Z="170.1177" />
				<CustomBehavior File="WaitTimer" WaitTime="3000" GoalText="Waiting for quest to complete {TimeRemaining}" />
			 </While>
			</If>
		<TurnIn QuestName="Morale Boost" QuestId="25122" TurnInName="Assistant Greely" TurnInId="39199" />
		   <While Condition="HasQuest(25123) &amp;&amp; !IsQuestCompleted(25123)">
				<CustomBehavior File="InteractWith" MobId="39194" Range="5" WaitForNpcs="False" X="1913.888" Y="1870.077" Z="173.4376" />
				<CustomBehavior File="UserSettings" PullDistance="1" />
				<CustomBehavior File="WaitTimer" WaitTime="2000" GoalText="Waiting for agro to clear {TimeRemaining}" />
				<CustomBehavior File="InteractWith" QuestId="25123" ObjectType="Gameobject" MobId="202574" WaitForNpcs="False" CollectionDistance="400" X="1913.888" Y="1870.077" Z="173.4376" />
			 <If Condition="(HasItem(52481))" >
				<CustomBehavior File="UseItemOn" ItemId="52481" Range="10" MobId="39194" NumOfTimes="1" X="1920.335" Y="1864.401" Z="173.3432" />
			 </If>
					<CustomBehavior File="UserSettings" PullDistance="20" />
			</While>
		<TurnIn QuestName="Throw It On the Ground!" QuestId="25123" TurnInName="Assistant Greely" TurnInId="39199" />	
		<PickUp QuestName="Light at the End of the Tunnel" QuestId="25125" GiverName="Assistant Greely" GiverId="39199" />
		<TurnIn QuestName="Light at the End of the Tunnel" QuestId="25125" TurnInName="Mine Cart" TurnInId="39341" />
			<If Condition="((!HasQuest(25184)) &amp;&amp; (!IsQuestCompleted(25184)))" >
		<PickUp QuestName="Wild Mine Cart Ride" QuestId="25184" GiverName="Mine Cart" GiverId="39341" />
				<CustomBehavior File="WaitTimer" WaitTime="10000" GoalText="Waiting for ride {TimeRemaining}" />
			</If>
		<TurnIn QuestName="Wild Mine Cart Ride" QuestId="25184" TurnInName="Assistant Greely" TurnInId="38124" />
		<PickUp QuestName="Shredder Shutdown" QuestId="25200" GiverName="Assistant Greely" GiverId="38124" />
		<PickUp QuestName="The Ultimate Footbomb Uniform" QuestId="25201" GiverName="Coach Crosscheck" GiverId="38738" />
			<Objective QuestName="The Ultimate Footbomb Uniform" QuestId="25201" Type="CollectItem" ItemId="52530" CollectCount="8" />
			<Objective QuestName="Shredder Shutdown" QuestId="25200" Type="KillMob" MobId="39354" KillCount="8" />
		<TurnIn QuestName="Shredder Shutdown" QuestId="25200" TurnInName="Assistant Greely" TurnInId="38124" />
		<TurnIn QuestName="The Ultimate Footbomb Uniform" QuestId="25201" TurnInName="Coach Crosscheck" TurnInId="38738" />
		<PickUp QuestName="Release the Valves" QuestId="25204" GiverName="Assistant Greely" GiverId="38124" />

			<!-- Female Goblin -->
			<If Condition="Me.Gender == WoWGender.Female">
		<PickUp QuestName="The Fastest Way to His Heart" QuestId="25202" GiverName="Izzy" GiverId="38647" />
			<Objective QuestName="Release the Valves" QuestId="25204" Type="UseObject" ObjectId="202609" UseCount="1" />
			<Objective QuestName="Release the Valves" QuestId="25204" Type="UseObject" ObjectId="202610" UseCount="1" />
			<Objective QuestName="Release the Valves" QuestId="25204" Type="UseObject" ObjectId="202611" UseCount="1" />
			<Objective QuestName="Release the Valves" QuestId="25204" Type="UseObject" ObjectId="202612" UseCount="1" />
			<Objective QuestName="The Fastest Way to His Heart" QuestId="25202" Type="CollectItem" ItemId="52531" CollectCount="1" />
		<TurnIn QuestName="Release the Valves" QuestId="25204" TurnInType="Object" TurnInName="Platform Control Panel" TurnInId="202613" X="2486.886" Y="2062.732" Z="14.84005" />
		<PickUp QuestName="Good-bye, Sweet Oil" QuestId="25207" GiverType="Object" GiverName="Platform Control Pane" GiverId="202613" X="2486.886" Y="2062.732" Z="14.84005" />
			<If Condition="((HasQuest(25207)) &amp;&amp; (!IsQuestCompleted(25207)))" >
				<CustomBehavior File="InteractWith" QuestId="25207" MobId="205061" ObjectType="Gameobject" Range="8" NumOfTimes="1" CollectionDistance="50" X="2487.508" Y="2065.495" Z="14.85919" />
			</If>
		<TurnIn QuestName="The Fastest Way to His Heart" QuestId="25202" TurnInName="Izzy" TurnInId="38647" />
		<TurnIn QuestName="Good-bye, Sweet Oil" QuestId="25207" TurnInName="Assistant Greely" TurnInId="38124" />
			<If Condition="((!HasQuest(25213)) &amp;&amp; (!IsQuestCompleted(25213)))" >
		<PickUp QuestName="The Slave Pits" QuestId="25213" GiverName="Assistant Greely" GiverId="38124" />
				<CustomBehavior File="WaitTimer" WaitTime="35000" GoalText="Waiting for ride {TimeRemaining}" />
			</If>
		<TurnIn QuestName="The Slave Pits" QuestId="25213" TurnInName="Sassy Hardwrench" TurnInId="38387" />
		<PickUp QuestName="Escape Velocity" QuestId="25214" GiverName="Hobart Grapplehammer" GiverId="38120" />
		<PickUp QuestName="What Kind of Name is Candy, Anyway?" QuestId="25244" GiverName="Sassy Hardwrench" GiverId="38387" />
			<Objective QuestName="What Kind of Name is Candy, Anyway?" QuestId="25244" Type="KillMob" MobId="39426" KillCount="1" />
			<If Condition="((HasQuest(25214)) &amp;&amp; (!IsQuestCompleted(25214)))" >
				<CustomBehavior File="InteractWith" QuestId="25214" NumOfTimes="50" MobId="39456" Range="8" X="2062.196" Y="2508.726" Z="0.4415879" />
			</If>
		<TurnIn QuestName="Escape Velocity" QuestId="25214" TurnInName="Hobart Grapplehammer" TurnInId="38120" />
		<TurnIn QuestName="What Kind of Name is Candy, Anyway?" QuestId="25244" TurnInName="Sassy Hardwrench" TurnInId="38387" />
			</If>
			<!-- End of Female Goblin -->

			<!-- Male Goblin -->
			<If Condition="Me.Gender == WoWGender.Male">
		<PickUp QuestName="What Kind of Name is Chip, Anyway?" QuestId="25203" GiverName="Ace" GiverId="38441" />
			<Objective QuestName="Release the Valves" QuestId="25204" Type="UseObject" ObjectId="202609" UseCount="1" />
			<Objective QuestName="Release the Valves" QuestId="25204" Type="UseObject" ObjectId="202610" UseCount="1" />
			<Objective QuestName="Release the Valves" QuestId="25204" Type="UseObject" ObjectId="202611" UseCount="1" />
			<Objective QuestName="Release the Valves" QuestId="25204" Type="UseObject" ObjectId="202612" UseCount="1" />
			<Objective QuestName="What Kind of Name is Chip, Anyway?" QuestId="25203" Type="KillMob" MobId="39363" KillCount="1" />		
		<TurnIn QuestName="Release the Valves" QuestId="25204" TurnInType="Object" TurnInName="Platform Control Panel" TurnInId="202613" X="2486.886" Y="2062.732" Z="14.84005" />
		<PickUp QuestName="Good-bye, Sweet Oil" QuestId="25207" GiverType="Object" GiverName="Platform Control Pane" GiverId="202613" X="2486.886" Y="2062.732" Z="14.84005" />
			<If Condition="((HasQuest(25207)) &amp;&amp; (!IsQuestCompleted(25207)))" >
				<CustomBehavior File="InteractWith" QuestId="25207" MobId="205061" ObjectType="Gameobject" Range="8" NumOfTimes="1" CollectionDistance="50" X="2487.508" Y="2065.495" Z="14.85919" />
			</If>
		<TurnIn QuestName="What Kind of Name is Chip, Anyway?" QuestId="25203" TurnInName="Ace" TurnInId="38441" />
		<TurnIn QuestName="Good-bye, Sweet Oil" QuestId="25207" TurnInName="Assistant Greely" TurnInId="38124" />
			<If Condition="((!HasQuest(25213)) &amp;&amp; (!IsQuestCompleted(25213)))" >
		<PickUp QuestName="The Slave Pits" QuestId="25213" GiverName="Assistant Greely" GiverId="38124" />
				<CustomBehavior File="WaitTimer" WaitTime="35000" GoalText="Waiting for ride {TimeRemaining}" />
			</If>
		<TurnIn QuestName="The Slave Pits" QuestId="25213" TurnInName="Sassy Hardwrench" TurnInId="38387" />
		<PickUp QuestName="Escape Velocity" QuestId="25214" GiverName="Hobart Grapplehammer" GiverId="38120" />
		<PickUp QuestName="She Loves Me, She Loves Me NOT!" QuestId="25243" GiverName="Sassy Hardwrench" GiverId="38387" />
			<Objective QuestName="She Loves Me, She Loves Me NOT!" QuestId="25243" Type="CollectItem" ItemId="52559" CollectCount="1" />
			<If Condition="((HasQuest(25214)) &amp;&amp; (!IsQuestCompleted(25214)))" >
				<CustomBehavior File="InteractWith" QuestId="25214" NumOfTimes="50" MobId="39456" WaitTime="7000" X="2097.615" Y="2609.609" Z="2.211801" />
			</If>
		<TurnIn QuestName="She Loves Me, She Loves Me NOT!" QuestId="25243" TurnInName="Sassy Hardwrench" TurnInId="38387" />
		<TurnIn QuestName="Escape Velocity" QuestId="25214" TurnInName="Hobart Grapplehammer" TurnInId="38120" />
			</If>
			<!-- End of Male Goblin -->

		<PickUp QuestName="Final Confrontation" QuestId="25251" GiverName="Sassy Hardwrench" GiverId="38387" />
			<If Condition="HasQuest(25251) &amp;&amp; !IsQuestCompleted(25251)">
				<CustomBehavior File="25251"/>
			</If>
		<TurnIn QuestName="Final Confrontation" QuestId="25251" TurnInName="Sassy Hardwrench" TurnInId="38387" />
			<If Condition="((!HasQuest(25265)) &amp;&amp; (!IsQuestCompleted(25265)))" >
		<PickUp QuestName="Victory!" QuestId="25265" GiverName="Sassy Hardwrench" GiverId="38387" />
				<CustomBehavior File="WaitTimer" WaitTime="5000" GoalText="Waiting for flight {TimeRemaining}" />
			</If>
		<TurnIn QuestName="Victory!" QuestId="25265" TurnInName="Thrall" TurnInId="38935" />
		<PickUp QuestName="Warchief's Emissary" QuestId="25266" GiverName="Thrall" GiverId="38935" />
			<If Condition="((HasQuest(25266)) &amp;&amp; (IsQuestCompleted(25266)) &amp;&amp; (Me.ZoneId == 4720))" >
				<CustomBehavior File="InteractWith" MobId="38387" GossipOptions="1,1,1,1" WaitTime="5000" X="2388.219" Y="2461.356" Z="11.44789" />
				<CustomBehavior File="WaitTimer" WaitTime="15000" GoalText="Waiting for port {TimeRemaining}" />
			</If>
		<TurnIn QuestName="Warchief's Emissary" QuestId="25266" TurnInName="Kor'kron Loyalist" TurnInId="39609" />
		<!-- End of Lost Isles Quests -->
		
			<!-- Orgrimmar Quests -->
				<CustomBehavior File="Message" Text="Compiling Orgrimmar Quests" LogColor="Green" />

			<If Condition="((!HasQuest(25267)) &amp;&amp; (!IsQuestCompleted(25267)))" >
		<PickUp QuestName="Message for Garrosh" QuestId="25267" GiverName="Kor'kron Loyalist" GiverId="39609" />
				<CustomBehavior File="WaitTimer" WaitTime="65000" GoalText="Waiting for ride {TimeRemaining}" />
			</If>
		<TurnIn QuestName="Message for Garrosh" QuestId="25267" TurnInName="Message for Garrosh" TurnInId="39605" X="1668.852" Y="-4343.63" Z="28.32091" />
			<!-- End of Orgimmar Quests -->

			<CustomBehavior File="UserSettings" LootMobs="True" TrainNewSkills="False" LearnFlightPaths="True" UseFlightPaths="True" />
		
			<!-- N. Barrens Quests -->
				<CustomBehavior File="Message" Text="Compiling N. Barrens Quests" LogColor="Green" />
			<!-- Do we have the xroads fp? i can add a !hasquest !icq runto fp guy in org -->
			
		<PickUp QuestName="The Forgotten Pools" QuestId="870" GiverName="Apothecary Helbrim" GiverId="3448"/>
		<PickUp QuestName="Hunting the Huntress" QuestId="903" GiverName="Sergra Darkthorn" GiverId="3338"/>
		<PickUp QuestName="The Zhevra" QuestId="845" GiverName="Sergra Darkthorn" GiverId="3338"/>
		<PickUp QuestName="Fungal Spores" QuestId="848" GiverName="Apothecary Helbrim" GiverId="3390"/>
			<Objective QuestName="The Zhevra" QuestId="845" Type="CollectItem" ItemId="5086" CollectCount="4"/>
			<Objective QuestName="Hunting the Huntress" QuestId="903" Type="CollectItem" ItemId="5096" CollectCount="5"/>
			<Objective QuestName="Fungal Spores" QuestId="848" Type="CollectItem" ItemId="5012" CollectCount="5" X="86.21492" Y="-1942.893" Z="79.62669"/>
			<RunTo QuestId="870" X="89.82773" Y="-1943.678" Z="79.9927"/>
		<PickUp QuestName="A Little Diversion" QuestId="13992" GiverName="Ta'jari" GiverId="34613"/>
			<Objective QuestName="A Little Diversion" QuestId="13992" Type="KillMob" MobId="34614" KillCount="8"/>
		<TurnIn QuestName="A Little Diversion" QuestId="13992" TurnInName="Ta'jari" TurnInId="34613"/>
		<TurnIn QuestName="Hunting the Huntress" QuestId="903" TurnInName="Sergra Darkthorn" TurnInId="3338"/>
		<TurnIn QuestName="The Zhevra" QuestId="845" TurnInName="Sergra Darkthorn" TurnInId="3338"/>
		<TurnIn QuestName="The Forgotten Pools" QuestId="870" TurnInName="Tonga Runetotem" TurnInId="3448"/>
			<!-- ignoring A Growing Problem -->
		<TurnIn QuestName="Fungal Spores" QuestId="848" TurnInName="Apothecary Helbrim" TurnInId="3390"/>
		<PickUp QuestName="Echeyakee" GiverName="Sergra Darkthorn" QuestId="881" GiverId="3338"/>
		<PickUp QuestName="In Fungus We Trust" GiverName="Apothecary Helbrim" QuestId="13998" GiverId="3390"/>
			<UseItem ItemId="10327" QuestName="Echeyakee" QuestId="881" X="-22.86795" Y="-2385.35" Z="91.66809"/>
			<Objective QuestName="Echeyakee" QuestId="881" Type="KillMob" MobId="3475" KillCount="1"/>
		<TurnIn QuestName="Echeyakee" TurnInName="Sergra Darkthorn" QuestId="881" TurnInId="3338"/>
		<PickUp QuestName="Into the Raptor's Den" GiverName="Sergra Darkthorn" QuestId="905" GiverId="3338"/>
			<While Condition="HasQuest(905) &amp;&amp; !IsQuestCompleted(905)">
				<Objective QuestName="Into the Raptor's Den" QuestId="905" Type="CollectItem" ItemId="5165" CollectCount="3"/>
				<RunTo X="-1056.406" Y="-2588.077" Z="92.17627"/>
				<CustomBehavior File="WaitTimer" WaitTime="2000" GoalText="Waiting for agro to clear {TimeRemaining}" />
				<UseItem ItemId="5165" QuestName="Into the Raptor's Den" QuestId="905" X="-1056.406" Y="-2588.077" Z="92.17627"/>
				<CustomBehavior File="WaitTimer" WaitTime="4000" GoalText="Waiting for item cd {TimeRemaining}" />
				
				<RunTo X="-1068.582" Y="-2651.936" Z="92.34346"/>
				<CustomBehavior File="WaitTimer" WaitTime="2000" GoalText="Waiting for agro to clear {TimeRemaining}" />
				<UseItem ItemId="5165" QuestName="Into the Raptor's Den" QuestId="905" X="-1068.44" Y="-2652.297" Z="92.34373" />
				<CustomBehavior File="WaitTimer" WaitTime="4000" GoalText="Waiting for item cd {TimeRemaining}" />
				
				<RunTo X="-1106.929" Y="-2556.936" Z="118.2783"/>
				<CustomBehavior File="WaitTimer" WaitTime="2000" GoalText="Waiting for agro to clear {TimeRemaining}" />
				<UseItem ItemId="5165" QuestName="Into the Raptor's Den" QuestId="905" X="-1106.929" Y="-2556.936" Z="118.2783"/>
				<CustomBehavior File="WaitTimer" WaitTime="4000" GoalText="Waiting for item cd {TimeRemaining}" />
				
				<CustomBehavior File="WaitTimer" WaitTime="3000" GoalText="Waiting for quest to complete {TimeRemaining}" />
			</While>
		<PickUp QuestName="Flushing Out Verog" GiverName="Shoe" QuestId="14072" GiverId="34638" X="-1193.37" Y="-2969.705" Z="89.73502" />
			<UseItem ItemId="46789" QuestName="In Fungus We Trust" QuestId="13998" X="-1201.702" Y="-2962.396" Z="87.77563"/>
			<Objective QuestName="Flushing Out Verog" QuestId="14072" Type="Collect" CollectCount="4" ItemId="46857" />
		<TurnIn QuestName="Flushing Out Verog" TurnInName="Shoe" QuestId="14072" TurnInId="34638" X="-1193.37" Y="-2969.705" Z="89.73502" />
		<TurnIn QuestName="Into the Raptor's Den" TurnInName="Sergra Darkthorn" QuestId="905" TurnInId="3338"/>
		<TurnIn QuestName="In Fungus We Trust" TurnInName="Apothecary Helbrim" QuestId="13998" TurnInId="3390"/>
			<!-- To Ratchet -->
		<PickUp QuestName="Who's Shroomin' Who?" QuestId="13999" GiverName="Apothecary Helbrim" GiverId="3390" />
		<PickUp QuestName="The Purloined Payroll" QuestId="13991" GiverName="Sergra Darkthorn" GiverId="3338" />
		<TurnIn QuestName="The Purloined Payroll" QuestId="13991" TurnInName="Gazrog" TurnInId="3464" />
		<PickUp QuestName="Investigate the Wreckage" QuestId="14066" GiverName="Gazrog" GiverId="3464"/>
		<TurnIn QuestName="Who's Shroomin' Who?" QuestId="13999" TurnInName="Sashya" TurnInId="34651" />
		
		<SetGrindArea>
			<GrindArea>
				<TargetMinLevel>12</TargetMinLevel>
				<TargetMaxLevel>15</TargetMaxLevel>
				<Factions>109 189</Factions>
				<Hotspots>
					<Hotspot X="116.329" Y="-2808.904" Z="93.60469"/>
					<Hotspot X="267.5075" Y="-2795.59" Z="91.66702"/>
					<Hotspot X="280.1266" Y="-2735.594" Z="92.11168"/>
					<Hotspot X="118.4159" Y="-2624.292" Z="94.59647"/>
					<Hotspot X="-15.67544" Y="-2740.217" Z="93.01189"/>
				</Hotspots>
			</GrindArea>
		</SetGrindArea>
		<GrindTo Level="15"/>
		
		<CustomBehavior File="LoadProfile" ProfileName="..\1-68 Horde Questing" /> 
		
	</QuestOrder>

</HBProfile>