<HBProfile>
	<Name>Horde 1-68 Questing</Name>
	<MinDurability>0.4</MinDurability>
	<MinFreeBagSlots>3</MinFreeBagSlots>
	<MinLevel>1</MinLevel>
	<MaxLevel>86</MaxLevel>
	<MailGrey>False</MailGrey>
	<MailWhite>False</MailWhite>
	<MailGreen>True</MailGreen>
	<SellGrey>True</SellGrey>
	<SellWhite>True</SellWhite>
	<SellGreen>True</SellGreen>
	<SellBlue>False</SellBlue>
	<SellPurple>False</SellPurple>
	
	<AvoidMobs>
	<!--Orc Questgiver Bot Wants Dead-->
		<Mob Name="Rezlak" Entry="3293"/><!--Orc Training Dummy-->
	</AvoidMobs>
	
	<Mailboxes>
	<!--Sen'jin Village Mailbox-->
		<Mailbox X="-816.5651" Y="-4926.866" Z="19.88713"/>
	<!--Razor Hill Mailbox-->
		<Mailbox X="321.0783" Y="-4708.963" Z="14.15302"/>
	</Mailboxes>
	
	<Blackspots>
		<!--Valley of Trials Middle Fire-->
		<Blackspot X="-602.3636" Y="-4250.66" Z="38.95682" Radius="3.759537"/>
		<!--Durotar Blackspots-->
		<Blackspot X="373.5913" Y="-4712.287" Z="16.10571" Radius="10.30227" />

		<!--Sen'jin Village Fence-->
		<Blackspot X="-768.1917" Y="-4881.526" Z="20.29184" Radius="7.254548"/>
		<Blackspot X="-767.4973" Y="-4880.469" Z="20.56847" Radius="4.278707"/>
		
		<!--Troll Starting Area-->
		<Blackspot X="-1135.981" Y="-5414.498" Z="13.00538" Radius="2.300135" />
		<Blackspot X="-1150.384" Y="-5519.188" Z="11.58836" Radius="2.494276" />
		<Blackspot X="-1168.537" Y="-5269.622" Z="0.8604383" Radius="3.024951" />		
		<!--Harpy Nest-->
		<Blackspot X="-2639.21" Y="-1405.313" Z="32.07373" Radius="3.31264"/>
		<!--Cold Hearth Manor Sign-->
		<Blackspot X="2188.518" Y="661.0852" Z="33.29134" Radius="4.017753"/>	
	</Blackspots>

	<Vendors>
	<!--Valley of Trials Vendors-->
		<Vendor Name="Zlagk" Entry="3882" Type="Food" X="-560.1253" Y="-4217.204" Z="41.59082"/>
   		<Vendor Name="Huklah" Entry="3160" Type="Repair" X="-590.3455" Y="-4227.319" Z="38.3847"/>
	<!--Valley of Trials Trainers-->
		<Vendor Name="Acrypha" Entry="39206" Type="Train" TrainClass="Mage" X="-625.296" Y="-4210.167" Z="38.13415"/>
		<Vendor Name="Shikrik" Entry="3157" Type="Train" TrainClass="Shaman" X="-623.9393" Y="-4203.878" Z="38.13462"/>
		<Vendor Name="Rwag" Entry="3155" Type="Train" TrainClass="Rogue" X="-617.059" Y="-4202.635" Z="38.13412"/>
		<Vendor Name="Karranisha" Entry="39214" Type="Train" TrainClass="Hunter" X="-635.4618" Y="-4227.521" Z="38.13442"/>
		<Vendor Name="Frang" Entry="3153" Type="Train" TrainClass="Warrior" X="-640.1024" Y="-4229.821" Z="38.13398"/>
		<Vendor Name="Nartok" Entry="3156" Type="Train" TrainClass="Warlock" X="-590.8021" Y="-4203.484" Z="38.42764"/>
	<!--Sen'jin Village Vendors-->
		<Vendor Name="Hai'zan" Entry="3933" Type="Food" X="-787.1215" Y="-4905.569" Z="19.62928"/>
		<Vendor Name="Trayexir" Entry="10369" Type="Repair" X="-769.1502" Y="-4948.526" Z="22.84936"/>
	<!--Sen'jin Village Trainers-->
		<Vendor Name="Bomsanchu" Entry="50002" Type="Train" TrainClass="Mage" X="-789.2239" Y="-4943.434" Z="38.28099"/>
		<Vendor Name="Cona" Entry="50011" Type="Train" TrainClass="Shaman" X="-841.7292" Y="-4937.272" Z="20.98561"/>
		<Vendor Name="Munalti" Entry="50015" Type="Train" TrainClass="Rogue" X="-778.5746" Y="-4926.359" Z="22.90205"/>
		<Vendor Name="Jamai" Entry="50004" Type="Train" TrainClass="Hunter" X="-790.0643" Y="-4908.497" Z="19.60824"/>
		<Vendor Name="Yeniss" Entry="50006" Type="Train" TrainClass="Warrior" X="-773.3785" Y="-4947.198" Z="22.881"/>
		<Vendor Name="Gusini" Entry="49998" Type="Train" TrainClass="Warlock" X="-785.9184" Y="-4939.8" Z="38.28124"/>
		<Vendor Name="Parata" Entry="50001" Type="Train" TrainClass="Priest" X="-784.3837" Y="-4944.821" Z="38.28099"/>
		<Vendor Name="Den'chulu" Entry="49997" Type="Train" TrainClass="Druid" X="-844.0104" Y="-4932.819" Z="20.98573"/>

	<!--Razor Hill Vendors-->
		<Vendor Name="Innkeeper Grosk" Entry="6928" Type="Food" X="340.3629" Y="-4686.287" Z="16.48928"/>
		<Vendor Name="Ghrawt" Entry="3165" Type="Repair" X="362.1046" Y="-4763.842" Z="12.46936"/>
	<!--Razor Hill Trainers-->
		<Vendor Name="Un'Thuwa" Entry="5880" Type="Train" TrainClass="Mage" X="334.717" Y="-4767.622" Z="12.63494"/>
		<Vendor Name="Swart" Entry="3173" Type="Train" TrainClass="Shaman" X="307.1142" Y="-4839.906" Z="10.52414"/>
		<Vendor Name="Kaplak" Entry="3170" Type="Train" TrainClass="Rogue" X="268.1285" Y="-4710.936" Z="17.76733"/>
		<Vendor Name="Thotar" Entry="3171" Type="Train" TrainClass="Hunter" X="275.3385" Y="-4703.997" Z="11.90343"/>
		<Vendor Name="Tarshaw Jaggedscar" Entry="3169" Type="Train" TrainClass="Warrior" X="311.3524" Y="-4827.792" Z="9.580641"/>
		<Vendor Name="Dhugru Gorelust" Entry="3172" Type="Train" TrainClass="Warlock" X="356.192" Y="-4837.954" Z="11.08876"/>
		<Vendor Name="Tai'jin" Entry="3706" Type="Train" TrainClass="Priest" X="294.8838" Y="-4831.495" Z="10.52398"/>		
	</Vendors>
	
	<QuestOrder>
		<Checkpoint Level="1"/>

		<If Condition="Me.Class == WoWClass.Hunter">
			<PickUp QuestName="The Rise of the Darkspear" QuestId="24776" GiverName="Jin'thala" GiverId="37951"/>
			<TurnIn QuestName="The Rise of the Darkspear" QuestId="24776" TurnInName="Ortezza" TurnInId="38247"/>

			<PickUp QuestName="The Basics: Hitting Things" QuestId="24777" GiverName="Ortezza" GiverId="38247"/>
			<Objective QuestName="The Basics: Hitting Things" QuestId="24777" Type="KillMob" MobId="38038" KillCount="6"/>
			<TurnIn QuestName="The Basics: Hitting Things" QuestId="24777" TurnInName="Ortezza" TurnInId="38247"/>

			<PickUp QuestName="A Rough Start" QuestId="24779" GiverName="Ortezza" GiverId="38247"/>
			<Objective QuestName="A Rough Start" QuestId="24779" Type="CollectItem" ItemId="50222" CollectCount="1"/>
			<TurnIn QuestName="A Rough Start" QuestId="24779" TurnInName="Ortezza" TurnInId="38247"/>

			<PickUp QuestName="Proving Pit" QuestId="24780" GiverName="Ortezza" GiverId="38247"/>
			<CustomBehavior QuestId="24780" File="TalkToAndListenToStory" NpcIds="39062" />
			<If Condition="HasQuest(24780)">
				<CustomBehavior File="WaitTimer" WaitTime="10000"/>
			</If>
			<Objective QuestName="Proving Pit" QuestId="24780" Type="KillMob" MobId="38142" KillCount="1"/>
			<TurnIn QuestName="Proving Pit" QuestId="24780" TurnInName="Ortezza" TurnInId="38247"/>

			<PickUp QuestName="The Arts of a Hunter" QuestId="24778" GiverName="Ortezza" GiverId="38247" />
			<RunTo QuestId="24778" X="-1125.384" Y="-5494.418" Z="11.96799"/>
			<RunTo QuestId="24778" X="-1119.52" Y="-5496.362" Z="12.00791"/>
			<CustomBehavior File="CastSpellOn" QuestId="24778" SpellId="56641" NpcId="38038" NumOfTimes="2" MinRange="13" X="-1128.224" Y="-5517.586" Z="12.22976" />
			<RunTo QuestId="24778" X="-1121.176" Y="-5503.525" Z="11.9587"/>
			<RunTo QuestId="24778" X="-1115.803" Y="-5503.918" Z="11.96712"/>
			<CustomBehavior File="CastSpellOn" QuestId="24778" SpellId="56641" NpcId="38038" NumOfTimes="2" MinRange="13" X="-1106.482" Y="-5504.957" Z="12.00486" />
			<RunTo QuestId="24778" X="-1123.201" Y="-5541.179" Z="11.95675"/>
			<RunTo QuestId="24778" X="-1114.544" Y="-5541.772" Z="11.97867"/>
			<CustomBehavior File="CastSpellOn" QuestId="24778" SpellId="56641" NpcId="38038" NumOfTimes="1" MinRange="13" X="-1102.875" Y="-5544.298" Z="12.16352" />
			<TurnIn QuestName="The Arts of a Hunter" QuestId="24778" TurnInName="Ortezza" TurnInId="38247"/>
		</If>

		<If Condition="Me.Class == WoWClass.Priest">
			<PickUp QuestName="The Rise of the Darkspear" QuestId="24782" GiverName="Jin'thala" GiverId="37951"/>
			<TurnIn QuestName="The Rise of the Darkspear" QuestId="24782" TurnInName="Tunari" TurnInId="38245"/>

			<PickUp QuestName="The Basics: Hitting Things" QuestId="24783" GiverName="Tunari" GiverId="38245"/>
			<Objective QuestName="The Basics: Hitting Things" QuestId="24783" Type="KillMob" MobId="38038" KillCount="6"/>
			<TurnIn QuestName="The Basics: Hitting Things" QuestId="24783" TurnInName="Tunari" TurnInId="38245"/>

			<PickUp QuestName="A Rough Start" QuestId="24785" GiverName="Tunari" GiverId="38245"/>
			<Objective QuestName="A Rough Start" QuestId="24785" Type="CollectItem" ItemId="50222" CollectCount="1"/>
			<TurnIn QuestName="A Rough Start" QuestId="24785" TurnInName="Tunari" TurnInId="38245"/>

			<PickUp QuestName="Proving Pit" QuestId="24786" GiverName="Tunari" GiverId="38245"/>
			<CustomBehavior QuestId="24786" File="TalkToAndListenToStory" NpcIds="39062" />
			<If Condition="HasQuest(24786)">
				<CustomBehavior File="WaitTimer" WaitTime="10000"/>
			</If>
			<Objective QuestName="Proving Pit" QuestId="24786" Type="KillMob" MobId="38142" KillCount="1"/>
			<TurnIn QuestName="Proving Pit" QuestId="24786" TurnInName="Tunari" TurnInId="38245"/>
			<PickUp QuestName="The Arts of a Priest" QuestId="24784" GiverName="Tunari" GiverId="38245" />
			<CustomBehavior File="CastSpellOn" QuestId="24784" SpellId="2061" NpcId="47057" NumOfTimes="5" MinRange="13" X="-1105.562" Y="-5470.519" Z="12.51251" />
			<TurnIn QuestName="The Arts of a Priest" QuestId="24784" TurnInName="Tunari" TurnInId="38245"/>
		</If>

		<If Condition="Me.Class == WoWClass.Warlock">
			<PickUp QuestName="The Rise of the Darkspear" QuestId="26272" GiverName="Jin'thala" GiverId="37951"/>
			<TurnIn QuestName="The Rise of the Darkspear" QuestId="26272" TurnInName="Voldreka" TurnInId="42618"/>
			
			<PickUp QuestName="The Basics: Hitting Things" QuestId="26273" GiverName="Voldreka" GiverId="42618"/>
			<Objective QuestName="The Basics: Hitting Things" QuestId="26273" Type="KillMob" MobId="38038" KillCount="6"/>
			<TurnIn QuestName="The Basics: Hitting Things" QuestId="26273" TurnInName="Voldreka" TurnInId="42618"/>

			<PickUp QuestName="A Rough Start" QuestId="26275" GiverName="Voldreka" GiverId="42618"/>
			<Objective QuestName="A Rough Start" QuestId="26275" Type="CollectItem" ItemId="50222" CollectCount="1"/>
			<TurnIn QuestName="A Rough Start" QuestId="26275" TurnInName="Voldreka" TurnInId="42618"/>

			<PickUp QuestName="Proving Pit" QuestId="26276" GiverName="Voldreka" GiverId="42618"/>
			<CustomBehavior QuestId="26276" File="TalkToAndListenToStory" NpcIds="39062" />
			<If Condition="HasQuest(26276)">
				<CustomBehavior File="WaitTimer" WaitTime="10000"/></If>
			<Objective QuestName="Proving Pit" QuestId="26276" Type="KillMob" MobId="38142" KillCount="1"/>
			<TurnIn QuestName="Proving Pit" QuestId="26276" TurnInName="Voldreka" TurnInId="42618"/>

			<PickUp QuestName="The Arts of a Warlock" QuestId="26274" GiverName="Voldreka" GiverId="42618" />
			<RunTo QuestId="26274" X="-1125.384" Y="-5494.418" Z="11.96799"/>
			<RunTo QuestId="26274" X="-1119.52" Y="-5496.362" Z="12.00791"/>
			<CustomBehavior File="CastSpellOn" QuestId="26274" SpellId="348" NpcId="38038" NumOfTimes="2" MinRange="13" X="-1128.224" Y="-5517.586" Z="12.22976" />
			<RunTo QuestId="26274" X="-1121.176" Y="-5503.525" Z="11.9587"/>
			<RunTo QuestId="26274" X="-1115.803" Y="-5503.918" Z="11.96712"/>
			<CustomBehavior File="CastSpellOn" QuestId="26274" SpellId="348" NpcId="38038" NumOfTimes="2" MinRange="13" X="-1106.482" Y="-5504.957" Z="12.00486" />
			<RunTo QuestId="26274" X="-1123.201" Y="-5541.179" Z="11.95675"/>
			<RunTo QuestId="26274" X="-1114.544" Y="-5541.772" Z="11.97867"/>
			<CustomBehavior File="CastSpellOn" QuestId="26274" SpellId="348" NpcId="38038" NumOfTimes="1" MinRange="13" X="-1102.875" Y="-5544.298" Z="12.16352" />
			<TurnIn QuestName="The Arts of a Warlock" QuestId="26274" TurnInName="Voldreka" TurnInId="42618"/>

		</If>

		<If Condition="Me.Class == WoWClass.Rogue">
			<PickUp QuestName="The Rise of the Darkspear" QuestId="24770" GiverName="Jin'thala" GiverId="37951"/>
			<TurnIn QuestName="The Rise of the Darkspear" QuestId="24770" TurnInName="Legati" TurnInId="38244"/>

			<PickUp QuestName="The Basics: Hitting Things" QuestId="24771" GiverName="Legati" GiverId="38244"/>
			<Objective QuestName="The Basics: Hitting Things" QuestId="24771" Type="KillMob" MobId="38038" KillCount="6"/>
			<TurnIn QuestName="The Basics: Hitting Things" QuestId="24771" TurnInName="Legati" TurnInId="38244"/>

			<PickUp QuestName="A Rough Start" QuestId="24773" GiverName="Legati" GiverId="38244"/>
			<Objective QuestName="A Rough Start" QuestId="24773" Type="CollectItem" ItemId="50222" CollectCount="1"/>
			<TurnIn QuestName="A Rough Start" QuestId="24773" TurnInName="Legati" TurnInId="38244"/>

			<PickUp QuestName="Proving Pit" QuestId="24774" GiverName="VLegati" GiverId="38244"/>
			<CustomBehavior QuestId="24774" File="TalkToAndListenToStory" NpcIds="39062" />
			<If Condition="HasQuest(24774)">
				<CustomBehavior File="WaitTimer" WaitTime="10000"/>
			</If>
			<Objective QuestName="Proving Pit" QuestId="24774" Type="KillMob" MobId="38142" KillCount="1"/>
			<TurnIn QuestName="Proving Pit" QuestId="24774" TurnInName="Legati" TurnInId="38244"/>

			<PickUp QuestName="The Arts of a Rogue" QuestId="24772" GiverName="Legati" GiverId="38244" />
			<RunTo QuestId="24772" X="-1135.529" Y="-5525.928" Z="12.00023"/>
			<RunTo QuestId="24772" X="-1127.2" Y="-5516.837" Z="12.1805"/>
			<CustomBehavior File="CastSpellOn" QuestId="24772" SpellId="1752" NpcId="38038" NumOfTimes="1" MinRange="2" X="-1125.305" Y="-5514.312" Z="12.0535" />
			<CustomBehavior File="RunMacro" Macro="/StopAttack" NumOfTimes="1" WaitTime="1000"/>
			<CustomBehavior File="CastSpellOn" QuestId="24772" SpellId="2098" NpcId="38038" NumOfTimes="1" MinRange="2" X="-1125.305" Y="-5514.312" Z="12.0535" />
			<RunTo QuestId="24772" X="-1121.176" Y="-5503.525" Z="11.9587"/>
			<RunTo QuestId="24772" X="-1115.803" Y="-5503.918" Z="11.96712"/>
			<CustomBehavior File="CastSpellOn" QuestId="24772" SpellId="1752" NpcId="38038" NumOfTimes="1" MinRange="2" X="-1106.482" Y="-5504.957" Z="12.00486" />
			<CustomBehavior File="RunMacro" Macro="/StopAttack" NumOfTimes="1" WaitTime="1000"/>
			<CustomBehavior File="CastSpellOn" QuestId="24772" SpellId="2098" NpcId="38038" NumOfTimes="1" MinRange="2" X="-1106.482" Y="-5504.957" Z="12.00486" />
			<RunTo QuestId="24772" X="-1123.201" Y="-5541.179" Z="11.95675"/>
			<RunTo QuestId="24772" X="-1114.544" Y="-5541.772" Z="11.97867"/>
			<CustomBehavior File="CastSpellOn" QuestId="24772" SpellId="1752" NpcId="38038" NumOfTimes="1" MinRange="2" X="-1102.875" Y="-5544.298" Z="12.16352" />
			<CustomBehavior File="RunMacro" Macro="/StopAttack" NumOfTimes="1" WaitTime="1000"/>
			<CustomBehavior File="CastSpellOn" QuestId="24772" SpellId="2098" NpcId="38038" NumOfTimes="1" MinRange="2" X="-1102.875" Y="-5544.298" Z="12.16352" />
			<TurnIn QuestName="The Arts of a Rogue" QuestId="24772" TurnInName="Legati" TurnInId="38244"/>
		</If>

		<If Condition="Me.Class == WoWClass.Druid">
			<PickUp QuestName="The Rise of the Darkspear" QuestId="24764" GiverName="Jin'thala" GiverId="37951"/>
			<TurnIn QuestName="The Rise of the Darkspear" QuestId="24764" TurnInName="Zen'tabra" TurnInId="38243"/>
			
			<PickUp QuestName="The Basics: Hitting Things" QuestId="24765" GiverName="Zen'tabra" GiverId="38243"/>
			<Objective QuestName="The Basics: Hitting Things" QuestId="24765" Type="KillMob" MobId="38038" KillCount="6"/>
			<TurnIn QuestName="The Basics: Hitting Things" QuestId="24765" TurnInName="Zen'tabra" TurnInId="38243"/>

			<PickUp QuestName="A Rough Start" QuestId="24767" GiverName="Zen'tabra" GiverId="38243"/>
			<Objective QuestName="A Rough Start" QuestId="24767" Type="CollectItem" ItemId="50222" CollectCount="1"/>
			<TurnIn QuestName="A Rough Start" QuestId="24767" TurnInName="Zen'tabra" TurnInId="38243"/>

			<PickUp QuestName="Proving Pit" QuestId="24768" GiverName="Zen'tabra" GiverId="38243"/>
				<!-- change this to interactwith, gossipoptions -->
			<CustomBehavior QuestId="24768" File="TalkToAndListenToStory" MobIds="39062" />
				<If Condition="HasQuest(24768)">
					<CustomBehavior File="WaitTimer" WaitTime="10000"/>
				</If>
			<Objective QuestName="Proving Pit" QuestId="24768" Type="KillMob" MobId="38142" KillCount="1"/>
			<TurnIn QuestName="Proving Pit" QuestId="24768" TurnInName="Zen'tabra" TurnInId="38243"/>

			<PickUp QuestName="The Arts of a Druid" QuestId="24766" GiverName="Zen'tabra" GiverId="38243" />
				<If Condition="((HasQuest(24766)) &amp;&amp; (!IsQuestCompleted(24766)))" >
					<CustomBehavior File="ForceSetVendor" DoTrain="True" />
					<CustomBehavior File="WaitTimer" WaitTime="5000" GoalText="Waiting for bot {TimeRemaining}" />
					<CustomBehavior File="CastSpellOn" QuestId="24766" SpellId="5185" MobId="47057" NumOfTimes="6" MinRange="13" X="-1105.562" Y="-5470.519" Z="12.51251" />
				</If>
			<TurnIn QuestName="The Arts of a Druid" QuestId="24766" TurnInName="Zen'tabra" TurnInId="38243"/>
		</If>

		<If Condition="Me.Class == WoWClass.Mage">
			<PickUp QuestName="The Rise of the Darkspear" QuestId="24750" GiverName="Jin'thala" GiverId="37951"/>
			<TurnIn QuestName="The Rise of the Darkspear" QuestId="24750" TurnInName="Soratha" TurnInId="38246"/>

			<PickUp QuestName="The Basics: Hitting Things" QuestId="24751" GiverName="Soratha" GiverId="38246"/>
			<Objective QuestName="The Basics: Hitting Things" QuestId="24751" Type="KillMob" MobId="38038" KillCount="6"/>
			<TurnIn QuestName="The Basics: Hitting Things" QuestId="24751" TurnInName="Soratha" TurnInId="38246"/>

			<PickUp QuestName="A Rough Start" QuestId="24753" GiverName="Soratha" GiverId="38246"/>
			<Objective QuestName="A Rough Start" QuestId="24753" Type="CollectItem" ItemId="50222" CollectCount="1"/>
			<TurnIn QuestName="A Rough Start" QuestId="24753" TurnInName="Soratha" TurnInId="38246"/>

			<PickUp QuestName="Proving Pit" QuestId="24754" GiverName="Soratha" GiverId="38246"/>
			<CustomBehavior QuestId="24754" File="TalkToAndListenToStory" NpcIds="39062" />
			<If Condition="HasQuest(24754)">
				<CustomBehavior File="WaitTimer" WaitTime="10000"/></If>
			<Objective QuestName="Proving Pit" QuestId="24754" Type="KillMob" MobId="38142" KillCount="1"/>
			<TurnIn QuestName="Proving Pit" QuestId="24754" TurnInName="Soratha" TurnInId="38246"/>

			<PickUp QuestName="The Arts of a Mage" QuestId="24752" GiverName="Soratha" GiverId="38246" />
			<CustomBehavior File="CastSpellOn" QuestId="24752" SpellId="133" NpcId="38038" NumOfTimes="1" MinRange="10" X="-1163.295" Y="-5590.021" Z="11.95506" />
			<If Condition="HasQuest(24752)">
				<CustomBehavior File="WaitTimer" WaitTime="500"/></If>
			<CustomBehavior File="CastSpellOn" QuestId="24752" SpellId="5143" NpcId="38038" NumOfTimes="1" MinRange="10" X="-1163.295" Y="-5590.021" Z="11.95506" />
			<CustomBehavior File="CastSpellOn" QuestId="24752" SpellId="133" NpcId="38038" NumOfTimes="1" MinRange="10" X="-1158.911" Y="-5592.205" Z="11.93509" />
			<If Condition="HasQuest(24752)">
				<CustomBehavior File="WaitTimer" WaitTime="500"/></If>
			<CustomBehavior File="CastSpellOn" QuestId="24752" SpellId="5143" NpcId="38038" NumOfTimes="1" MinRange="10" X="-1158.911" Y="-5592.205" Z="11.93509" />
			<TurnIn QuestName="The Arts of a Mage" QuestId="24752" TurnInName="Soratha" TurnInId="38246"/>

		</If>

		<If Condition="Me.Class == WoWClass.Shaman">
			<PickUp QuestName="The Rise of the Darkspear" QuestId="24758" GiverName="Jin'thala" GiverId="37951"/>
			<TurnIn QuestName="The Rise of the Darkspear" QuestId="24758" TurnInName="Nekali" TurnInId="38242"/>
			
			<PickUp QuestName="The Basics: Hitting Things" QuestId="24759" GiverName="Nekali" GiverId="38242"/>
			<Objective QuestName="The Basics: Hitting Things" QuestId="24759" Type="KillMob" MobId="38038" KillCount="6"/>
			<TurnIn QuestName="The Basics: Hitting Things" QuestId="24759" TurnInName="Nekali" TurnInId="38242"/>

			<PickUp QuestName="A Rough Start" QuestId="24761" GiverName="Nekali" GiverId="38242"/>
			<Objective QuestName="A Rough Start" QuestId="24761" Type="CollectItem" ItemId="50222" CollectCount="1"/>
			<TurnIn QuestName="A Rough Start" QuestId="24761" TurnInName="Nekali" TurnInId="38242"/>

			<PickUp QuestName="Proving Pit" QuestId="24762" GiverName="Nekali" GiverId="38242"/>
			<CustomBehavior QuestId="24762" File="TalkToAndListenToStory" NpcIds="39062" />
			<If Condition="HasQuest(24762)">
				<CustomBehavior File="WaitTimer" WaitTime="10000"/></If>
			<Objective QuestName="Proving Pit" QuestId="24762" Type="KillMob" MobId="38142" KillCount="1"/>
			<TurnIn QuestName="Proving Pit" QuestId="24762" TurnInName="Nekali" TurnInId="38242"/>

			<PickUp QuestName="The Arts of a Shaman" QuestId="24760" GiverName="Nekali" GiverId="38242" />
			<RunTo QuestId="24760" X="-1135.529" Y="-5525.928" Z="12.00023"/>
			<RunTo QuestId="24760" X="-1127.2" Y="-5516.837" Z="12.1805"/>
			<CustomBehavior File="CastSpellOn" QuestId="24760" SpellId="73899" NpcId="38038" NumOfTimes="1" MinRange="2" X="-1125.305" Y="-5514.312" Z="12.0535" />
			<RunTo QuestId="24760" X="-1121.176" Y="-5503.525" Z="11.9587"/>
			<RunTo QuestId="24760" X="-1115.803" Y="-5503.918" Z="11.96712"/>
			<CustomBehavior File="CastSpellOn" QuestId="24760" SpellId="73899" NpcId="38038" NumOfTimes="1" MinRange="2" X="-1106.482" Y="-5504.957" Z="12.00486" />
			<RunTo QuestId="24760" X="-1123.201" Y="-5541.179" Z="11.95675"/>
			<RunTo QuestId="24760" X="-1114.544" Y="-5541.772" Z="11.97867"/>
			<CustomBehavior File="CastSpellOn" QuestId="24760" SpellId="73899" NpcId="38038" NumOfTimes="1" MinRange="2" X="-1102.875" Y="-5544.298" Z="12.16352" />
			<If Condition="!IsQuestCompleted(24760)">
			<RunTo QuestId="24760" X="-1123.201" Y="-5541.179" Z="11.95675"/>
			<RunTo QuestId="24760" X="-1114.544" Y="-5541.772" Z="11.97867"/>
			<CustomBehavior File="CastSpellOn" QuestId="24760" SpellId="73899" NpcId="38038" NumOfTimes="1" MinRange="2" X="-1102.875" Y="-5544.298" Z="12.16352" /></If>
			<TurnIn QuestName="The Arts of a Shaman" QuestId="24760" TurnInName="Nekali" TurnInId="38242"/>

		</If>

		<If Condition="Me.Class == WoWClass.Warrior">
			<PickUp QuestName="The Rise of the Darkspear" QuestId="24607" GiverName="Jin'thala" GiverId="37951"/>
			<TurnIn QuestName="The Rise of the Darkspear" QuestId="24607" TurnInName="Nortet" TurnInId="38037"/>
			
			<PickUp QuestName="The Basics: Hitting Things" QuestId="24639" GiverName="Nortet" GiverId="38037"/>
			<Objective QuestName="The Basics: Hitting Things" QuestId="24639" Type="KillMob" MobId="38038" KillCount="6"/>
			<TurnIn QuestName="The Basics: Hitting Things" QuestId="24639" TurnInName="Nortet" TurnInId="38037"/>

			<PickUp QuestName="A Rough Start" QuestId="24641" GiverName="Nortet" GiverId="38037"/>
			<Objective QuestName="A Rough Start" QuestId="24641" Type="CollectItem" ItemId="50222" CollectCount="1"/>
			<TurnIn QuestName="A Rough Start" QuestId="24641" TurnInName="Nortet" TurnInId="38037"/>

			<PickUp QuestName="Proving Pit" QuestId="24642" GiverName="v" GiverId="38037"/>
			<CustomBehavior QuestId="24642" File="TalkToAndListenToStory" NpcIds="39062" />
			<If Condition="HasQuest(24642)">
				<CustomBehavior File="WaitTimer" WaitTime="10000"/></If>
			<Objective QuestName="Proving Pit" QuestId="24642" Type="KillMob" MobId="38142" KillCount="1"/>
			<TurnIn QuestName="Proving Pit" QuestId="24642" TurnInName="Nortet" TurnInId="38037"/>

			<PickUp QuestName="The Arts of a Warrior" QuestId="24640" GiverName="Nortet" GiverId="38037" />
			<RunTo QuestId="24640" X="-1154.329" Y="-5418.155" Z="10.7013"/>
			<RunTo QuestId="24640" X="-1157.606" Y="-5418.451" Z="12.78096"/>
			<CustomBehavior File="CastSpellOn" QuestId="24640" SpellId="100" NpcId="38038" NumOfTimes="1" MinRange="13" X="-1169.972" Y="-5420.721" Z="12.06342"/>
			<TurnIn QuestName="The Arts of a Warrior" QuestId="24640" TurnInName="Nortet" TurnInId="38037"/>
		</If>
		<SetGrindArea>
			<GrindArea>
				<TargetMinLevel>1</TargetMinLevel>
				<TargetMaxLevel>5</TargetMaxLevel>
				<Factions>634 1999 2000</Factions>
				<Hotspots>
					<Hotspot X="-1060.7" Y="-5636.737" Z="14.8579"/>
					<Hotspot X="-1126.096" Y="-5640.914" Z="14.76178"/>
					<Hotspot X="-1212.245" Y="-5629.501" Z="14.49708"/>
					<Hotspot X="-1239.527" Y="-5506.839" Z="14.57244"/>
					<Hotspot X="-1267.865" Y="-5448.234" Z="14.61367"/>
					<Hotspot X="-1263.036" Y="-5396.014" Z="14.88002"/>
					<Hotspot X="-1258.318" Y="-5351.189" Z="14.32375"/>
					<Hotspot X="-1152.984" Y="-5337.913" Z="14.57149"/>
					<Hotspot X="-1080.527" Y="-5361.675" Z="14.76687"/>
				</Hotspots>
			</GrindArea>
		</SetGrindArea>
		<GrindTo Level="4"/>
		<SetGrindArea>
			<GrindArea>
				<TargetMinLevel>1</TargetMinLevel>
				<TargetMaxLevel>5</TargetMaxLevel>
				<Factions>2224</Factions>
				<Hotspots>
					<Hotspot X="-688.2661" Y="-5613.326" Z="-8.361245" />
					<Hotspot X="-682.9005" Y="-5586.278" Z="-17.44648" />
					<Hotspot X="-652.9555" Y="-5620.62" Z="-24.82046" />
					<Hotspot X="-673.477" Y="-5650.866" Z="-26.17682" />
					<Hotspot X="-726.9073" Y="-5647.758" Z="-36.41502" />
					<Hotspot X="-782.8826" Y="-5648.802" Z="-42.29824" />
					<Hotspot X="-684.0363" Y="-5523.732" Z="-33.12104" />
				</Hotspots>
			</GrindArea>
		</SetGrindArea>
		<GrindTo Level="5"/>
		<CustomBehavior File="LoadProfile" ProfileName="..\1-68 Horde Questing" />
	</QuestOrder>
	
	<!--Troll Overrides-->

	<Quest Name="Proving Pit" Id="24780">
		<Objective Type="KillMob" MobId="38142" KillCount="1">
			<Hotspots>
				<Hotspot X="-1148.229" Y="-5418.824" Z="10.59866" />
				<Hotspot X="-1148.191" Y="-5531.603" Z="8.105322" />
			</Hotspots>
		</Objective>
	</Quest>
	<Quest Name="Proving Pit" Id="24786">
		<Objective Type="KillMob" MobId="38142" KillCount="1">
			<Hotspots>
				<Hotspot X="-1148.191" Y="-5531.603" Z="8.105322" />
				<Hotspot X="-1148.229" Y="-5418.824" Z="10.59866" />
			</Hotspots>
		</Objective>
	</Quest>
	<Quest Name="Proving Pit" Id="26276">
		<Objective Type="KillMob" MobId="38142" KillCount="1">
			<Hotspots>
				<Hotspot X="-1148.229" Y="-5418.824" Z="10.59866" />
				<Hotspot X="-1148.191" Y="-5531.603" Z="8.105322" />
			</Hotspots>
		</Objective>
	</Quest>
	<Quest Name="Proving Pit" Id="24774">
		<Objective Type="KillMob" MobId="38142" KillCount="1">
			<Hotspots>
				<Hotspot X="-1148.229" Y="-5418.824" Z="10.59866" />
				<Hotspot X="-1148.191" Y="-5531.603" Z="8.105322" />
			</Hotspots>
		</Objective>
	</Quest>
	<Quest Name="Proving Pit" Id="24768">
		<Objective Type="KillMob" MobId="38142" KillCount="1">
			<Hotspots>
				<Hotspot X="-1148.229" Y="-5418.824" Z="10.59866" />
				<Hotspot X="-1148.191" Y="-5531.603" Z="8.105322" />
			</Hotspots>
		</Objective>
	</Quest>
		<Quest Name="Proving Pit" Id="24754">
		<Objective Type="KillMob" MobId="38142" KillCount="1">
			<Hotspots>
				<Hotspot X="-1148.229" Y="-5418.824" Z="10.59866" />
				<Hotspot X="-1148.191" Y="-5531.603" Z="8.105322" />
			</Hotspots>
		</Objective>
	</Quest>
	<Quest Name="Proving Pit" Id="24762">
		<Objective Type="KillMob" MobId="38142" KillCount="1">
			<Hotspots>
				<Hotspot X="-1148.229" Y="-5418.824" Z="10.59866" />
				<Hotspot X="-1148.191" Y="-5531.603" Z="8.105322" />
			</Hotspots>
		</Objective>
	</Quest>
	<Quest Name="Proving Pit" Id="24642">
		<Objective Type="KillMob" MobId="38142" KillCount="1">
			<Hotspots>
				<Hotspot X="-1148.229" Y="-5418.824" Z="10.59866" />
				<Hotspot X="-1148.191" Y="-5531.603" Z="8.105322" />
			</Hotspots>
		</Objective>
	</Quest>
</HBProfile>
	