<HBProfile>
	<Name>Horde 1-68 Questing</Name>
	<MinDurability>0.4</MinDurability>
	<MinFreeBagSlots>3</MinFreeBagSlots>
	<MinLevel>1</MinLevel>
	<MaxLevel>86</MaxLevel>
	<MailGrey>False</MailGrey>
	<MailWhite>False</MailWhite>
	<MailGreen>True</MailGreen>
	<SellGrey>True</SellGrey>
	<SellWhite>True</SellWhite>
	<SellGreen>True</SellGreen>
	<SellBlue>False</SellBlue>
	<SellPurple>False</SellPurple>
	
	<AvoidMobs>
	<!--Orc Questgiver Bot Wants Dead-->
		<Mob Name="Rezlak" Entry="3293"/><!--Orc Training Dummy-->
	</AvoidMobs>
	
	<Mailboxes>
	<!--Sen'jin Village Mailbox-->
		<Mailbox X="-816.5651" Y="-4926.866" Z="19.88713"/>
	<!--Razor Hill Mailbox-->
		<Mailbox X="321.0783" Y="-4708.963" Z="14.15302"/>
	</Mailboxes>
	
	<Blackspots>
		<!--Valley of Trials Middle Fire-->
		<Blackspot X="-602.3636" Y="-4250.66" Z="38.95682" Radius="3.759537"/>
		<!--Durotar Blackspots-->
		<Blackspot X="373.5913" Y="-4712.287" Z="16.10571" Radius="10.30227" />

		<!--Sen'jin Village Fence-->
		<Blackspot X="-768.1917" Y="-4881.526" Z="20.29184" Radius="7.254548"/>
		<Blackspot X="-767.4973" Y="-4880.469" Z="20.56847" Radius="4.278707"/>
		
		<!--Troll Starting Area-->
		<Blackspot X="-1135.981" Y="-5414.498" Z="13.00538" Radius="2.300135" />
		<Blackspot X="-1150.384" Y="-5519.188" Z="11.58836" Radius="2.494276" />
		<Blackspot X="-1168.537" Y="-5269.622" Z="0.8604383" Radius="3.024951" />		
		<!--Harpy Nest-->
		<Blackspot X="-2639.21" Y="-1405.313" Z="32.07373" Radius="3.31264"/>
		<!--Cold Hearth Manor Sign-->
		<Blackspot X="2188.518" Y="661.0852" Z="33.29134" Radius="4.017753"/>	
	</Blackspots>

	<Vendors>
	<!--Valley of Trials Vendors-->
		<Vendor Name="Zlagk" Entry="3882" Type="Food" X="-560.1253" Y="-4217.204" Z="41.59082"/>
   		<Vendor Name="Huklah" Entry="3160" Type="Repair" X="-590.3455" Y="-4227.319" Z="38.3847"/>
	<!--Valley of Trials Trainers-->
		<Vendor Name="Acrypha" Entry="39206" Type="Train" TrainClass="Mage" X="-625.296" Y="-4210.167" Z="38.13415"/>
		<Vendor Name="Shikrik" Entry="3157" Type="Train" TrainClass="Shaman" X="-623.9393" Y="-4203.878" Z="38.13462"/>
		<Vendor Name="Rwag" Entry="3155" Type="Train" TrainClass="Rogue" X="-617.059" Y="-4202.635" Z="38.13412"/>
		<Vendor Name="Karranisha" Entry="39214" Type="Train" TrainClass="Hunter" X="-635.4618" Y="-4227.521" Z="38.13442"/>
		<Vendor Name="Frang" Entry="3153" Type="Train" TrainClass="Warrior" X="-640.1024" Y="-4229.821" Z="38.13398"/>
		<Vendor Name="Nartok" Entry="3156" Type="Train" TrainClass="Warlock" X="-590.8021" Y="-4203.484" Z="38.42764"/>
	<!--Sen'jin Village Vendors-->
		<Vendor Name="Hai'zan" Entry="3933" Type="Food" X="-787.1215" Y="-4905.569" Z="19.62928"/>
		<Vendor Name="Trayexir" Entry="10369" Type="Repair" X="-769.1502" Y="-4948.526" Z="22.84936"/>
	<!--Sen'jin Village Trainers-->
		<Vendor Name="Bomsanchu" Entry="50002" Type="Train" TrainClass="Mage" X="-789.2239" Y="-4943.434" Z="38.28099"/>
		<Vendor Name="Cona" Entry="50011" Type="Train" TrainClass="Shaman" X="-841.7292" Y="-4937.272" Z="20.98561"/>
		<Vendor Name="Munalti" Entry="50015" Type="Train" TrainClass="Rogue" X="-778.5746" Y="-4926.359" Z="22.90205"/>
		<Vendor Name="Jamai" Entry="50004" Type="Train" TrainClass="Hunter" X="-790.0643" Y="-4908.497" Z="19.60824"/>
		<Vendor Name="Yeniss" Entry="50006" Type="Train" TrainClass="Warrior" X="-773.3785" Y="-4947.198" Z="22.881"/>
		<Vendor Name="Gusini" Entry="49998" Type="Train" TrainClass="Warlock" X="-785.9184" Y="-4939.8" Z="38.28124"/>
		<Vendor Name="Parata" Entry="50001" Type="Train" TrainClass="Priest" X="-784.3837" Y="-4944.821" Z="38.28099"/>
		<Vendor Name="Den'chulu" Entry="49997" Type="Train" TrainClass="Druid" X="-844.0104" Y="-4932.819" Z="20.98573"/>

	<!--Razor Hill Vendors-->
		<Vendor Name="Innkeeper Grosk" Entry="6928" Type="Food" X="340.3629" Y="-4686.287" Z="16.48928"/>
		<Vendor Name="Ghrawt" Entry="3165" Type="Repair" X="362.1046" Y="-4763.842" Z="12.46936"/>
	<!--Razor Hill Trainers-->
		<Vendor Name="Un'Thuwa" Entry="5880" Type="Train" TrainClass="Mage" X="334.717" Y="-4767.622" Z="12.63494"/>
		<Vendor Name="Swart" Entry="3173" Type="Train" TrainClass="Shaman" X="307.1142" Y="-4839.906" Z="10.52414"/>
		<Vendor Name="Kaplak" Entry="3170" Type="Train" TrainClass="Rogue" X="268.1285" Y="-4710.936" Z="17.76733"/>
		<Vendor Name="Thotar" Entry="3171" Type="Train" TrainClass="Hunter" X="275.3385" Y="-4703.997" Z="11.90343"/>
		<Vendor Name="Tarshaw Jaggedscar" Entry="3169" Type="Train" TrainClass="Warrior" X="311.3524" Y="-4827.792" Z="9.580641"/>
		<Vendor Name="Dhugru Gorelust" Entry="3172" Type="Train" TrainClass="Warlock" X="356.192" Y="-4837.954" Z="11.08876"/>
		<Vendor Name="Tai'jin" Entry="3706" Type="Train" TrainClass="Priest" X="294.8838" Y="-4831.495" Z="10.52398"/>		
	</Vendors>
	
	<QuestOrder>
		<Checkpoint Level="1"/>
		<PickUp QuestName="Your Place In The World" QuestId="25152" GiverName="Kaltunk" GiverId="10176" X="-373.4391" Y="4892.975" Z="35.5499"/>
		<TurnIn QuestName="Your Place In The World" QuestId="25152" TurnInName="Gornek" TurnInId="3143"/>
		<PickUp QuestName="Cutting Teeth" QuestId="25126" GiverName="Gornek" GiverId="3143"/>
		<Objective QuestName="Cutting Teeth" QuestId="25126" Type="KillMob" MobId="3098" KillCount="6"/>
		<TurnIn QuestName="Cutting Teeth" QuestId="25126" TurnInName="Gornek" TurnInId="3143"/>
		<PickUp QuestName="Invaders in Our Home" QuestId="25172" GiverName="Gornek" GiverId="3143"/>
		<PickUp QuestName="Galgar's Cactus Apple Surprise" QuestId="25136" GiverName="Galgar" GiverId="9796"/>
		<Objective QuestName="Galgar's Cactus Apple Surprise" QuestId="25136" Type="CollectItem" ItemId="11583" CollectCount="6"/>
		<Objective QuestName="Invaders in Our Home" QuestId="25172" Type="KillMob" MobId="39317" KillCount="7"/>
		<TurnIn QuestName="Invaders in Our Home" QuestId="25172" TurnInName="Gornek" TurnInId="3143"/>
		<PickUp QuestName="Sting of the Scorpid" QuestId="25127" GiverName="Gornek" GiverId="3143"/>
		<TurnIn QuestName="Galgar's Cactus Apple Surprise" QuestId="25136" TurnInName="Galgar" TurnInId="9796"/>
		<Objective QuestName="Sting of the Scorpid" QuestId="25127" Type="CollectItem" ItemId="4862" CollectCount="8"/>
		<TurnIn QuestName="Sting of the Scorpid" QuestId="25127" TurnInName="Gornek" TurnInId="3143"/>
		<PickUp QuestName="Hana'zua" QuestId="25128" GiverName="Canaga Earthcaller" GiverId="5887"/>
		<TurnIn QuestName="Hana'zua" QuestId="25128" TurnInName="Hana'zua" TurnInId="3287"/>
		<PickUp QuestName="Sarkoth" QuestId="25129" GiverName="Hana'zua" GiverId="3287"/>
		<Objective QuestName="Sarkoth" QuestId="25129" Type="CollectItem" ItemId="4905" CollectCount="1"/>
		<TurnIn QuestName="Sarkoth" QuestId="25129" TurnInName="Hana'zua" TurnInId="3287"/>
		<PickUp QuestName="Back to the Den" QuestId="25130" GiverName="Hana'zua" GiverId="3287"/>
		<TurnIn QuestName="Back to the Den" QuestId="25130" TurnInName="Gornek" TurnInId="3143"/>
		<PickUp QuestName="Vile Familiars" QuestId="25131" GiverName="Zureetha Fargaze" GiverId="3145"/>
		<Objective QuestName="Vile Familiars" QuestId="25131" Type="KillMob" MobId="3101" KillCount="8"/>
		<TurnIn QuestName="Vile Familiars" QuestId="25131" TurnInName="Zureetha Fargaze" TurnInId="3145"/>
		<SetGrindArea>
		<GrindArea>
				<TargetMinLevel>3</TargetMinLevel>
				<TargetMaxLevel>5</TargetMaxLevel>
				<Factions>7</Factions>
				<Hotspots>
					<Hotspot X="-228.0485" Y="-4371.036" Z="63.85124"/>
					<Hotspot X="-163.2926" Y="-4360.089" Z="67.19205"/>
					<Hotspot X="-140.7615" Y="-4280.591" Z="63.96115"/>
				</Hotspots>
			</GrindArea>
		</SetGrindArea>
		<GrindTo Level="5"/>
		<CustomBehavior File="LoadProfile" ProfileName="..\1-68 Horde Questing" /> 
	</QuestOrder>
	
	<!--Orc Quest Overrides-->
	<Quest Id="25126" Name="Cutting Teeth">
		<Objective Type="KillMob" MobId="3098" KillCount="6">
			<Hotspots>
				<Hotspot X="-507.7307" Y="-4341.651" Z="38.31589"/>
				<Hotspot X="-477.4008" Y="-4345.411" Z="41.38916"/>
			</Hotspots>
		</Objective>
	</Quest>
	<Quest Id="25136" Name="Galgar's Cactus Apple Surprise">
		<Objective Type="CollectItem" ItemId="11583" CollectCount="6">
			<CollectFrom>
				<GameObject Name="Cactus Apple" Id="171938"/>
			</CollectFrom>
			<Hotspots>
				<Hotspot X="-744.5067" Y="-4275.841" Z="42.98434"/>
				<Hotspot X="-768.7281" Y="-4208.202" Z="44.68142"/>
				<Hotspot X="-740.795" Y="-4137.785" Z="38.3647"/>
				<Hotspot X="-477.4457" Y="-4321.036" Z="44.42284"/>
				<Hotspot X="-553.2103" Y="-4289.594" Z="37.28544"/>
			</Hotspots>
		</Objective>
	</Quest>
	<Quest Id="25172" Name="Invaders in Our Home">
		<Objective Type="KillMob" MobId="39317" KillCount="7">
			<Hotspots>
				<Hotspot X="-728.6015" Y="-4297.181" Z="45.10564"/>
				<Hotspot X="-765.9155" Y="-4270.51" Z="46.75948"/>
				<Hotspot X="-747.0746" Y="-4213.219" Z="39.63412"/>
			</Hotspots>
		</Objective>
	</Quest>
	<Quest Id="25127" Name="Sting of the Scorpid">
		<Objective Type="CollectItem" ItemId="4862" CollectCount="8">
			<CollectFrom>
				<Mob Name="Scorpid Worker" Id="3124"/>
			</CollectFrom>
			<Hotspots>
				<Hotspot X="-464.7263" Y="-4198.291" Z="51.22854"/>
				<Hotspot X="-435.2009" Y="-4136.958" Z="51.62202"/>
				<Hotspot X="-411.5247" Y="-4076.037" Z="50.10033"/>
				<Hotspot X="-368.7698" Y="-4079.11" Z="50.01267"/>
			</Hotspots>
		</Objective>
	</Quest>
	<Quest Id="25129" Name="Sarkoth">
		<Objective Type="CollectItem" ItemId="4905" CollectCount="1">
			<CollectFrom>
				<Mob Name="Sarkoth" Id="3281"/>
			</CollectFrom>
			<Hotspots>
				<Hotspot X="-548.802" Y="-4099.277" Z="70.87624"/>
			</Hotspots>
		</Objective>
	</Quest>
	<Quest Id="25131" Name="Vile Familiars">
		<Objective Type="KillMob" MobId="3101" KillCount="8">
			<Hotspots>
				<Hotspot X="-228.0485" Y="-4371.036" Z="63.85124"/>
				<Hotspot X="-163.2926" Y="-4360.089" Z="67.19205"/>
				<Hotspot X="-140.7615" Y="-4280.591" Z="63.96115"/>
			</Hotspots>
		</Objective>
	</Quest>
</HBProfile>
	