<HBProfile>
	<Name>Horde 1-68 Questing</Name>
	<MinDurability>0.4</MinDurability>
	<MinFreeBagSlots>3</MinFreeBagSlots>
	<MinLevel>1</MinLevel>
	<MaxLevel>86</MaxLevel>
	<MailGrey>False</MailGrey>
	<MailWhite>False</MailWhite>
	<MailGreen>True</MailGreen>
	<SellGrey>True</SellGrey>
	<SellWhite>True</SellWhite>
	<SellGreen>True</SellGreen>
	<SellBlue>False</SellBlue>
	<SellPurple>False</SellPurple>
	
	<Mailboxes>
	<!--Crossroads Mailbox-->
		<Mailbox X="-446.9166" Y="-2649.833" Z="95.70882" />
	<!--Orgrimmar Mailbox-->
		<Mailbox X="1605.969" Y="-4381.341" Z="20.83884" />
	</Mailboxes>
	
	<Blackspots>
		<!--Harpy Nest-->
		<Blackspot X="-2639.21" Y="-1405.313" Z="32.07373" Radius="3.31264"/>
		<!--Cold Hearth Manor Sign-->
		<Blackspot X="2188.518" Y="661.0852" Z="33.29134" Radius="4.017753"/>	
		<!--Northern Barrens Blackspots-->
		<Blackspot X="1355.354" Y="-3543.558" Z="94.33585" Radius="13.51309" />		
	</Blackspots>
	
	<AvoidMobs>
		<Mob Name="Honor's Stand Footman" Entry="37161" />
		<Mob Name="Raging Ancient" Id="33688" />
	</AvoidMobs>
	
	<Vendors>
	<!-- Orgrimmar Vendor -->
		<Vendor Name="Trak'gen" Entry="3313" Type="Food" X="1528.89" Y="-4442.89" Z="24.02194" />
		<Vendor Name="Urtharo" Entry="3314" Type="Repair" X="1639.75" Y="-4316.71" Z="21.12019" />
	<!--Orgrimmar Trainers-->
		<Vendor Name="Zevrost" Type="Train" TrainClass="Warlock" Entry="3326" X="1848.788" Y="-4360.646" Z="-14.72255"/>
		<Vendor Name="Marud" Type="Train" TrainClass="Mage" Entry="47247" X="1764.56" Y="-4349.509" Z="-7.769643"/>
		<Vendor Name="Seer Liwatha" Type="Train" TrainClass="Priest" Entry="44735" X="1863.46" Y="-4297.75" Z="23.74968"/>
		<Vendor Name="Lothan Silverblade" Entry="43012" Type="Train" TrainClass="Warrior" X="9521.21" Y="-6865.33" Z="18.75"/>
		<Vendor Name="Sahi Cloudsinger" Entry="44740" Type="Train" TrainClass="Shaman" X="1884.15" Y="-4282.4" Z="23.5918"/>
		<Vendor Name="Gordul" Type="Train" TrainClass="Rogue" Entry="47233" X="1773.21" Y="-4282.96" Z="7.892303"/>
		<Vendor Name="Nohi Plainswalker" Type="Train" TrainClass="Hunter" Entry="44743"  X="1872.89" Y="-4281.46" Z="23.76952"/>
		<Vendor Name="Sunwalker Atohmo" Type="Train" TrainClass="Paladin" Entry="44725"  X="1863.88" Y="-4292.69" Z="23.78126"/>
		<Vendor Name="Shalla Whiteleaf" Type="Train" TrainClass="Druid" Entry="44726"  X="1888.95" Y="-4285.25" Z="23.55553"/>
	<!-- Crossroads Vendors -->
		<Vendor Name="Halija Whitestrider" Entry="3486" Type="Repair" X="-539.8406" Y="-2672.23" Z="95.78767" />	
	<!-- Northern Barrens Vendors -->
		<Vendor Name="Martang" Entry="43949" Type="Repair" X="296.017" Y="-3650.72" Z="27.32852"/>
		<Vendor Name="Durnok" Entry="43951" Type="Repair" X="284.964" Y="-3027.65" Z="97.37257" />
	<!--Northern Barrens Trainers-->
		<Vendor Name="Ging" Entry="50033" Type="Train" TrainClass="Warrior" X="-397.0208" Y="-2640.786" Z="96.22301"/>
		<Vendor Name="Chintoka" Entry="50028" Type="Train" TrainClass="Warlock" X="-430.3038" Y="-2659.688" Z="96.5854"/>
		<Vendor Name="Zumolo" Entry="50031" Type="Train" TrainClass="Priest" X="-522.4011" Y="-2641.29" Z="95.78771"/>
		<Vendor Name="Tarmod" Entry="50032" Type="Train" TrainClass="Hunter" X="-434.6354" Y="-2680.118" Z="96.18756"/>
		<Vendor Name="Brulla" Entry="50022" Type="Train" TrainClass="Shaman" X="-520.2188" Y="-2642.453" Z="95.78768"/>
		<Vendor Name="Dargad" Entry="50027" Type="Train" TrainClass="Rogue" X="-431.3785" Y="-2680.99" Z="96.0315"/>
		<Vendor Name="Egnom" Entry="50029" Type="Train" TrainClass="Mage" X="-429.2691" Y="-2662.823" Z="96.57791"/>
		<Vendor Name="Sunwalker Lonaki" Entry="50035" Type="Train" TrainClass="Paladin" X="-535.9566" Y="-2640.979" Z="95.85036"/>
	</Vendors>
	
	<!-- Northern Barrens -->
	<Quest Id="14072" Name="Flushing Out Verog">
		<Objective Type="CollectItem" ItemId="46857" CollectCount="4">
			<Hotspots>
				<Hotspot X="-913.7015" Y="-2926.113" Z="91.66711" />
				<Hotspot X="-1111.759" Y="-2800.645" Z="92.21268" />
				<Hotspot X="-1274.409" Y="-2831.987" Z="93.10823" />
				<Hotspot X="-1403.931" Y="-2744.625" Z="91.66788" />
				<Hotspot X="-1535.759" Y="-2891.964" Z="94.35198" />
				<Hotspot X="-1490.697" Y="-3023.148" Z="91.78813" />
				<Hotspot X="-1344.161" Y="-3125.073" Z="91.68309" />
				<Hotspot X="-1161.163" Y="-3156.863" Z="91.66705" />				
			</Hotspots>
		</Objective>
	</Quest>
	<Quest Name="Fungal Spores" Id="848">
            <Objective Type="CollectItem" ItemId="5012" CollectCount="1">
                <CollectFrom>
                    <GameObject Name="Laden Mushroom" Id="3640"/>
                </CollectFrom>
                <Hotspots>
                    <Hotspot X="8.139165" Y="-1966.303" Z="92.95679" />
                    <Hotspot X="35.78291" Y="-1962.33" Z="91.62218" />
                    <Hotspot X="58.42531" Y="-1965.934" Z="92.12539" />
                    <Hotspot X="117.3674" Y="-1984.929" Z="93.0924" />
                    <Hotspot X="136.8229" Y="-1939.527" Z="92.60751" />
                    <Hotspot X="119.5898" Y="-1918.891" Z="92.50661" />
                    <Hotspot X="112.2716" Y="-1895.786" Z="93.82976" />
                    <Hotspot X="65.36506" Y="-1897.795" Z="91.50545" />
                    <Hotspot X="47.93564" Y="-1870.506" Z="95.61843" />
                    <Hotspot X="22.19318" Y="-1890.326" Z="89.29549" />
                    <Hotspot X="-11.17797" Y="-1869.673" Z="95.36762" />
                    <Hotspot X="-12.00886" Y="-1933.588" Z="89.91061" />
                </Hotspots>
            </Objective>
    </Quest>
	<Quest Id="903" Name="Hunting the Huntress">
		<Objective Type="CollectItem" ItemId="5096" CollectCount="5">
			<Hotspots>
				<Hotspot X="-216.2053" Y="-2358.375" Z="91.67134"/>
				<Hotspot X="-168.9198" Y="-2286.34" Z="92.79396"/>
				<Hotspot X="-117.1465" Y="-2298.519" Z="91.67142"/>
				<Hotspot X="-76.15858" Y="-2300.117" Z="91.66684"/>
				<Hotspot X="-19.05883" Y="-2304.193" Z="93.03592"/>
				<Hotspot X="17.95988" Y="-2333.332" Z="91.66984"/>
				<Hotspot X="32.08635" Y="-2380.556" Z="92.53078"/>
				<Hotspot X="69.45885" Y="-2332.996" Z="99.00541"/>
				<Hotspot X="45.36837" Y="-2492.861" Z="92.94881"/>
				<Hotspot X="79.78677" Y="-2603.23" Z="92.54321"/>
				<Hotspot X="-141.2612" Y="-2638.265" Z="91.86013"/>
				<Hotspot X="-179.0856" Y="-2635.78" Z="93.2208"/>
				<Hotspot X="-223.9796" Y="-2560.271" Z="91.68735"/>
			</Hotspots>
		</Objective>
	</Quest>
	<Quest Id="14067" Name="The Stolen Silver">
		<Objective Type="KillMob" MobId="44164" KillCount="8">
			<Hotspots>
				<Hotspot X="-349.4175" Y="-3442.317" Z="91.66958"/>
				<Hotspot X="-374.3667" Y="-3382.946" Z="91.66688"/>
				<Hotspot X="-449.3052" Y="-3359.967" Z="93.16045"/>
			</Hotspots>
		</Objective>
	</Quest>
	<Quest Name="Miner's Fortune" Id="896">
		<Objective Type="CollectItem" ItemId="5097" CollectCount="1">
			<CollectFrom>
			<Mob Name="Venture Co. Overseer" Id="3283"  />
			<Mob Name="Venture Co. Enforcer" Id="3286"  />
			<Mob Name="Boss Copperplug" Id="9336"  />
			</CollectFrom>
			<Hotspots>
				<Hotspot X="1274.072" Y="-3628.146" Z="91.25495" />
				<Hotspot X="1362.653" Y="-3565.87" Z="93.07383" />
				<Hotspot X="1391.301" Y="-3637.62" Z="92.67318" />
			</Hotspots>
		</Objective>
	</Quest>
	<!--Kalimdor Main Overrides-->
	<Quest Id="872" Name="The Far Watch Offensive">
		<Objective Type="CollectItem" ItemId="5063" CollectCount="1">
			<CollectFrom>
				<Mob Name="Kreenig Snarlsnout" Id="3438"/>
			</CollectFrom>
			<Hotspots>
				<Hotspot X="-268.8742" Y="-3490.385" Z="57.32143"/>
			</Hotspots>
		</Objective>
	</Quest>
	<Quest Name="A Captain's Vengeance" Id="891">
		<Objective Type="CollectItem" ItemId="5078" CollectCount="10">
			<CollectFrom>
				<Mob Name="Thermadore Commando" Id="5629"/>
				<Mob Name="Thermadore Deck Hand" Id="34707"/>
				<Mob Name="Thermadore Marine" Id="3385"/>
				<Mob Name="Thermadore Preserver" Id="3386"/>
				<Mob Name="Thermadore Sharpshooter" Id="34706"/>
				<Mob Name="Cannoneer Smythe" Id="3454"/>
				<Mob Name="Cannoneer Whessan" Id="3455"/>
				<Mob Name="Captain Fairmount" Id="3393"/>
			</CollectFrom>
			<Hotspots>
				<Hotspot X="-1361.057" Y="-3749.634" Z="61.10983"/>
				<Hotspot X="-1314.429" Y="-3805.902" Z="19.05502"/>
				<Hotspot X="-1328.891" Y="-3871.522" Z="13.54283"/>
				<Hotspot X="-1375.611" Y="-3887.456" Z="13.84915"/>
				<Hotspot X="-1422.127" Y="-3859.354" Z="17.1045"/>
				<Hotspot X="-1483.88" Y="-3867.17" Z="16.27431"/>
				<Hotspot X="-1521.829" Y="-3820.889" Z="21.54692"/>
				<Hotspot X="-1596.508" Y="-3835.284" Z="14.86548"/>
				<Hotspot X="-1607.741" Y="-3890.721" Z="14.42522"/>
				<Hotspot X="-1679.051" Y="-3869.036" Z="9.374258"/>
			</Hotspots>
		</Objective>
		<Objective Type="KillMob" MobId="34753" KillCount="1">
			<Hotspots>
				<Hotspot X="-1510.363" Y="-3901.512" Z="11.7735"/>
				<Hotspot X="-1466.731" Y="-3862.552" Z="16.90162"/>
				<Hotspot X="-1431.631" Y="-3866.316" Z="15.60617"/>
			</Hotspots>
		</Objective>
		<Objective Type="KillMob" MobId="34752" KillCount="1">
			<Hotspots>
				<Hotspot X="-1430.961" Y="-3848.66" Z="19.37271"/>
			</Hotspots>
		</Objective>
	</Quest>
	<Quest Id="845" Name="The Zhevra">
		<Objective Type="CollectItem" ItemId="5086" CollectCount="5">
			<Hotspots>
				<Hotspot X="-216.2053" Y="-2358.375" Z="91.67134"/>
				<Hotspot X="-168.9198" Y="-2286.34" Z="92.79396"/>
				<Hotspot X="-117.1465" Y="-2298.519" Z="91.67142"/>
				<Hotspot X="-76.15858" Y="-2300.117" Z="91.66684"/>
				<Hotspot X="-19.05883" Y="-2304.193" Z="93.03592"/>
				<Hotspot X="17.95988" Y="-2333.332" Z="91.66984"/>
				<Hotspot X="32.08635" Y="-2380.556" Z="92.53078"/>
				<Hotspot X="69.45885" Y="-2332.996" Z="99.00541"/>
				<Hotspot X="45.36837" Y="-2492.861" Z="92.94881"/>
				<Hotspot X="79.78677" Y="-2603.23" Z="92.54321"/>
				<Hotspot X="-141.2612" Y="-2638.265" Z="91.86013"/>
				<Hotspot X="-179.0856" Y="-2635.78" Z="93.2208"/>
				<Hotspot X="-223.9796" Y="-2560.271" Z="91.68735"/>
			</Hotspots>
		</Objective>
	</Quest>
	<Quest Id="865" Name="It's Gotta Be The Horn">
		<Objective Type="CollectItem" ItemId="46850" CollectCount="1">
			<CollectFrom>
				<Mob Name="King Reaperclaw" Id="34829"/>
			</CollectFrom>
			<Hotspots>
				<Hotspot X="-368.1221" Y="-3509.615" Z="92.43555"/>
				<Hotspot X="-391.4658" Y="-3541.734" Z="93.74399"/>
				<Hotspot X="-426.7803" Y="-3548.255" Z="93.59591"/>
				<Hotspot X="-471.8502" Y="-3553.174" Z="91.67681"/>
				<Hotspot X="-521.7884" Y="-3576.504" Z="92.27592"/>
				<Hotspot X="-586.4286" Y="-3545.87" Z="91.786"/>
			</Hotspots>
		</Objective>
	</Quest>
	<Quest Id="5041" Name="Supplies for the Crossroads">
		<Objective Type="CollectItem" ItemId="12708" CollectCount="5">
			<Hotspots>
				<Hotspot X="-283.7471" Y="-3553.791" Z="28.96637"/>
				<Hotspot X="-296.588" Y="-3468.828" Z="40.70368"/>
				<Hotspot X="-356.7888" Y="-3423.062" Z="40.27921"/>
				<Hotspot X="-252.356" Y="-3546.808" Z="57.71223"/>
				<Hotspot X="-293.9998" Y="-3493.858" Z="56.53328"/>
			</Hotspots>
		</Objective>
	</Quest>
	<Quest Id="871" Name="In Defense of Far Watch">
		<Objective Type="KillMob" MobId="3267" KillCount="8">
			<Hotspots>
				<Hotspot X="-67.19213" Y="-3639.297" Z="29.89417"/>
				<Hotspot X="-165.6999" Y="-3654.746" Z="27.38053"/>
				<Hotspot X="-216.3448" Y="-3694.208" Z="29.47747"/>
				<Hotspot X="-247.895" Y="-3675.695" Z="27.66414"/>
				<Hotspot X="-306.4881" Y="-3722.264" Z="29.59148"/>
			</Hotspots>
		</Objective>
		<Objective Type="KillMob" MobId="3265" KillCount="3">
			<Hotspots>
				<Hotspot X="-67.19213" Y="-3639.297" Z="29.89417"/>
				<Hotspot X="-165.6999" Y="-3654.746" Z="27.38053"/>
				<Hotspot X="-216.3448" Y="-3694.208" Z="29.47747"/>
				<Hotspot X="-247.895" Y="-3675.695" Z="27.66414"/>
				<Hotspot X="-306.4881" Y="-3722.264" Z="29.59148"/>
			</Hotspots>
		</Objective>
	</Quest>
	<Quest Id="844" Name="Plainstrider Menace">
		<Objective Type="CollectItem" ItemId="5087" CollectCount="7">
			<CollectFrom>
				<Mob Name="Greater Plainstrider" Id="3244"/>
			</CollectFrom>
			<Hotspots>
				<Hotspot X="360.0796" Y="-3595.002" Z="31.33324"/>
				<Hotspot X="451.3615" Y="-3664.411" Z="28.73563"/>
				<Hotspot X="541.1845" Y="-3710.007" Z="27.17048"/>
			</Hotspots>
		</Objective>
	</Quest>
	<Quest Id="905" Name="Into the Raptor's Den">
		<Objective Type="CollectItem" ItemId="5165" CollectCount="3">
			<Hotspots>
				<Hotspot X="-898.4272" Y="-2616.399" Z="91.66705" />
				<Hotspot X="-969.0894" Y="-2563.465" Z="101.8563" />
			</Hotspots>
		</Objective>
	</Quest>

	
	<QuestOrder>
			
			<!-- Ratchet -->
		<PickUp QuestName="WANTED: Cap'n Garvey" QuestId="895" GiverType="Object" GiverId="3972" X="-921.4776" Y="-3723.168" Z="9.23311"/>
		<PickUp QuestName="Investigate the Wreckage" QuestId="14066" GiverName="Gazrog" GiverId="3464"/>
		<PickUp QuestName="A Captain's Vengeance" QuestId="891" GiverName="Captain Thalo'thas Brightsun" GiverId="3339"/>
			<RunTo QuestId="14066" X="-772.7415" Y="-3193.571" Z="91.69006"/>
		<Turnin QuestName="Investigate the Wreckage" QuestId="14066" TurnInName="Gazrog" TurnInId="3464"/>
		<PickUp QuestName="To Track a Thief" QuestId="869" GiverName="Gazrog" GiverId="3464"/>
		<PickUp QuestName="Find Baron Longshore" QuestId="14045" GiverName="Gazlowe" GiverId="3391"/>
		<PickUp QuestName="Take it up with Tony" QuestId="14052" GiverName="Wharfmaster Dizzywig" GiverId="3453"/>
		<PickUp QuestName="Southsea Freebooters" QuestId="887" GiverName="Wharfmaster Dizzywig" GiverId="3453"/>
			<Objective QuestName="A Captain's Vengeance" QuestId="891" Type="CollectItem" ItemId="5078" CollectCount="10"/>
		<TurnIn QuestName="Find Baron Longshore" QuestId="14045" TurnInName="Baron Longshore" TurnInId="3467"/>
			<Objective QuestName="A Captain's Vengeance" QuestId="891" Type="KillMob" MobId="34753" KillCount="1"/>
			<Objective QuestName="A Captain's Vengeance" QuestId="891" Type="KillMob" MobId="34752" KillCount="1"/>
		<TurnIn QuestName="Take it up with Tony" QuestId="14052" TurnInName="Tony Two-Tusk" TurnInId="34749"/>
		<PickUp QuestName="Glomp is Sitting On It" QuestId="14056" GiverName="Tony Two-Tusk" GiverId="34749"/>
			<Objective QuestName="Glomp is Sitting On It" QuestId="14056" Type="CollectItem" ItemId="46834" CollectCount="1"/>
		<TurnIn QuestName="Glomp is Sitting On It" QuestId="14056" TurnInName="Tony Two-Tusk" TurnInId="34749"/>
		<PickUp QuestName="Guns. We Need Guns." QuestId="14057" GiverName="Tony Two-Tusk" GiverId="34749"/>
			<Objective QuestName="Guns. We Need Guns." QuestId="14057" Type="CollectItem" ItemId="46836" CollectCount="1"/>
			<Objective QuestName="WANTED: Cap'n Garvey" QuestId="895" Type="CollectItem" ItemId="5084" CollectCount="1"/>
			<Objective QuestName="Southsea Freebooters" QuestId="887" Type="KillMob" MobId="34779" KillCount="8"/>
		<TurnIn QuestName="Guns. We Need Guns." QuestId="14057" TurnInName="Tony Two-Tusk" TurnInId="34749"/>
			<RunTo QuestId="869" X="-552.7271" Y="-3422.826" Z="91.66428"/>
		<TurnIn QuestName="To Track a Thief" QuestId="869" TurnInName="Gazrog" TurnInId="3464"/>
		<TurnIn QuestName="Southsea Freebooters" QuestId="887" TurnInName="Wharfmaster Dizzywig" TurnInId="3453"/>
		<TurnIn QuestName="A Captain's Vengeance" QuestId="891" TurnInName="Captain Thalo'thas Brightsun" TurnInId="3339"/>
		<TurnIn QuestName="WANTED: Cap'n Garvey" QuestId="895" TurnInName="Gazlowe" TurnInId="3391"/>
		<PickUp QuestName="It's Gotta be the Horn" QuestId="865" GiverName="Mebok Mizzyrix" GiverId="3446"/>
		<PickUp QuestName="The Stolen Silver" QuestId="14067" GiverName="Gazrog" GiverId="3464"/>
			<Objective QuestName="It's Gotta be the Horn" QuestId="865" Type="CollectItem" ItemId="46850" CollectCount="1"/>
			<Objective QuestName="The Stolen Silver" QuestId="14067" Type="CollectItem" ItemId="5061" CollectCount="1"/>
			<Objective QuestName="The Stolen Silver" QuestId="14067" Type="KillMob" MobId="44164" KillCount="8"/>
			<Objective QuestName="The Stolen Silver" QuestId="14067" Type="KillMob" MobId="3256" KillCount="4"/>
		<TurnIn QuestName="The Stolen Silver" QuestId="14067" TurnInName="Gazrog" TurnInId="3464"/>
		<TurnIn QuestName="It's Gotta be the Horn" QuestId="865" TurnInName="Mebok Mizzyrix" TurnInId="3446"/>
		<!-- Currently Samophlange quest is bugged. Removing whole chain for time being
		<PickUp QuestName="Samophlange" QuestId="29021" GiverName="Sputtervalve" GiverId="3442" X="1142.627" Y="-3372.585" Z="92.46114" />
		<TurnIn QuestName="Samophlange" QuestId="29021" TurnInName="Control Console" TurnInId="4141" TurnInType="Object" X="826.1482" Y="-2688.659" Z="91.7657" />
		<PickUp QuestName="Samophlange" QuestId="29022" GiverName="Control Console" GiverId="4141" GiverType="Object" X="825.1547" Y="-2687.908" Z="91.79817" />
		<Objective QuestName="Samophlange" QuestId="29022" Type="UseObject" ObjectId="4072" UseCount="1" />
		<Objective QuestName="Samophlange" QuestId="29022" Type="UseObject" ObjectId="61936" UseCount="1" />
		<Objective QuestName="Samophlange" QuestId="29022" Type="UseObject" ObjectId="61935" UseCount="1" />
		<TurnIn QuestName="Samophlange" QuestId="29022" TurnInName="Control Console" TurnInId="4141" />
		<PickUp QuestName="Samophlange" QuestId="29023" GiverName="Control Console" GiverId="4141" GiverType="Object" X="825.1547" Y="-2687.908" Z="91.79817"/>
		<Objective QuestName="Samophlange" QuestId="29023" Type="CollectItem" ItemId="5089" CollectCount="1"/>
		<TurnIn QuestName="Samophlange" QuestId="29023" TurnInName="Control Console" TurnInId="4141"/>
		<PickUp QuestName="Samophlange" QuestId="29024" GiverName="Control Console" GiverId="4141" GiverType="Object" X="825.1547" Y="-2687.908" Z="91.79817"/>
		<TurnIn QuestName="Samophlange" QuestId="29024" TurnInName="Sputtervalve" TurnInId="3442"/>
		<PickUp QuestName="Samophlange Repair" QuestId="14003" GiverName="Sputtervalve" GiverId="3442"/>
		<TurnIn QuestName="Samophlange Repair" QuestId="14003" TurnInName="Brak Blusterpipe" TurnInId="34674" X="1160.377" Y="-3398.648" Z="91.66685"/>
		<PickUp QuestName="Wenikee Boltbucket" GiverName="Brak Blusterpipe" QuestId="3921" GiverId="34674" />
		<CustomBehavior QuestId="3921" File="TalkToAndListenToStory" NpcIds="34674" />
		<CustomBehavior File="WaitTimer" WaitTime="5000"/>
		<TurnIn QuestName="Wenikee Boltbucket" TurnInName="Wenikee Boltbucket" QuestId="3921" TurnInId="9316" />
		<PickUp QuestName="Nugget Slugs" GiverName="Wenikee Boltbucket" QuestId="3922" GiverId="9316" />
		<Objective QuestName="Nugget Slugs" QuestId="3922" Type="Collect" CollectCount="10" ItemId="11143" />
		<TurnIn QuestName="Nugget Slugs" TurnInName="Wenikee Boltbucket" QuestId="3922" TurnInId="9316" />
		<PickUp QuestName="Return to Samophlanger" GiverName="Wenikee Boltbucket" QuestId="14004" GiverId="9316" />
		<TurnIn QuestName="Return to Samophlanger" TurnInName="Sputtervalve" QuestId="14004" TurnInId="3442" />
		-->
		
		<SetGrindArea>
			<GrindArea>
				<TargetMinLevel>14</TargetMinLevel>
				<TargetMaxLevel>17</TargetMaxLevel>
				<Factions>48 189 38 16</Factions>
				<Hotspots>
					<Hotspot X="1046.813" Y="-3607.161" Z="50.8836" />
					<Hotspot X="1081.476" Y="-3303.051" Z="91.67207" />
					<Hotspot X="919.4611" Y="-3161.246" Z="91.66793" />
					<Hotspot X="875.2319" Y="-2909.201" Z="94.32776" />
					<Hotspot X="758.006" Y="-2914.293" Z="94.27911" />
				</Hotspots>
			</GrindArea>
		</SetGrindArea>
		<GrindTo Level="18"/>
		<Checkpoint Level="18"/>
		
		<CustomBehavior File="LoadProfile" ProfileName="..\1-68 Horde Questing" /> 
		
	</QuestOrder>

</HBProfile>