<HBProfile>
	<Name>Horde 1-68 Questing</Name>
	<MinDurability>0.4</MinDurability>
	<MinFreeBagSlots>3</MinFreeBagSlots>
	<MinLevel>1</MinLevel>
	<MaxLevel>86</MaxLevel>
	<MailGrey>False</MailGrey>
	<MailWhite>False</MailWhite>
	<MailGreen>True</MailGreen>
	<SellGrey>True</SellGrey>
	<SellWhite>True</SellWhite>
	<SellGreen>True</SellGreen>
	<SellBlue>False</SellBlue>
	<SellPurple>False</SellPurple>
	
	<Mailboxes>
	<!--Ashenvale Mailboxes-->
		<Mailbox X="2330.645" Y="-2543.947" Z="101.7259" />
		<Mailbox X="3042.843" Y="-531.5884" Z="205.6394" />
		<Mailbox X="2134.652" Y="-1198.937" Z="97.87811" />	
	<!--Orgrimmar Mailbox-->
		<Mailbox X="1605.969" Y="-4381.341" Z="20.83884" />
	</Mailboxes>
	
	<Blackspots>
	<!--Lvl19 grind spot -->
		<Blackspot X="1503.078" Y="-1872.065" Z="117.7169" Radius="80.35896" Height="19.13719" />
	<!--Ashenvale Blackspots-->
		<Blackspot X="2147.154" Y="-2496.142" Z="81.56157" Radius="39.94304" />
		<Blackspot X="2234.857" Y="-962.5759" Z="86.66975" Radius="4.006341" />
		<Blackspot X="2254.891" Y="-963.2598" Z="87.44944" Radius="9.22572" />
	<!-- Tree at Fallen Sky Lake-->
		<Blackspot X="1468.938" Y="-2098.268" Z="94.16488" Radius="10" />
	</Blackspots>
	
	<AvoidMobs>
		<Mob Name="Raging Ancient" Id="33688" />
	</AvoidMobs>
	
	<Vendors>
	<!--Ashenvale Vendors-->
		<Vendor Name="Burkrum" Entry="6028" Type="Repair" X="2346.262" Y="-2582.214" Z="103.0934" />
		<Vendor Name="Innkeeper Kaylisk" Entry="12196" Type="Food" X="2341.864" Y="-2566.989" Z="103.0931" />
		<Vendor Name="Innkeeper Linkasa" Entry="43624" Type="Food" X="3051.23" Y="-526.09" Z="205.6395" />
		<Vendor Name="Innkeeper Chin'toka" Entry="43633" Type="Food" X="2091.67" Y="-1208.05" Z="101.7934" />
		<Vendor Name="Dro Shadowfree" Entry="43568" Type="Repair" X="2141.16" Y="-1215.74" Z="96.40164" />
		
	<!-- Orgrimmar Vendor -->
		<Vendor Name="Trak'gen" Entry="3313" Type="Food" X="1528.89" Y="-4442.89" Z="24.02194" />
		<Vendor Name="Urtharo" Entry="3314" Type="Repair" X="1639.75" Y="-4316.71" Z="21.12019" />

	<!--Orgrimmar Trainers-->
		<Vendor Name="Zevrost" Type="Train" TrainClass="Warlock" Entry="3326" X="1848.788" Y="-4360.646" Z="-14.72255"/>
		<Vendor Name="Marud" Type="Train" TrainClass="Mage" Entry="47247" X="1764.56" Y="-4349.509" Z="-7.769643"/>
		<Vendor Name="Seer Liwatha" Type="Train" TrainClass="Priest" Entry="44735" X="1863.46" Y="-4297.75" Z="23.74968"/>
		<Vendor Name="Lothan Silverblade" Entry="43012" Type="Train" TrainClass="Warrior" X="9521.21" Y="-6865.33" Z="18.75"/>
		<Vendor Name="Sahi Cloudsinger" Entry="44740" Type="Train" TrainClass="Shaman" X="1884.15" Y="-4282.4" Z="23.5918"/>
		<Vendor Name="Gordul" Type="Train" TrainClass="Rogue" Entry="47233" X="1773.21" Y="-4282.96" Z="7.892303"/>
		<Vendor Name="Nohi Plainswalker" Type="Train" TrainClass="Hunter" Entry="44743"  X="1872.89" Y="-4281.46" Z="23.76952"/>
		<Vendor Name="Sunwalker Atohmo" Type="Train" TrainClass="Paladin" Entry="44725"  X="1863.88" Y="-4292.69" Z="23.78126"/>
		<Vendor Name="Shalla Whiteleaf" Type="Train" TrainClass="Druid" Entry="44726"  X="1888.95" Y="-4285.25" Z="23.55553"/>
	</Vendors>
	
	<QuestOrder>
		<SetGrindArea>
			<GrindArea>
				<TargetMinLevel>18</TargetMinLevel>
				<TargetMaxLevel>21</TargetMaxLevel>
				<Factions>1514</Factions>
				<Hotspots>
					<Hotspot X="1280.953" Y="-2231.483" Z="92.15885"/>
					<Hotspot X="1272.132" Y="-2203.077" Z="92.28832"/>
					<Hotspot X="1288.737" Y="-2212.074" Z="91.90065"/>
					<Hotspot X="1289.755" Y="-2233.392" Z="91.77265"/>
					<Hotspot X="1304.565" Y="-2220.53" Z="91.686"/>
					<Hotspot X="1326.461" Y="-2299.802" Z="93.7626"/>
					<Hotspot X="1407.091" Y="-2326.954" Z="94.02001"/>
					<Hotspot X="1478.907" Y="-2291.215" Z="93.16885"/>
					<Hotspot X="1517.571" Y="-2236.472" Z="94.89737"/>
				</Hotspots>
			</GrindArea>
		</SetGrindArea>
		<GrindTo Level="19"/>
		<Checkpoint Level="19"/>
		<If Condition="!HasQuest(13615) &amp;&amp; !IsQuestCompleted(13615)">
	<PickUp QuestName="Empty Quivers" QuestId="13615" GiverName="Truun" GiverId="33284" X="1228.235" Y="-2226.454" Z="91.74738" />
		</If>
		<PickUp QuestName="Mor'shan Defense" QuestId="13612" GiverName="Kadrak" GiverId="8582"/>
		<PickUp QuestName="Find Gorat!" QuestId="13618" GiverName="Kadrak" GiverId="8582"/>
		<Objective QuestName="Empty Quivers" QuestId="13615" Type="CollectItem" ItemId="45004" CollectCount="10"/>
		<TurnIn QuestName="Empty Quivers" QuestId="13615" TurnInName="Truun" TurnInId="33284"/>
		<Objective QuestName="Mor'shan Defense" QuestId="13612" Type="KillMob" MobId="33193" KillCount="5"/>
		<Objective QuestName="Mor'shan Defense" QuestId="13612" Type="KillMob" MobId="33195" KillCount="5"/>
		<TurnIn QuestName="Mor'shan Defense" QuestId="13612" TurnInName="Kadrak" TurnInId="8582"/>
		<TurnIn QuestName="Find Gorat!" QuestId="13618" TurnInName="Gorat" TurnInId="33294"/>
		<PickUp QuestName="Final Report" QuestId="13619" GiverName="Gorat" GiverId="33294"/>
		<TurnIn QuestName="Final Report" QuestId="13619" TurnInName="Kadrak" TurnInId="8582"/>
		<PickUp QuestName="To Dinah, at Once!" QuestId="13620" GiverName="Kadrak" GiverId="8582"/>
		<TurnIn QuestName="To Dinah, at Once!" QuestId="13620" TurnInName="Dinah Halfmoon" TurnInId="33263"/>
		
		<PickUp QuestName="Gorat's Vengeance" QuestId="13621" GiverName="Dinah Halfmoon" GiverId="33263" />
		<UseItem ItemId="45023" QuestName="Gorat's Vengeance" QuestId="13621" X="1424.913" Y="-1999.623" Z="96.3291"/>
		<If Condition="HasQuest(13621)">
			<CustomBehavior File="Escort" NpcId="33304" QuestId="13621" X="1424.95" Y="-1999.65" Z="96.18333" />
		</If>
		<Objective QuestName="Gorat's Vengeance" QuestId="13621" Type="KillMob" MobId="33302" KillCount="1" />
		<TurnIn QuestName="Gorat's Vengeance" QuestId="13621" TurnInName="Kadrak" TurnInId="8582" />
		<SetGrindArea>
			<GrindArea>
				<TargetMinLevel>18</TargetMinLevel>
				<TargetMaxLevel>21</TargetMaxLevel>
				<Factions>1514</Factions>
				<Hotspots>
					<Hotspot X="1280.953" Y="-2231.483" Z="92.15885"/>
					<Hotspot X="1272.132" Y="-2203.077" Z="92.28832"/>
					<Hotspot X="1288.737" Y="-2212.074" Z="91.90065"/>
					<Hotspot X="1289.755" Y="-2233.392" Z="91.77265"/>
					<Hotspot X="1304.565" Y="-2220.53" Z="91.686"/>
					<Hotspot X="1326.461" Y="-2299.802" Z="93.7626"/>
					<Hotspot X="1407.091" Y="-2326.954" Z="94.02001"/>
					<Hotspot X="1478.907" Y="-2291.215" Z="93.16885"/>
					<Hotspot X="1517.571" Y="-2236.472" Z="94.89737"/>
				</Hotspots>
			</GrindArea>
		</SetGrindArea>
		<GrindTo Level="20"/>
		<!-- BEGIN GET MOUNT PROCEDURE -->
		<If Condition="Me.Level == 20">
			<If Condition="Me.GetSkill(Styx.SkillLine.Riding).CurrentValue &lt; 1">
				<If Condition="Me.Race == WoWRace.Tauren">
					<If Condition="Me.ZoneId != 215">
						<If Condition="Me.ZoneId != 1638">
							<If Condition="Me.ZoneId != 1637 || Me.Z &lt; 90">
								<CustomBehavior File="UseTransport" 
												TransportId="206610" 
												WaitAtX="1751.448" WaitAtY="-4390.638" WaitAtZ="43.63242" 
												TransportStartX="1754.799" TransportStartY="-4396.117" TransportStartZ="41.98779"
												TransportEndX="1754.8" TransportEndY="-4396.117" TransportEndZ="109.6531" 
												GetOffX="1750.188" GetOffY="-4389.332" GetOffZ="109.617" 
												/>
							</If>
							<CustomBehavior File="UseTransport" 
								Entry="1732.253, -4254.956, 133.1072"
								Exit="-1028.744,355.9271,133.1188"
								Start="1724.363,-4238.468,151.253"
								End="-1026.856,375.7847,150.4127"
								StandOnX="1729.187" StandOnY="-4250.164" StandOnZ="133.5132" 
								Transport="190549"/>
						</If>
						<If Condition="Me.Z &gt; 90">
							<CustomBehavior File="UseTransport" 
											Entry="-1284.871,182.5411,129.9942"
											Exit="-1280.573,195.7649,68.55283"
											Start="-1286.237,189.7202,130.0801"
											End="-1286.237,189.7202,68.83578"
											Transport="4170"/>
						</If>
					</If>
					<CustomBehavior File="ForceTrainRiding" NpcID="3690" />
					<CustomBehavior File="WaitTimer" WaitTime="5000"/>
					<CustomBehavior File="BasicInteractWith" MoveTo="1" NpcID="3685" />
					<CustomBehavior File="WaitTimer" WaitTime="5000"/>
					<If Condition="!HasItem(15290)">
						<CustomBehavior File="RunMacro" Macro="/run BuyMerchantItem(1, 1)" NumOfTimes="1" WaitTime="2000" /> 
						<CustomBehavior File="WaitTimer" WaitTime="5000" />
					</If>
					<CustomBehavior File="UseItem" ItemId="15290" />
				</If>
				<If Condition="Me.Race == WoWRace.Troll">
					<CustomBehavior File="ForceTrainRiding" NpcID="7953" />
					<CustomBehavior File="WaitTimer" WaitTime="5000"/>
					<CustomBehavior File="BasicInteractWith" MoveTo="1" NpcID="7952" />
					<CustomBehavior File="WaitTimer" WaitTime="5000"/>
					<CustomBehavior File="RunMacro" Macro="/run BuyMerchantItem(1, 1)" NumOfTimes="1" WaitTime="2000" /> 
					<CustomBehavior File="WaitTimer" WaitTime="5000" />
					<CustomBehavior File="UseItem" ItemId="8588" />
				</If>
				<If Condition="Me.Race == WoWRace.Undead">
					<If Condition="Me.MapId == 1">
						<CustomBehavior File="LoadProfile" ProfileName="Kalimdor to EK" />
					</If>
					<CustomBehavior File="ForceTrainRiding" NpcID="4773" />
					<CustomBehavior File="WaitTimer" WaitTime="5000"/>
					<CustomBehavior File="BasicInteractWith" MoveTo="1" NpcID="4731" />
					<CustomBehavior File="WaitTimer" WaitTime="5000"/>
					<CustomBehavior File="RunMacro" Macro="/run BuyMerchantItem(1, 1)" NumOfTimes="1" WaitTime="2000" /> 
					<CustomBehavior File="WaitTimer" WaitTime="5000" />
					<CustomBehavior File="UseItem" ItemId="46308" />
					<If Condition="Me.MapId == 0">
						<CustomBehavior File="LoadProfile" ProfileName="EK to Kalimdor" />
					</If>
				</If>
				<If Condition="Me.Race == WoWRace.BloodElf">
					<If Condition="Me.MapId == 1">
						<CustomBehavior File="LoadProfile" ProfileName="Kalimdor to EK" />
					</If>
					<If Condition="Me.ZoneId != 3487 &amp;&amp; Me.ZoneId != 3430 &amp;&amp; Me.ZoneId != 3433">
						<CustomBehavior File="InteractWith" MobId="184503" WaitTime="5000" ObjectType="Gameobject" X="1805.848" Y="348.8648" Z="70.87273" />
					</If>
					<CustomBehavior File="ForceTrainRiding" NpcID="16280" />
					<CustomBehavior File="WaitTimer" WaitTime="5000"/>
					<CustomBehavior File="BasicInteractWith" MoveTo="1" NpcID="16264" />
					<CustomBehavior File="WaitTimer" WaitTime="5000"/>
					<CustomBehavior File="RunMacro" Macro="/run BuyMerchantItem(1, 1)" NumOfTimes="1" WaitTime="2000" /> 
					<CustomBehavior File="WaitTimer" WaitTime="5000" />
					<CustomBehavior File="UseItem" ItemId="29221" />
					<If Condition="Me.MapId == 0">
						<CustomBehavior File="LoadProfile" ProfileName="EK to Kalimdor" />
					</If>
				</If>
				<If Condition="Me.Race == WoWRace.Goblin">
					<CustomBehavior File="ForceTrainRiding" NpcID="48513" />
					<CustomBehavior File="WaitTimer" WaitTime="5000"/>
					<CustomBehavior File="BasicInteractWith" MoveTo="1"  NpcID="48510" />
					<CustomBehavior File="WaitTimer" WaitTime="5000"/>
					<CustomBehavior File="RunMacro" Macro="/run BuyMerchantItem(1, 1)" NumOfTimes="1" WaitTime="2000" /> 
					<CustomBehavior File="WaitTimer" WaitTime="5000" />
					<CustomBehavior File="UseItem" ItemId="62461" />
				</If>
				<If Condition="Me.Race == WoWRace.Orc">
					<CustomBehavior File="ForceTrainRiding" NpcID="4752" />
					<CustomBehavior File="WaitTimer" WaitTime="5000"/>
					<CustomBehavior File="BasicInteractWith" MoveTo="1" NpcID="3362" />
					<CustomBehavior File="WaitTimer" WaitTime="5000"/>
					<CustomBehavior File="RunMacro" Macro="/run BuyMerchantItem(1, 1)" NumOfTimes="1" WaitTime="2000" /> 
					<CustomBehavior File="WaitTimer" WaitTime="5000" />
					<CustomBehavior File="UseItem" ItemId="1132" />
				</If>
			</If>
		</If>
		<!--END GET MOUNT PROCEDURE -->

		<!--RETURN TRIP TO ORG-->
		<If Condition="Me.MapId != 1">
			<CustomBehavior File="LoadProfile" ProfileName="EK to Kalimdor" />
		</If>
		
		<If Condition="Me.Race == WoWRace.Tauren">
			<If Condition="Me.ZoneId == 215 || Me.ZoneId == 1638 &amp;&amp; Me.Z &lt; 90">
				<CustomBehavior File="UseTransport" Entry="-1280.573,195.7649,68.55283"
					Exit="-1284.871,182.5411,129.9942"
					Start="-1286.237,189.7202,68.83578"
					End="-1286.237,189.7202,130.0801"
					Transport="4170"/>
				<CustomBehavior File="WaitTimer" WaitTime="3000"/>
			</If>
			<If Condition="Me.ZoneId == 1638">
				<CustomBehavior File="UseTransport" Entry="-1028.744,355.9271,133.1188"
					Exit="1732.932,-4254.199,133.1073"
					Start="-1026.856,375.7847,150.4127"
					End="1724.363,-4238.468,151.253"
					StandOnX="-1028.488" StandOnY="363.1843" StandOnZ="132.5751"
					Transport="190549"/>
				<CustomBehavior File="WaitTimer" WaitTime="3000"/>
			</If>
		</If>

		<If Condition="Me.Z &gt; 90 &amp;&amp; Me.ZoneId == 1637">                 
			<CustomBehavior File="UseTransport" Entry="1750.861,-4389.796,109.6227"
							 Exit="1751.303,-4390.73,43.63227"
							 Start="1755.314,-4396.597,109.2562"
							 End="1755.314,-4396.597,42.01785"
								Transport="206610"/> 
			<CustomBehavior File="MyCTM" X="1748.102" Y="-4387.058" Z="42.50806" />
			<CustomBehavior File="MyCTM" X="1731.425" Y="-4397.264" Z="35.59375" />
		</If>
		
	<!--END RETURN TRIP TO ORG-->
		

	<!-- BEGIN 20-25 QUESTING-->
	
		<PickUp QuestName="Got Wood?" QuestId="13628" GiverName="Truun" GiverId="33284" />
		<If Condition="HasQuest(13628)">
			<CustomBehavior File="InteractWith" NpcId="8582" GossipOption="1" X="1235.06" Y="-2246.561" Z="91.76642" />
			<CustomBehavior File="MountVehOnly" MobMountId="33374" X="1195.282" Y="-2258.377" Z="91.67519" />
			<CustomBehavior File="WaitTimer" WaitTime="30000"/>
		</If>
		<TurnIn QuestName="Got Wood?" QuestId="13628" TurnInName="Gorka" TurnInId="33421" />
		<PickUp QuestName="Gurtar's Request" QuestId="13875" GiverName="Guardian Gurtar" GiverId="34242" X="2802.91" Y="-3466.646" Z="115.8374" />
		<If Condition="HasQuest(13875) &amp;&amp; !IsQuestCompleted(13875)">
			<Objective QuestName="Gurtar's Request" QuestId="13875" Type="CollectItem" ItemId="46315" CollectCount="8" />
			<UseItem ItemId="46316" QuestId="13875" QuestName="Gurtar's Revenge" X="2276.95" Y="-2543.309" Z="97.69904" />
		</If>
		<PickUp QuestName="Ashenvale Outrunners" QuestId="6503" GiverName="Kuray'bin" GiverId="12867" />
		<PickUp QuestName="Destroy the Legion" QuestId="26448" GiverName="Valusha" GiverId="17355" />
		<Objective QuestName="Ashenvale Outrunners" QuestId="6503" Type="KillMob" MobId="12856" KillCount="9" />
		<Objective QuestName="Destroy the Legion" QuestId="26448" Type="KillMob" MobId="11697" KillCount="15" />
		<TurnIn QuestName="Ashenvale Outrunners" QuestId="6503" TurnInName="Kuray'bin" TurnInId="12867" />
		<TurnIn QuestName="Destroy the Legion" QuestId="26448" TurnInName="Valusha" TurnInId="17355" />
		<TurnIn QuestName="Gurtar's Request" QuestId="13875" TurnInName="Splintertree Demolisher" TurnInId="33726" />
		<SetGrindArea>
			<GrindArea>
				<TargetMinLevel>18</TargetMinLevel>
				<TargetMaxLevel>21</TargetMaxLevel>
				<Factions>1514</Factions>
				<Hotspots>
					<Hotspot X="1280.953" Y="-2231.483" Z="92.15885"/>
					<Hotspot X="1272.132" Y="-2203.077" Z="92.28832"/>
					<Hotspot X="1288.737" Y="-2212.074" Z="91.90065"/>
					<Hotspot X="1289.755" Y="-2233.392" Z="91.77265"/>
					<Hotspot X="1304.565" Y="-2220.53" Z="91.686"/>
					<Hotspot X="1326.461" Y="-2299.802" Z="93.7626"/>
					<Hotspot X="1407.091" Y="-2326.954" Z="94.02001"/>
					<Hotspot X="1478.907" Y="-2291.215" Z="93.16885"/>
					<Hotspot X="1517.571" Y="-2236.472" Z="94.89737"/>
				</Hotspots>
			</GrindArea>
		</SetGrindArea>
		<GrindTo Level="21"/>
		<PickUp QuestName="Tweedle's Dumb" QuestId="13936" GiverName="Captain Goggath" GiverId="34359" X="3029.162" Y="-519.3588" Z="203.8066" />
		<PickUp QuestName="Troll Charm" QuestId="6462" GiverName="Mitsuwa" GiverId="12721" />
		<PickUp QuestName="Between a Rock and a Thistlefur" QuestId="216" GiverName="Karang Amakkar" GiverId="12757" />
		<TurnIn QuestName="Tweedle's Dumb" QuestId="13936" TurnInName="Tweedle" TurnInId="34395" />
		<PickUp QuestName="Set Us Up the Bomb" QuestId="13942" GiverName="Tweedle" GiverId="34395" />
		<PickUp QuestName="Breathing Room" QuestId="13943" GiverName="Captain Goggath" GiverId="34359" />

		<If Condition="Me.Class == WoWClass.Mage || Me.Class == WoWClass.Priest || Me.Class == WoWClass.Rogue || Me.Class == WoWClass.Warlock">
			<SetGrindArea>
				<GrindArea>
					<TargetMinLevel>19</TargetMinLevel>
					<TargetMaxLevel>22</TargetMaxLevel>
					<Factions>82</Factions>
					<Hotspots>
						<Hotspot X="3312.595" Y="-458.3269" Z="151.3836" />
						<Hotspot X="3244.78" Y="-381.971" Z="154.4931" />
						<Hotspot X="3156.068" Y="-207.322" Z="112.3445" />
						<Hotspot X="3190.902" Y="-251.3445" Z="118.7857" />
						<Hotspot X="3128.19" Y="-95.6964" Z="102.1618" />
						<Hotspot X="2991.646" Y="-105.8771" Z="97.94107" />
					</Hotspots>
				</GrindArea>
			</SetGrindArea>
			<GrindTo Level="23"/>
		</If>
		<Objective QuestName="Set Us Up the Bomb" QuestId="13942" Type="CollectItem" ItemId="46698" CollectCount="10" />
		<Objective QuestName="Troll Charm" QuestId="6462" Type="CollectItem" ItemId="16602" CollectCount="8" />
		<Objective QuestName="Between a Rock and a Thistlefur" QuestId="216" Type="KillMob" MobId="3925" KillCount="15" />
		<Objective QuestName="Breathing Room" QuestId="13943" Type="KillMob" MobId="34419" KillCount="10" />
		<Objective QuestName="Breathing Room" QuestId="13943" Type="KillMob" MobId="34420" KillCount="3" />
		<TurnIn QuestName="Between a Rock and a Thistlefur" QuestId="216" TurnInName="Karang Amakkar" TurnInId="12757" />
		<TurnIn QuestName="Troll Charm" QuestId="6462" TurnInName="Mitsuwa" TurnInId="12721" />
		<TurnIn QuestName="Set Us Up the Bomb" QuestId="13942" TurnInName="Tweedle" TurnInId="34395" />
		<PickUp QuestName="Small Hands, Short Fuse" QuestId="13944" GiverName="Tweedle" GiverId="34395" />
		<UseItem ItemId="46701" QuestId="13944" QuestName="Small Hands, Short Fuse" X="2979.337" Y="-510.1701" Z="201.513" />
		<TurnIn QuestName="Breathing Room" QuestId="13943" TurnInName="Captain Goggath" TurnInId="34359" />
		<TurnIn QuestName="Small Hands, Short Fuse" QuestId="13944" TurnInName="Captain Goggath" TurnInId="34359" />	
		<PickUp QuestName="Blastranaar!" QuestId="13947" GiverName="Captain Goggath" GiverId="34359" />
		<If Condition="HasQuest(13947)">
			<CustomBehavior File="InteractWith" QuestId="13947" MobId="34429" NumOfTimes="1" CollectionDistance="10" ObjectType="Npc" X="3050.128" Y="-496.0035" Z="205.6394"/>
			<CustomBehavior File="RunMacro" Macro="/script SelectGossipOption(2)" NumOfTimes="1" WaitTime="0"/>
			<CustomBehavior File="NoControlVehicle" QuestId="13947" TargetId="34494" NumOfTimes="50" AttackIndex="1" HomeIndex="1" MaxRange="100" WaitTime="2000" />
			<CustomBehavior File="NoControlVehicle" QuestId="13947" TargetId="34492" NumOfTimes="25" AttackIndex="1" HomeIndex="1" MaxRange="100" WaitTime="2000" />
		</If>
		<If Condition="(HasQuest(13947)) &amp;&amp; (IsQuestCompleted(13947))">
			<!-- removed -->
			<CustomBehavior File="NoControlVehicle" TargetId="34492" NumOfTimes="1" AttackIndex="3" HomeIndex="3" MaxRange="100" WaitTime="2000" />
		</If>
		<TurnIn QuestName="Blastranaar!" QuestId="13947" TurnInName="Captain Goggath" TurnInId="34359" />
		<PickUp QuestName="Condition Critical!" QuestId="13958" GiverName="Captain Goggath" GiverId="34359" />
		<PickUp QuestName="Tweedle's Tiny Package" QuestId="13974" GiverName="Tweedle" GiverId="34395" />
		<PickUp QuestName="Thunder Peak" QuestId="13879" GiverName="Broyk" GiverId="34510" />

		<TurnIn QuestName="Tweedle's Tiny Package" QuestId="13974" TurnInName="Flooz" TurnInId="34569" />


		<TurnIn QuestName="Thunder Peak" QuestId="13879" TurnInName="Stikwad" TurnInId="34512" />
		<PickUp QuestName="Put Out The Fire" QuestId="13884" GiverName="Arctanus" GiverId="34292" />
		<Objective QuestName="Put Out The Fire" QuestId="13884" Type="KillMob" MobId="34314" KillCount="10" />
		<TurnIn QuestName="Put Out The Fire" QuestId="13884" TurnInName="Arctanus" TurnInId="34292" />
		<TurnIn QuestName="Condition Critical!" QuestId="13958" TurnInName="Thagg" TurnInId="34518" />
		<If Condition="(Me.Class == WoWClass.Mage) || (Me.Class == WoWClass.Priest) || (Me.Class == WoWClass.Rogue) || (Me.Class == WoWClass.Warlock)">
			<SetGrindArea>
				<GrindArea>
					<TargetMinLevel>19</TargetMinLevel>
					<TargetMaxLevel>24</TargetMaxLevel>
					<Factions>44 189 14</Factions>
					<Hotspots>
					<Hotspot X="2289.28" Y="-624.0874" Z="109.8182" />
					<Hotspot X="2222.563" Y="-615.392" Z="104.0678" />
					<Hotspot X="2045.87" Y="-572.58" Z="101.556" />
					<Hotspot X="2065.929" Y="-464.3782" Z="97.50534" />
					<Hotspot X="2168.517" Y="-328.5548" Z="100.1461" />
					<Hotspot X="2171.635" Y="-191.4968" Z="92.05164" />
					<Hotspot X="2160.376" Y="-128.3159" Z="101.7179" />
					</Hotspots>
				</GrindArea>
			</SetGrindArea>
			<GrindTo Level="24"/>
		<Else>
			<SetGrindArea>
				<GrindArea>
					<TargetMinLevel>19</TargetMinLevel>
					<TargetMaxLevel>24</TargetMaxLevel>
					<Factions>44 189 14 90</Factions>
					<Hotspots>
					<Hotspot X="2289.28" Y="-624.0874" Z="109.8182" />
					<Hotspot X="2222.563" Y="-615.392" Z="104.0678" />
					<Hotspot X="2045.87" Y="-572.58" Z="101.556" />
					<Hotspot X="2065.929" Y="-464.3782" Z="97.50534" />
					<Hotspot X="2168.517" Y="-328.5548" Z="100.1461" />
					<Hotspot X="2171.635" Y="-191.4968" Z="92.05164" />
					<Hotspot X="2160.376" Y="-128.3159" Z="101.7179" />
					<Hotspot X="2253.179" Y="79.63634" Z="102.1136" />
					<Hotspot X="2224.872" Y="175.9049" Z="125.8206" />
					<Hotspot X="2223.886" Y="267.9686" Z="133.9265" />
					<Hotspot X="2251.997" Y="344.7458" Z="129.4203" />
					<Hotspot X="2289.109" Y="415.3018" Z="130.4246" />
					<Hotspot X="2229.971" Y="133.9059" Z="112.2747" />
					</Hotspots>
				</GrindArea>
			</SetGrindArea>
			<GrindTo Level="24"/>
		</Else>
		</If>
		
		<PickUp QuestName="We're Here to Do One Thing, Maybe Two..." QuestId="25945" GiverName="Blood Guard Aldo Rockrain" GiverId="41678" />
		<RunTo QuestId="25945" X="-438.4361" Y="-2601.216" Z="95.7857"/>
		<PickUp QuestName="Thinning the... Herd?" QuestId="13967" GiverName="Senani Thunderheart" GiverId="12696" />
		<PickUp QuestName="Simmer Down Now" QuestId="25" GiverName="Captain Tarkan" GiverId="34559" />
		<PickUp QuestName="Mass Production" QuestId="13977" GiverName="Flooz" GiverId="34569" />

		<TurnIn QuestName="Mass Production" QuestId="13977" TurnInName="Foreman Jynx" TurnInId="34596" />
		<PickUp QuestName="They're Out There!" QuestId="13980" GiverName="Foreman Jynx" GiverId="34596" />
		<PickUp QuestName="Building Your Own Coffin" QuestId="13983" GiverName="Foreman Jynx" GiverId="34596" />

		<Objective QuestName="Building Your Own Coffin" QuestId="13983" Type="CollectItem" ItemId="46772" CollectCount="3" />
		<Objective QuestName="Building Your Own Coffin" QuestId="13983" Type="CollectItem" ItemId="46773" CollectCount="3" />
		<Objective QuestName="Building Your Own Coffin" QuestId="13983" Type="CollectItem" ItemId="46771" CollectCount="5" />
		<If Condition="Me.HasAura(&quot;Jinx's Elf Detection Ray&quot;)">
			<Else>
				<UseItem ItemId="46776" QuestName="They're Out There!" QuestId="13980" X="2241.533" Y="-956.9616" Z="86.38051"/>
			</Else>
		</If>
		<Objective QuestName="They're Out There!" QuestId="13980" Type="KillMob" MobId="34603" KillCount="12" />
		<UseItem ItemId="46776" QuestName="They're Out There!" QuestId="13980" X="2241.533" Y="-956.9616" Z="86.38051"/>
		<TurnIn QuestName="Building Your Own Coffin" QuestId="13983" TurnInName="Foreman Jynx" TurnInId="34596" />
		<TurnIn QuestName="They're Out There!" QuestId="13980" TurnInName="Foreman Jynx" TurnInId="34596" />
		
		<Objective QuestName="Simmer Down Now" QuestId="25" Type="KillMob" MobId="12759" KillCount="1" />
		<Objective QuestName="Simmer Down Now" QuestId="25" Type="KillMob" MobId="3917" KillCount="12" />
		<Objective QuestName="Thinning the... Herd?" QuestId="13967" Type="CollectItem" ItemId="46741" CollectCount="15" />

		<TurnIn QuestName="Simmer Down Now" QuestId="25" TurnInName="Captain Tarkan" TurnInId="34559" />
		<TurnIn QuestName="Thinning the... Herd?" QuestId="13967" TurnInName="Senani Thunderheart" TurnInId="12696" />
		<TurnIn QuestName="We're Here to Do One Thing, Maybe Two..." QuestId="25945" TurnInName="Saurboz" TurnInId="34341" />
		<SetGrindArea>
			<GrindArea>
				<TargetMinLevel>19</TargetMinLevel>
				<TargetMaxLevel>26</TargetMaxLevel>
				<Factions>124 189 44</Factions>
				<Hotspots>
					<Hotspot X="1758.996" Y="-431.5428" Z="117.6635" />
					<Hotspot X="1619.298" Y="-418.0471" Z="71.5987" />
					<Hotspot X="1932.712" Y="-423.2657" Z="105.1359" />
					<Hotspot X="1930.054" Y="-472.3779" Z="112.3556" />
					<Hotspot X="1967.906" Y="-564.4293" Z="112.7263" />
					<Hotspot X="1992.356" Y="-623.3162" Z="101.4318" />
				</Hotspots>
			</GrindArea>
		</SetGrindArea>
		<GrindTo Level="25"/>
		<CustomBehavior File="LoadProfile" ProfileName="..\1-68 Horde Questing" /> 
	<!-- END 20-25 QUESTING-->
	</QuestOrder>
	<!-- Ashenvale Overrides-->
	<Quest Name="Building Your Own Coffin" Id="13983">
		<Objective Type="CollectItem" ItemId="46771" CollectCount="5">
			<CollectFrom>
				<GameObject Name="Locking Bolt" Id="195135" />
			</CollectFrom>
			<Hotspots>
				<Hotspot X="2078.527" Y="-584.7672" Z="104.2089" />
				<Hotspot X="2120.186" Y="-538.6936" Z="111.0762" />
				<Hotspot X="2107.27" Y="-492.0236" Z="110.2425" />
				<Hotspot X="2065.54" Y="-430.718" Z="97.64868" />
				<Hotspot X="2012.856" Y="-581.5007" Z="101.1746" />
				<Hotspot X="2011.028" Y="-692.8109" Z="102.0494" />
				<Hotspot X="2064.477" Y="-700.4861" Z="104.7889" />
			</Hotspots>
		</Objective>
	</Quest>
	<Quest Name="Thinning the... Herd?" Id="13967">
		<Objective Type="CollectItem" ItemId="46741" CollectCount="15">
			<CollectFrom>
			<Mob Name="Foulweald Warrior" Id="3743"  />
			<Mob Name="Foulweald Totemic" Id="3750"  />
			</CollectFrom>
			<Hotspots>
				<Hotspot X="2313.09" Y="-1410.106" Z="87.10095" />
				<Hotspot X="2272.507" Y="-1471.127" Z="90.61662" />
				<Hotspot X="2269.095" Y="-1542.487" Z="90.17411" />
				<Hotspot X="2201.813" Y="-1586.137" Z="85.81147" />
				<Hotspot X="2199.409" Y="-1542.475" Z="87.7669" />
				<Hotspot X="2216.629" Y="-1407.964" Z="88.56482" />
			</Hotspots>
		</Objective>
	</Quest>
	<Quest Name="They're Out There!" Id="13980">
		<Objective Type="KillMob" MobId="34603" KillCount="12">
			<Hotspots>
				<Hotspot X="2129.699" Y="-644.2228" Z="104.7444" />
				<Hotspot X="2037.948" Y="-713.2272" Z="102.0807" />
				<Hotspot X="2172.229" Y="-731.5771" Z="104.1769" />
				<Hotspot X="2254.458" Y="-745.3233" Z="108.0677" />
				<Hotspot X="2165.742" Y="-886.0726" Z="97.79461" />
				<Hotspot X="2204.094" Y="-992.5061" Z="96.19325" />
				<Hotspot X="2288.401" Y="-964.2859" Z="87.07472" />
				<Hotspot X="2235.775" Y="-866.9421" Z="99.74476" />
			</Hotspots>
		</Objective>
	</Quest>
	<Quest Name="Gurtar's Request" Id="13875">
		<Objective Type="CollectItem" ItemId="46315" CollectCount="8">
		<CollectFrom>
			<GameObject Name="Thorned Bloodcup" Id="194997" />
		</CollectFrom>
			<Hotspots>
				<Hotspot X="2344.657" Y="-3276.956" Z="101.5648" />
				<Hotspot X="2390.868" Y="-3104.658" Z="125.1937" />
				<Hotspot X="2257.036" Y="-3051.718" Z="122.7972" />
				<Hotspot X="2108.105" Y="-3027.817" Z="110.3918" />
				<Hotspot X="2189.465" Y="-2909.28" Z="120.9528" />
				<Hotspot X="2364.713" Y="-2959.936" Z="127.0656" />
			</Hotspots>
		</Objective>
	</Quest>
	
	<!--Kalimdor Main Overrides-->
	<Quest Id="872" Name="The Far Watch Offensive">
		<Objective Type="CollectItem" ItemId="5063" CollectCount="1">
			<CollectFrom>
				<Mob Name="Kreenig Snarlsnout" Id="3438"/>
			</CollectFrom>
			<Hotspots>
				<Hotspot X="-268.8742" Y="-3490.385" Z="57.32143"/>
			</Hotspots>
		</Objective>
	</Quest>
	<Quest Name="A Captain's Vengeance" Id="891">
		<Objective Type="CollectItem" ItemId="5078" CollectCount="10">
			<CollectFrom>
				<Mob Name="Thermadore Commando" Id="5629"/>
				<Mob Name="Thermadore Deck Hand" Id="34707"/>
				<Mob Name="Thermadore Marine" Id="3385"/>
				<Mob Name="Thermadore Preserver" Id="3386"/>
				<Mob Name="Thermadore Sharpshooter" Id="34706"/>
				<Mob Name="Cannoneer Smythe" Id="3454"/>
				<Mob Name="Cannoneer Whessan" Id="3455"/>
				<Mob Name="Captain Fairmount" Id="3393"/>
			</CollectFrom>
			<Hotspots>
				<Hotspot X="-1361.057" Y="-3749.634" Z="61.10983"/>
				<Hotspot X="-1314.429" Y="-3805.902" Z="19.05502"/>
				<Hotspot X="-1328.891" Y="-3871.522" Z="13.54283"/>
				<Hotspot X="-1375.611" Y="-3887.456" Z="13.84915"/>
				<Hotspot X="-1422.127" Y="-3859.354" Z="17.1045"/>
				<Hotspot X="-1483.88" Y="-3867.17" Z="16.27431"/>
				<Hotspot X="-1521.829" Y="-3820.889" Z="21.54692"/>
				<Hotspot X="-1596.508" Y="-3835.284" Z="14.86548"/>
				<Hotspot X="-1607.741" Y="-3890.721" Z="14.42522"/>
				<Hotspot X="-1679.051" Y="-3869.036" Z="9.374258"/>
			</Hotspots>
		</Objective>
		<Objective Type="KillMob" MobId="34753" KillCount="1">
			<Hotspots>
				<Hotspot X="-1510.363" Y="-3901.512" Z="11.7735"/>
				<Hotspot X="-1466.731" Y="-3862.552" Z="16.90162"/>
				<Hotspot X="-1431.631" Y="-3866.316" Z="15.60617"/>
			</Hotspots>
		</Objective>
		<Objective Type="KillMob" MobId="34752" KillCount="1">
			<Hotspots>
				<Hotspot X="-1430.961" Y="-3848.66" Z="19.37271"/>
			</Hotspots>
		</Objective>
	</Quest>
	<Quest Id="845" Name="The Zhevra">
		<Objective Type="CollectItem" ItemId="5086" CollectCount="5">
			<Hotspots>
				<Hotspot X="-216.2053" Y="-2358.375" Z="91.67134"/>
				<Hotspot X="-168.9198" Y="-2286.34" Z="92.79396"/>
				<Hotspot X="-117.1465" Y="-2298.519" Z="91.67142"/>
				<Hotspot X="-76.15858" Y="-2300.117" Z="91.66684"/>
				<Hotspot X="-19.05883" Y="-2304.193" Z="93.03592"/>
				<Hotspot X="17.95988" Y="-2333.332" Z="91.66984"/>
				<Hotspot X="32.08635" Y="-2380.556" Z="92.53078"/>
				<Hotspot X="69.45885" Y="-2332.996" Z="99.00541"/>
				<Hotspot X="45.36837" Y="-2492.861" Z="92.94881"/>
				<Hotspot X="79.78677" Y="-2603.23" Z="92.54321"/>
				<Hotspot X="-141.2612" Y="-2638.265" Z="91.86013"/>
				<Hotspot X="-179.0856" Y="-2635.78" Z="93.2208"/>
				<Hotspot X="-223.9796" Y="-2560.271" Z="91.68735"/>
			</Hotspots>
		</Objective>
	</Quest>
	<Quest Id="903" Name="Hunting the Huntress">
		<Objective Type="CollectItem" ItemId="5096" CollectCount="5">
			<Hotspots>
				<Hotspot X="-216.2053" Y="-2358.375" Z="91.67134"/>
				<Hotspot X="-168.9198" Y="-2286.34" Z="92.79396"/>
				<Hotspot X="-117.1465" Y="-2298.519" Z="91.67142"/>
				<Hotspot X="-76.15858" Y="-2300.117" Z="91.66684"/>
				<Hotspot X="-19.05883" Y="-2304.193" Z="93.03592"/>
				<Hotspot X="17.95988" Y="-2333.332" Z="91.66984"/>
				<Hotspot X="32.08635" Y="-2380.556" Z="92.53078"/>
				<Hotspot X="69.45885" Y="-2332.996" Z="99.00541"/>
				<Hotspot X="45.36837" Y="-2492.861" Z="92.94881"/>
				<Hotspot X="79.78677" Y="-2603.23" Z="92.54321"/>
				<Hotspot X="-141.2612" Y="-2638.265" Z="91.86013"/>
				<Hotspot X="-179.0856" Y="-2635.78" Z="93.2208"/>
				<Hotspot X="-223.9796" Y="-2560.271" Z="91.68735"/>
			</Hotspots>
		</Objective>
	</Quest>
	<Quest Id="14067" Name="The Stolen Silver">
		<Objective Type="KillMob" MobId="44164" KillCount="8">
			<Hotspots>
				<Hotspot X="-349.4175" Y="-3442.317" Z="91.66958"/>
				<Hotspot X="-374.3667" Y="-3382.946" Z="91.66688"/>
				<Hotspot X="-449.3052" Y="-3359.967" Z="93.16045"/>
			</Hotspots>
		</Objective>
	</Quest>
	<Quest Id="865" Name="It's Gotta Be The Horn">
		<Objective Type="CollectItem" ItemId="46850" CollectCount="1">
			<CollectFrom>
				<Mob Name="King Reaperclaw" Id="34829"/>
			</CollectFrom>
			<Hotspots>
				<Hotspot X="-368.1221" Y="-3509.615" Z="92.43555"/>
				<Hotspot X="-391.4658" Y="-3541.734" Z="93.74399"/>
				<Hotspot X="-426.7803" Y="-3548.255" Z="93.59591"/>
				<Hotspot X="-471.8502" Y="-3553.174" Z="91.67681"/>
				<Hotspot X="-521.7884" Y="-3576.504" Z="92.27592"/>
				<Hotspot X="-586.4286" Y="-3545.87" Z="91.786"/>
			</Hotspots>
		</Objective>
	</Quest>
	<Quest Id="5041" Name="Supplies for the Crossroads">
		<Objective Type="CollectItem" ItemId="12708" CollectCount="5">
			<Hotspots>
				<Hotspot X="-283.7471" Y="-3553.791" Z="28.96637"/>
				<Hotspot X="-296.588" Y="-3468.828" Z="40.70368"/>
				<Hotspot X="-356.7888" Y="-3423.062" Z="40.27921"/>
				<Hotspot X="-252.356" Y="-3546.808" Z="57.71223"/>
				<Hotspot X="-293.9998" Y="-3493.858" Z="56.53328"/>
			</Hotspots>
		</Objective>
	</Quest>
	<Quest Id="871" Name="In Defense of Far Watch">
		<Objective Type="KillMob" MobId="3267" KillCount="8">
			<Hotspots>
				<Hotspot X="-67.19213" Y="-3639.297" Z="29.89417"/>
				<Hotspot X="-165.6999" Y="-3654.746" Z="27.38053"/>
				<Hotspot X="-216.3448" Y="-3694.208" Z="29.47747"/>
				<Hotspot X="-247.895" Y="-3675.695" Z="27.66414"/>
				<Hotspot X="-306.4881" Y="-3722.264" Z="29.59148"/>
			</Hotspots>
		</Objective>
		<Objective Type="KillMob" MobId="3265" KillCount="3">
			<Hotspots>
				<Hotspot X="-67.19213" Y="-3639.297" Z="29.89417"/>
				<Hotspot X="-165.6999" Y="-3654.746" Z="27.38053"/>
				<Hotspot X="-216.3448" Y="-3694.208" Z="29.47747"/>
				<Hotspot X="-247.895" Y="-3675.695" Z="27.66414"/>
				<Hotspot X="-306.4881" Y="-3722.264" Z="29.59148"/>
			</Hotspots>
		</Objective>
	</Quest>
	<Quest Id="844" Name="Plainstrider Menace">
		<Objective Type="CollectItem" ItemId="5087" CollectCount="7">
			<CollectFrom>
				<Mob Name="Greater Plainstrider" Id="3244"/>
			</CollectFrom>
			<Hotspots>
				<Hotspot X="360.0796" Y="-3595.002" Z="31.33324"/>
				<Hotspot X="451.3615" Y="-3664.411" Z="28.73563"/>
				<Hotspot X="541.1845" Y="-3710.007" Z="27.17048"/>
			</Hotspots>
		</Objective>
	</Quest>
</HBProfile>