<HBProfile>
	<Name>Horde 1-68 Questing</Name>
	<MinDurability>0.4</MinDurability>
	<MinFreeBagSlots>3</MinFreeBagSlots>
	<MinLevel>1</MinLevel>
	<MaxLevel>86</MaxLevel>
	<MailGrey>False</MailGrey>
	<MailWhite>False</MailWhite>
	<MailGreen>True</MailGreen>
	<SellGrey>True</SellGrey>
	<SellWhite>True</SellWhite>
	<SellGreen>True</SellGreen>
	<SellBlue>False</SellBlue>
	<SellPurple>False</SellPurple>
	
	<Mailboxes>
	<!--Orgrimmar Mailbox-->
		<Mailbox X="1605.969" Y="-4381.341" Z="20.83884" />
	<!--Sun Rock Retreat Mailbox-->
		<Mailbox X="927.5963" Y="901.4061" Z="104.8442" />
	<!--Crossroads Mailbox-->
		<Mailbox X="-446.9166" Y="-2649.833" Z="95.70882" />
	</Mailboxes>
	
	<Blackspots>
		<Blackspot X="1106.613" Y="435.5682" Z="81.49486" Radius="178.0992" Height="18.5152" />
		<Blackspot X="219.5877" Y="-302.9547" Z="55.39307" Radius="168.0102" Height="19.02401" />
		<Blackspot X="-407.0836" Y="-1369.777" Z="71.98209" Radius="247.2301" Height="17.71511" />
		<Blackspot X="-253.3676" Y="-977.0327" Z="29.87634" Radius="159.8405" Height="24.25561" />
		<Blackspot X="-222.267" Y="-763.4814" Z="11.72991" Radius="15.29526" />
	</Blackspots>
	
	<Vendors>
	<!-- Orgrimmar Vendor -->
		<Vendor Name="Trak'gen" Entry="3313" Type="Food" X="1528.89" Y="-4442.89" Z="24.02194" />
		<Vendor Name="Urtharo" Entry="3314" Type="Repair" X="1639.75" Y="-4316.71" Z="21.12019" />

	<!--Orgrimmar Trainers-->
		<Vendor Name="Zevrost" Type="Train" TrainClass="Warlock" Entry="3326" X="1848.788" Y="-4360.646" Z="-14.72255"/>
		<Vendor Name="Marud" Type="Train" TrainClass="Mage" Entry="47247" X="1764.56" Y="-4349.509" Z="-7.769643"/>
		<Vendor Name="Seer Liwatha" Type="Train" TrainClass="Priest" Entry="44735" X="1863.46" Y="-4297.75" Z="23.74968"/>
		<Vendor Name="Lothan Silverblade" Entry="43012" Type="Train" TrainClass="Warrior" X="9521.21" Y="-6865.33" Z="18.75"/>
		<Vendor Name="Sahi Cloudsinger" Entry="44740" Type="Train" TrainClass="Shaman" X="1884.15" Y="-4282.4" Z="23.5918"/>
		<Vendor Name="Gordul" Type="Train" TrainClass="Rogue" Entry="47233" X="1773.21" Y="-4282.96" Z="7.892303"/>
		<Vendor Name="Nohi Plainswalker" Type="Train" TrainClass="Hunter" Entry="44743"  X="1872.89" Y="-4281.46" Z="23.76952"/>
		<Vendor Name="Sunwalker Atohmo" Type="Train" TrainClass="Paladin" Entry="44725"  X="1863.88" Y="-4292.69" Z="23.78126"/>
		<Vendor Name="Shalla Whiteleaf" Type="Train" TrainClass="Druid" Entry="44726"  X="1888.95" Y="-4285.25" Z="23.55553"/>	
		
	<!--Stonetalon Mountains Vendors-->
		<Vendor Name="Krom'gar Quartermaster" Entry="42028" Type="Repair" X="881.3611" Y="16.40972" Z="92.87994" />
		<Vendor Name="Felonius Stark" Entry="41892" Type="Food" X="877.2882" Y="-20.30903" Z="92.67497" />
		<Vendor Name="Vernal the Fixer" Entry="41675" Type="Repair" X="1543.002" Y="-494.7188" Z="56.84969" />
		<Vendor Name="Taluka the Hunter" Entry="41674" Type="Food" X="1524.84" Y="-487.8802" Z="55.88943" />
		<Vendor Name="Denni'ka" Entry="3411" Type="Food" X="-182.9879" Y="-348.691" Z="8.508771" />
		
	<!-- Northern Barrens Vendors -->
		<Vendor Name="Martang" Entry="43949" Type="Repair" X="296.017" Y="-3650.72" Z="27.32852"/>
		<Vendor Name="Durnok" Entry="43951" Type="Repair" X="284.964" Y="-3027.65" Z="97.37257" />
	<!--Northern Barrens Trainers-->
		<Vendor Name="Ging" Entry="50033" Type="Train" TrainClass="Warrior" X="-397.0208" Y="-2640.786" Z="96.22301"/>
		<Vendor Name="Chintoka" Entry="50028" Type="Train" TrainClass="Warlock" X="-430.3038" Y="-2659.688" Z="96.5854"/>
		<Vendor Name="Zumolo" Entry="50031" Type="Train" TrainClass="Priest" X="-522.4011" Y="-2641.29" Z="95.78771"/>
		<Vendor Name="Tarmod" Entry="50032" Type="Train" TrainClass="Hunter" X="-434.6354" Y="-2680.118" Z="96.18756"/>
		<Vendor Name="Brulla" Entry="50022" Type="Train" TrainClass="Shaman" X="-520.2188" Y="-2642.453" Z="95.78768"/>
		<Vendor Name="Dargad" Entry="50027" Type="Train" TrainClass="Rogue" X="-431.3785" Y="-2680.99" Z="96.0315"/>
		<Vendor Name="Egnom" Entry="50029" Type="Train" TrainClass="Mage" X="-429.2691" Y="-2662.823" Z="96.57791"/>
		<Vendor Name="Sunwalker Lonaki" Entry="50035" Type="Train" TrainClass="Paladin" X="-535.9566" Y="-2640.979" Z="95.85036"/>
	</Vendors>
	
	<QuestOrder>
	<!-- BEGIN 25-30 QUESTING-->
		<PickUp QuestName="Barrier to Entry" QuestId="25999" GiverName="Saurboz" GiverId="34341" />
		<While Condition="HasQuest(25999) &amp;&amp; !IsQuestCompleted(25999)">
			<CustomBehavior File="UseGameObject" QuestId="25999" ObjectId="203413" NumOfTimes="1" WaitTime="4000" X="1739.04" Y="-415.9774" Z="113.2469" />
		</While>
		<TurnIn QuestName="Barrier to Entry" QuestId="25999" TurnInName="Saurboz" TurnInId="34341" />
		<PickUp QuestName="The Missing Blastgineer" QuestId="26001" GiverName="Saurboz" GiverId="34341" />
		<PickUp QuestName="Lessons from the Lost Isles" QuestId="26003" GiverName="Kilag Gorefang" GiverId="40926" />
		<If Condition="HasQuest(26003)">
			<If Condition="!Me.HasAura(&quot;Infrared Heat Focals&quot;)">
				<UseItem ItemId="56470" QuestName="Lessons from the Lost Isles" QuestId="26003" X="1535.733" Y="-487.9691" Z="55.88772"/>
			</If>
		</If>
		<Objective QuestName="Lessons from the Lost Isles" QuestId="26003" Type="KillMob" MobId="41865" KillCount="12" />
		<TurnIn QuestName="The Missing Blastgineer" QuestId="26001" TurnInName="Blastgineer Fuzzwhistle" TurnInId="40901" />

		<PickUp QuestName="Alliance Attack Plans" QuestId="26002" GiverName="Blastgineer Fuzzwhistle" GiverId="40901" />
		<Objective QuestName="Alliance Attack Plans" QuestId="26002" Type="CollectItem" ItemId="56469" CollectCount="1" />
		<TurnIn QuestName="Alliance Attack Plans" QuestId="26002" TurnInName="Saurboz" TurnInId="34341" />
		<TurnIn QuestName="Lessons from the Lost Isles" QuestId="26003" TurnInName="Kilag Gorefang" TurnInId="40926" />
		<PickUp QuestName="Krom'gar Fortress" QuestId="26004" GiverName="Saurboz" GiverId="34341" />
		<TurnIn QuestName="Krom'gar Fortress" QuestId="26004" TurnInName="Overlord Krom'gar" TurnInId="41023" />

		<PickUp QuestName="Ashes to Ashes" QuestId="26010" GiverName="Overlord Krom'gar" GiverId="41023" />
		<PickUp QuestName="Enemy of the Horde: Marshal Paltrow" QuestId="26011" GiverName="Spy-Mistress Anara" GiverId="40903" />
		<Objective QuestName="Enemy of the Horde: Marshal Paltrow" QuestId="26011" Type="KillMob" MobId="41937" KillCount="1" />
		<If Condition="HasQuest(26010)">
			<If Condition="!IsQuestCompleted(26010)">
				<UseItem ItemId="56473" QuestName="Ashes to Ashes" QuestId="26010" X="910.79" Y="199.7859" Z="27.97999"/>
				<CustomBehavior File="WaitTimer" WaitTime="8000"/>
			</If>
			<If Condition="!IsQuestCompleted(26010)">
				<UseItem ItemId="56473" QuestName="Ashes to Ashes" QuestId="26010" X="880.3536" Y="239.181" Z="22.58806"/>
				<CustomBehavior File="WaitTimer" WaitTime="8000"/>
			</If>
			<If Condition="!IsQuestCompleted(26010)">
				<UseItem ItemId="56473" QuestName="Ashes to Ashes" QuestId="26010" X="830.5903" Y="243.6059" Z="22.31751"/>
				<CustomBehavior File="WaitTimer" WaitTime="8000"/>
			</If>
			<If Condition="!IsQuestCompleted(26010)">
				<UseItem ItemId="56473" QuestName="Ashes to Ashes" QuestId="26010" X="804.9573" Y="212.8477" Z="25.31786"/>
				<CustomBehavior File="WaitTimer" WaitTime="8000"/>
			</If>
			<If Condition="!IsQuestCompleted(26010)">
				<UseItem ItemId="56473" QuestName="Ashes to Ashes" QuestId="26010" X="786.2826" Y="247.5059" Z="22.33933"/>
				<CustomBehavior File="WaitTimer" WaitTime="8000"/>
			</If>
			<If Condition="!IsQuestCompleted(26010)">
				<UseItem ItemId="56473" QuestName="Ashes to Ashes" QuestId="26010" X="856.4891" Y="273.9407" Z="22.00046"/>
				<CustomBehavior File="WaitTimer" WaitTime="8000"/>
			</If>
			<If Condition="!IsQuestCompleted(26010)">
				<UseItem ItemId="56473" QuestName="Ashes to Ashes" QuestId="26010" X="874.524" Y="291.6021" Z="22.59188"/>
				<CustomBehavior File="WaitTimer" WaitTime="8000"/>
			</If>
			<If Condition="!IsQuestCompleted(26010)">
				<UseItem ItemId="56473" QuestName="Ashes to Ashes" QuestId="26010" X="888.9364" Y="325.9836" Z="22.11711"/>
				<CustomBehavior File="WaitTimer" WaitTime="8000"/>
			</If>
			<If Condition="!IsQuestCompleted(26010)">
				<UseItem ItemId="56473" QuestName="Ashes to Ashes" QuestId="26010" X="906.1277" Y="327.9118" Z="21.64118"/>
				<CustomBehavior File="WaitTimer" WaitTime="8000"/>
			</If>		
			<If Condition="!IsQuestCompleted(26010)">
				<UseItem ItemId="56473" QuestName="Ashes to Ashes" QuestId="26010" X="919.0255" Y="305.9349" Z="22.80895"/>
				<CustomBehavior File="WaitTimer" WaitTime="8000"/>
			</If>
			<If Condition="!IsQuestCompleted(26010)">
				<UseItem ItemId="56473" QuestName="Ashes to Ashes" QuestId="26010" X="906.9302" Y="279.1736" Z="21.14179"/>
				<CustomBehavior File="WaitTimer" WaitTime="8000"/>
			</If>
		</If>		
		<TurnIn QuestName="Enemy of the Horde: Marshal Paltrow" QuestId="26011" TurnInName="Spy-Mistress Anara" TurnInId="40903" />
		<TurnIn QuestName="Ashes to Ashes" QuestId="26010" TurnInName="Overlord Krom'gar" TurnInId="41023" />
		<PickUp QuestName="Report to Bombgutz" QuestId="26020" GiverName="Overlord Krom'gar" GiverId="41023" />
		<TurnIn QuestName="Report to Bombgutz" QuestId="26020" TurnInName="Chief Blastgineer Bombgutz" TurnInId="40902" />
		<PickUp QuestName="Where Are the Parts?" QuestId="26044" GiverName="Chief Blastgineer Bombgutz" GiverId="40902" />
		<If Condition="HasQuest(26044)">
			<CustomBehavior File="RunLikeHell" AllowCombat="False" QuestId="26044" >
				<Hotspot X="866.6805" Y="-59.49479" Z="9.928057" />
			</CustomBehavior>
		</If>
		<TurnIn QuestName="Where Are the Parts?" QuestId="26044" TurnInName="Sergeant Dontrag" TurnInId="41991" />
		<PickUp QuestName="I Got Your Parts Right Here..." QuestId="26045" GiverName="Sergeant Dontrag" GiverId="41991" />	
		<PickUp QuestName="Between a Rock and a Hard Place" QuestId="26046" GiverName="Scout Utvoch" GiverId="41990" />
		<Objective QuestName="I Got Your Parts Right Here..." QuestId="26045" Type="CollectItem" ItemId="56575" CollectCount="10" />
		<Objective QuestName="Between a Rock and a Hard Place" QuestId="26046" Type="KillMob" MobId="41993" KillCount="12" />
		<TurnIn QuestName="Between a Rock and a Hard Place" QuestId="26046" TurnInName="Scout Utvoch" TurnInId="41990" />
		<TurnIn QuestName="I Got Your Parts Right Here..." QuestId="26045" TurnInName="Sergeant Dontrag" TurnInId="41991" />

		<PickUp QuestName="The Queen and Her Court" QuestId="26063" GiverName="Darn Talongrip" GiverId="11821" />
		<Objective QuestName="The Queen and Her Court" QuestId="26063" Type="KillMob" MobId="41185" KillCount="1" />
		<Objective QuestName="The Queen and Her Court" QuestId="26063" Type="KillMob" MobId="4006" KillCount="10" />
		<TurnIn QuestName="The Queen and Her Court" QuestId="26063" TurnInName="Darn Talongrip" TurnInId="11821" />
		<If Condition="(Me.Class == WoWClass.Mage) || (Me.Class == WoWClass.Priest) || (Me.Class == WoWClass.Rogue) || (Me.Class == WoWClass.Warlock)">
			<SetGrindArea>
				<GrindArea>
					<TargetMinLevel>19</TargetMinLevel>
					<TargetMaxLevel>29</TargetMaxLevel>
					<Factions>634 22</Factions>
					<Hotspots>
						<Hotspot X="539.564" Y="523.7318" Z="79.18008" />
						<Hotspot X="486.2967" Y="422.6388" Z="77.92699" />
						<Hotspot X="486.9542" Y="390.6186" Z="71.91859" />
						<Hotspot X="604.2532" Y="334.0371" Z="48.77566" />
						<Hotspot X="397.4095" Y="323.627" Z="45.8497" />
						<Hotspot X="287.1353" Y="315.3746" Z="60.98606" />
						<Hotspot X="184.7531" Y="159.633" Z="64.3725" />
						<Hotspot X="90.91869" Y="36.34499" Z="33.39938" />
						<Hotspot X="28.96507" Y="54.68435" Z="31.51522" />
					</Hotspots>
				</GrindArea>
			</SetGrindArea>
			<GrindTo Level="30"/>
		<Else>
			<SetGrindArea>
				<GrindArea>
					<TargetMinLevel>19</TargetMinLevel>
					<TargetMaxLevel>29</TargetMaxLevel>
					<Factions>634 22</Factions>
					<Hotspots>
						<Hotspot X="539.564" Y="523.7318" Z="79.18008" />
						<Hotspot X="486.2967" Y="422.6388" Z="77.92699" />
						<Hotspot X="486.9542" Y="390.6186" Z="71.91859" />
						<Hotspot X="604.2532" Y="334.0371" Z="48.77566" />
						<Hotspot X="397.4095" Y="323.627" Z="45.8497" />
						<Hotspot X="287.1353" Y="315.3746" Z="60.98606" />
						<Hotspot X="184.7531" Y="159.633" Z="64.3725" />
						<Hotspot X="90.91869" Y="36.34499" Z="33.39938" />
						<Hotspot X="28.96507" Y="54.68435" Z="31.51522" />
					</Hotspots>
				</GrindArea>
			</SetGrindArea>
			<GrindTo Level="30"/>
		</Else>
		</If>
		<CustomBehavior File="LoadProfile" ProfileName="..\1-68 Horde Questing" />
	</QuestOrder>
	
	<!-- Stonetalon Overrides-->
	<Quest Name="I Got Your Parts Right Here..." Id="26045">
		<Objective Type="CollectItem" ItemId="56575" CollectCount="10">
			<Hotspots>
				<Hotspot X="853.5416" Y="-199.279" Z="12.65958" />
				<Hotspot X="348.257" Y="-241.9398" Z="66.46511" />
				<Hotspot X="506.9088" Y="-46.76331" Z="33.59319" />
				<Hotspot X="737.9539" Y="-21.93835" Z="16.01012" />
				<Hotspot X="830.3874" Y="-55.83598" Z="14.27708" />
				<Hotspot X="870.5544" Y="-99.13245" Z="10.1672" />
			</Hotspots>
		</Objective>
	</Quest>
	<!--Kalimdor Main Overrides-->
	<Quest Id="872" Name="The Far Watch Offensive">
		<Objective Type="CollectItem" ItemId="5063" CollectCount="1">
			<CollectFrom>
				<Mob Name="Kreenig Snarlsnout" Id="3438"/>
			</CollectFrom>
			<Hotspots>
				<Hotspot X="-268.8742" Y="-3490.385" Z="57.32143"/>
			</Hotspots>
		</Objective>
	</Quest>
	<Quest Name="A Captain's Vengeance" Id="891">
		<Objective Type="CollectItem" ItemId="5078" CollectCount="10">
			<CollectFrom>
				<Mob Name="Thermadore Commando" Id="5629"/>
				<Mob Name="Thermadore Deck Hand" Id="34707"/>
				<Mob Name="Thermadore Marine" Id="3385"/>
				<Mob Name="Thermadore Preserver" Id="3386"/>
				<Mob Name="Thermadore Sharpshooter" Id="34706"/>
				<Mob Name="Cannoneer Smythe" Id="3454"/>
				<Mob Name="Cannoneer Whessan" Id="3455"/>
				<Mob Name="Captain Fairmount" Id="3393"/>
			</CollectFrom>
			<Hotspots>
				<Hotspot X="-1361.057" Y="-3749.634" Z="61.10983"/>
				<Hotspot X="-1314.429" Y="-3805.902" Z="19.05502"/>
				<Hotspot X="-1328.891" Y="-3871.522" Z="13.54283"/>
				<Hotspot X="-1375.611" Y="-3887.456" Z="13.84915"/>
				<Hotspot X="-1422.127" Y="-3859.354" Z="17.1045"/>
				<Hotspot X="-1483.88" Y="-3867.17" Z="16.27431"/>
				<Hotspot X="-1521.829" Y="-3820.889" Z="21.54692"/>
				<Hotspot X="-1596.508" Y="-3835.284" Z="14.86548"/>
				<Hotspot X="-1607.741" Y="-3890.721" Z="14.42522"/>
				<Hotspot X="-1679.051" Y="-3869.036" Z="9.374258"/>
			</Hotspots>
		</Objective>
		<Objective Type="KillMob" MobId="34753" KillCount="1">
			<Hotspots>
				<Hotspot X="-1510.363" Y="-3901.512" Z="11.7735"/>
				<Hotspot X="-1466.731" Y="-3862.552" Z="16.90162"/>
				<Hotspot X="-1431.631" Y="-3866.316" Z="15.60617"/>
			</Hotspots>
		</Objective>
		<Objective Type="KillMob" MobId="34752" KillCount="1">
			<Hotspots>
				<Hotspot X="-1430.961" Y="-3848.66" Z="19.37271"/>
			</Hotspots>
		</Objective>
	</Quest>
	<Quest Id="845" Name="The Zhevra">
		<Objective Type="CollectItem" ItemId="5086" CollectCount="5">
			<Hotspots>
				<Hotspot X="-216.2053" Y="-2358.375" Z="91.67134"/>
				<Hotspot X="-168.9198" Y="-2286.34" Z="92.79396"/>
				<Hotspot X="-117.1465" Y="-2298.519" Z="91.67142"/>
				<Hotspot X="-76.15858" Y="-2300.117" Z="91.66684"/>
				<Hotspot X="-19.05883" Y="-2304.193" Z="93.03592"/>
				<Hotspot X="17.95988" Y="-2333.332" Z="91.66984"/>
				<Hotspot X="32.08635" Y="-2380.556" Z="92.53078"/>
				<Hotspot X="69.45885" Y="-2332.996" Z="99.00541"/>
				<Hotspot X="45.36837" Y="-2492.861" Z="92.94881"/>
				<Hotspot X="79.78677" Y="-2603.23" Z="92.54321"/>
				<Hotspot X="-141.2612" Y="-2638.265" Z="91.86013"/>
				<Hotspot X="-179.0856" Y="-2635.78" Z="93.2208"/>
				<Hotspot X="-223.9796" Y="-2560.271" Z="91.68735"/>
			</Hotspots>
		</Objective>
	</Quest>
	<Quest Id="903" Name="Hunting the Huntress">
		<Objective Type="CollectItem" ItemId="5096" CollectCount="5">
			<Hotspots>
				<Hotspot X="-216.2053" Y="-2358.375" Z="91.67134"/>
				<Hotspot X="-168.9198" Y="-2286.34" Z="92.79396"/>
				<Hotspot X="-117.1465" Y="-2298.519" Z="91.67142"/>
				<Hotspot X="-76.15858" Y="-2300.117" Z="91.66684"/>
				<Hotspot X="-19.05883" Y="-2304.193" Z="93.03592"/>
				<Hotspot X="17.95988" Y="-2333.332" Z="91.66984"/>
				<Hotspot X="32.08635" Y="-2380.556" Z="92.53078"/>
				<Hotspot X="69.45885" Y="-2332.996" Z="99.00541"/>
				<Hotspot X="45.36837" Y="-2492.861" Z="92.94881"/>
				<Hotspot X="79.78677" Y="-2603.23" Z="92.54321"/>
				<Hotspot X="-141.2612" Y="-2638.265" Z="91.86013"/>
				<Hotspot X="-179.0856" Y="-2635.78" Z="93.2208"/>
				<Hotspot X="-223.9796" Y="-2560.271" Z="91.68735"/>
			</Hotspots>
		</Objective>
	</Quest>
	<Quest Id="14067" Name="The Stolen Silver">
		<Objective Type="KillMob" MobId="44164" KillCount="8">
			<Hotspots>
				<Hotspot X="-349.4175" Y="-3442.317" Z="91.66958"/>
				<Hotspot X="-374.3667" Y="-3382.946" Z="91.66688"/>
				<Hotspot X="-449.3052" Y="-3359.967" Z="93.16045"/>
			</Hotspots>
		</Objective>
	</Quest>
	<Quest Id="865" Name="It's Gotta Be The Horn">
		<Objective Type="CollectItem" ItemId="46850" CollectCount="1">
			<CollectFrom>
				<Mob Name="King Reaperclaw" Id="34829"/>
			</CollectFrom>
			<Hotspots>
				<Hotspot X="-368.1221" Y="-3509.615" Z="92.43555"/>
				<Hotspot X="-391.4658" Y="-3541.734" Z="93.74399"/>
				<Hotspot X="-426.7803" Y="-3548.255" Z="93.59591"/>
				<Hotspot X="-471.8502" Y="-3553.174" Z="91.67681"/>
				<Hotspot X="-521.7884" Y="-3576.504" Z="92.27592"/>
				<Hotspot X="-586.4286" Y="-3545.87" Z="91.786"/>
			</Hotspots>
		</Objective>
	</Quest>
	<Quest Id="5041" Name="Supplies for the Crossroads">
		<Objective Type="CollectItem" ItemId="12708" CollectCount="5">
			<Hotspots>
				<Hotspot X="-283.7471" Y="-3553.791" Z="28.96637"/>
				<Hotspot X="-296.588" Y="-3468.828" Z="40.70368"/>
				<Hotspot X="-356.7888" Y="-3423.062" Z="40.27921"/>
				<Hotspot X="-252.356" Y="-3546.808" Z="57.71223"/>
				<Hotspot X="-293.9998" Y="-3493.858" Z="56.53328"/>
			</Hotspots>
		</Objective>
	</Quest>
	<Quest Id="871" Name="In Defense of Far Watch">
		<Objective Type="KillMob" MobId="3267" KillCount="8">
			<Hotspots>
				<Hotspot X="-67.19213" Y="-3639.297" Z="29.89417"/>
				<Hotspot X="-165.6999" Y="-3654.746" Z="27.38053"/>
				<Hotspot X="-216.3448" Y="-3694.208" Z="29.47747"/>
				<Hotspot X="-247.895" Y="-3675.695" Z="27.66414"/>
				<Hotspot X="-306.4881" Y="-3722.264" Z="29.59148"/>
			</Hotspots>
		</Objective>
		<Objective Type="KillMob" MobId="3265" KillCount="3">
			<Hotspots>
				<Hotspot X="-67.19213" Y="-3639.297" Z="29.89417"/>
				<Hotspot X="-165.6999" Y="-3654.746" Z="27.38053"/>
				<Hotspot X="-216.3448" Y="-3694.208" Z="29.47747"/>
				<Hotspot X="-247.895" Y="-3675.695" Z="27.66414"/>
				<Hotspot X="-306.4881" Y="-3722.264" Z="29.59148"/>
			</Hotspots>
		</Objective>
	</Quest>
	<Quest Id="844" Name="Plainstrider Menace">
		<Objective Type="CollectItem" ItemId="5087" CollectCount="7">
			<CollectFrom>
				<Mob Name="Greater Plainstrider" Id="3244"/>
			</CollectFrom>
			<Hotspots>
				<Hotspot X="360.0796" Y="-3595.002" Z="31.33324"/>
				<Hotspot X="451.3615" Y="-3664.411" Z="28.73563"/>
				<Hotspot X="541.1845" Y="-3710.007" Z="27.17048"/>
			</Hotspots>
		</Objective>
	</Quest>
</HBProfile>
	
	
	
	