<HBProfile>
	<Name>Horde 1-68 Questing</Name>
	<MinDurability>0.4</MinDurability>
	<MinFreeBagSlots>3</MinFreeBagSlots>
	<MinLevel>1</MinLevel>
	<MaxLevel>86</MaxLevel>
	<MailGrey>False</MailGrey>
	<MailWhite>False</MailWhite>
	<MailGreen>True</MailGreen>
	<SellGrey>True</SellGrey>
	<SellWhite>True</SellWhite>
	<SellGreen>True</SellGreen>
	<SellBlue>False</SellBlue>
	<SellPurple>False</SellPurple>

	<Mailboxes>
	<!--Sun Rock Retreat Mailbox-->
		<Mailbox X="927.5963" Y="901.4061" Z="104.8442" />
	<!--Orgrimmar Mailbox-->
		<Mailbox X="1605.969" Y="-4381.341" Z="20.83884" />
	<!--Crossroads Mailbox-->
		<Mailbox X="-446.9166" Y="-2649.833" Z="95.70882" />
	</Mailboxes>
	
	<Blackspots>
		<Blackspot X="1106.613" Y="435.5682" Z="81.49486" Radius="178.0992" Height="18.5152" />
		<Blackspot X="219.5877" Y="-302.9547" Z="55.39307" Radius="168.0102" Height="19.02401" />
		<Blackspot X="-407.0836" Y="-1369.777" Z="71.98209" Radius="247.2301" Height="17.71511" />
		<Blackspot X="-253.3676" Y="-977.0327" Z="29.87634" Radius="159.8405" Height="24.25561" />
		<Blackspot X="-222.267" Y="-763.4814" Z="11.72991" Radius="15.29526" />
	</Blackspots>
	
	<Vendors>
	<!-- Orgrimmar Vendor -->
		<Vendor Name="Trak'gen" Entry="3313" Type="Food" X="1528.89" Y="-4442.89" Z="24.02194" />
		<Vendor Name="Urtharo" Entry="3314" Type="Repair" X="1639.75" Y="-4316.71" Z="21.12019" />

	<!--Orgrimmar Trainers-->
		<Vendor Name="Zevrost" Type="Train" TrainClass="Warlock" Entry="3326" X="1848.788" Y="-4360.646" Z="-14.72255"/>
		<Vendor Name="Marud" Type="Train" TrainClass="Mage" Entry="47247" X="1764.56" Y="-4349.509" Z="-7.769643"/>
		<Vendor Name="Seer Liwatha" Type="Train" TrainClass="Priest" Entry="44735" X="1863.46" Y="-4297.75" Z="23.74968"/>
		<Vendor Name="Lothan Silverblade" Entry="43012" Type="Train" TrainClass="Warrior" X="9521.21" Y="-6865.33" Z="18.75"/>
		<Vendor Name="Sahi Cloudsinger" Entry="44740" Type="Train" TrainClass="Shaman" X="1884.15" Y="-4282.4" Z="23.5918"/>
		<Vendor Name="Gordul" Type="Train" TrainClass="Rogue" Entry="47233" X="1773.21" Y="-4282.96" Z="7.892303"/>
		<Vendor Name="Nohi Plainswalker" Type="Train" TrainClass="Hunter" Entry="44743"  X="1872.89" Y="-4281.46" Z="23.76952"/>
		<Vendor Name="Sunwalker Atohmo" Type="Train" TrainClass="Paladin" Entry="44725"  X="1863.88" Y="-4292.69" Z="23.78126"/>
		<Vendor Name="Shalla Whiteleaf" Type="Train" TrainClass="Druid" Entry="44726"  X="1888.95" Y="-4285.25" Z="23.55553"/>
		
	<!--Desolace Vendors-->
		<Vendor Name="Drumion" Entry="43899" Type="Food" X="-429.215" Y="2221.91" Z="89.0641" />
		<Vendor Name="Hae'Wilani" Entry="12045" Type="Repair" X="-1677.031" Y="3073.266" Z="34.538" />
		<Vendor Name="Tukk" Entry="12027" Type="Food" X="-1701.76" Y="3112.569" Z="32.64058" />
		<Vendor Name="Harnor" Entry="8152" Type="Food" X="-1144.792" Y="1931.347" Z="89.14728" />
		<Vendor Name="Howah Deeptan" Entry="43880" Type="Repair" X="-994.738" Y="1597.01" Z="59.8653" />
	</Vendors>
	
	<QuestOrder>
		<!--BEGIN  DESOLACE QUESTING-->
		<PickUp QuestName="My Time Has Passed" QuestId="14184" GiverName="Furien" GiverId="35286" />
		<TurnIn QuestName="My Time Has Passed" QuestId="14184" TurnInName="Cerelia" TurnInId="35295" />
		<PickUp QuestName="Avenge Furien!" QuestId="14188" GiverName="Furien" GiverId="35295" />
		<TurnIn QuestName="Avenge Furien!" QuestId="14188" TurnInName="Sorrem" TurnInId="35298" />
		<PickUp QuestName="Translation" QuestId="14189" GiverName="Sorrem" GiverId="35298" />
		<If Condition="HasQuest(14189)">
		<RunTo X="-404.8366" Y="1116.254" Z="96.89956" />
		</If>			
		<TurnIn QuestName="Translation" QuestId="14189" TurnInType="Object" TurnInName="Ancient Tablets" TurnInId="195433" X="-423.1596" Y="1115.479" Z="96.02772"/>
		<PickUp QuestName="Furien's Footsteps" QuestId="14191" GiverName="Ancient Tablets" GiverType="Object" GiverId="195433" X="-423.044" Y="1115.576" Z="96.02879" />
		<PickUp QuestName="Stubborn Lands" QuestId="14247" GiverName="Cenarion Embassador Thunk" GiverId="35661" />

		<RunTo QuestId="14191" X="-350.4042" Y="826.3677" Z="95.512"/>
		<PickUp QuestName="Ten Pounds of Flesh" QuestId="14213" GiverName="Elune's Brazier" GiverType="Object" GiverId="195497" X="-240.7148" Y="694.8555" Z="100.8951"/>
		<RunTo QuestId="14191" X="-350.4042" Y="826.3677" Z="95.512"/>
		<TurnIn QuestName="Stubborn Lands" QuestId="14247" TurnInName="Smouldering Stone" TurnInType="Object" TurnInId="195600" X="-187.7241" Y="1117.043" Z="88.08567"/>
		<RunTo QuestId="14191" X="-92.28197" Y="756.6418" Z="126.2953" />
		<Objective QuestName="Ten Pounds of Flesh" QuestId="14213" Type="CollectItem" ItemId="48857" CollectCount="10" />
		<UseItem QuestId="14213" ItemId="48857" QuestName="Ten Pounds of Flesh" X="-240.7148" Y="694.8555" Z="100.8951"/>
		<TurnIn QuestName="Ten Pounds of Flesh" QuestId="14213" TurnInName="Elune's Brazier" TurnInType="Object" TurnInId="195497" X="-240.7148" Y="694.8555" Z="100.8951"/>		
		<TurnIn QuestName="Furien's Footsteps" QuestId="14191" TurnInName="Ancient Tablets" TurnInType="Object" TurnInId="195433" X="-423.1596" Y="1115.479" Z="96.02772"/>
		<SetGrindArea>
			<GrindArea>
				<Name>Grind to Level 32</Name>
				<Factions>49 413 91 38</Factions>
				<TargetMinLevel>30</TargetMinLevel>
				<TargetMaxLevel>34</TargetMaxLevel>
				<Hotspots>
					<Hotspot X="-491.2314" Y="950.828" Z="92.02661" />
					<Hotspot X="-542.2419" Y="869.2729" Z="90.66995" />
					<Hotspot X="-492.3193" Y="825.8853" Z="91.76656" />
					<Hotspot X="-430.7056" Y="900.0301" Z="91.11745" />
					<Hotspot X="-390.1678" Y="971.4577" Z="91.49596" />
					<Hotspot X="-390.099" Y="1099.33" Z="94.19028" />
					<Hotspot X="-367.5944" Y="1220.913" Z="90.31359" />
					<Hotspot X="-383.544" Y="1291.491" Z="90.52409" />
					<Hotspot X="-232.624" Y="1237.684" Z="92.55154" />
					<Hotspot X="-161.5726" Y="1246.432" Z="91.73386" />
					<Hotspot X="-237.836" Y="1181.321" Z="92.63818" />
				</Hotspots>
			</GrindArea>
		</SetGrindArea>
		<GrindTo Level="32"/>
		<CustomBehavior File="LoadProfile" ProfileName="..\1-68 Horde Questing" />

	<!--END DESOLACE QUESTING-->
	</QuestOrder>
		
</HBProfile>