<HBProfile>
	<Name>Horde 1-68 Questing</Name>
	<MinDurability>0.4</MinDurability>
	<MinFreeBagSlots>3</MinFreeBagSlots>
	<MinLevel>1</MinLevel>
	<MaxLevel>86</MaxLevel>
	<MailGrey>False</MailGrey>
	<MailWhite>False</MailWhite>
	<MailGreen>True</MailGreen>
	<SellGrey>True</SellGrey>
	<SellWhite>True</SellWhite>
	<SellGreen>True</SellGreen>
	<SellBlue>False</SellBlue>
	<SellPurple>False</SellPurple>
	
	<Mailboxes>
		<!--Crossroads Mailbox-->
		<Mailbox X="-446.9166" Y="-2649.833" Z="95.70882" />
	</Mailboxes>
	
	<Blackspots>
		<!--Southern Barrens-->
		<Blackspot X="-458.3114" Y="-1509.571" Z="90.22444" Radius="25.8381" />
		<Blackspot X="-429.1891" Y="-1460.696" Z="91.18478" Radius="24.20076" />
		<Blackspot X="-1462.941" Y="-1900.331" Z="94.46629" Radius="2.843235" />
		<Blackspot X="-407.0836" Y="-1369.777" Z="71.98209" Radius="247.2301" Height="17.71511" />
		<Blackspot X="1106.613" Y="435.5682" Z="81.49486" Radius="178.0992" Height="18.5152" />
		<Blackspot X="-253.3676" Y="-977.0327" Z="29.87634" Radius="159.8405" Height="24.25561" />
		<Blackspot X="-222.267" Y="-763.4814" Z="11.72991" Radius="15.29526" />


		<!--Southern Barrens-->
		<Blackspot X="-458.3114" Y="-1509.571" Z="90.22444" Radius="25.8381" />
		<Blackspot X="-429.1891" Y="-1460.696" Z="91.18478" Radius="24.20076" />
		<Blackspot X="-1462.941" Y="-1900.331" Z="94.46629" Radius="2.843235" />
	</Blackspots>
	
	<Vendors>
		<!--Southern Barrens Vendors-->
		<Vendor Name="Turrana" Entry="44296" Type="Food" X="-1428.21" Y="-1928.81" Z="93.43521" />
		<Vendor Name="Murhane" Entry="44286" Type="Repair" X="-1475.59" Y="-1912.52" Z="95.14588" />
		<Vendor Name="Terndak" Entry="44287" Type="Repair" X="-3267.02" Y="-1714.96" Z="92.30547" />
		<Vendor Name="Innkeeper Lhakadd" Entry="44276" Type="Food" X="-3220.69" Y="-1663.86" Z="99.90484" />
		<!--Northern Barrens Trainers-->
		<Vendor Name="Ging" Entry="50033" Type="Train" TrainClass="Warrior" X="-397.0208" Y="-2640.786" Z="96.22301"/>
		<Vendor Name="Chintoka" Entry="50028" Type="Train" TrainClass="Warlock" X="-430.3038" Y="-2659.688" Z="96.5854"/>
		<Vendor Name="Zumolo" Entry="50031" Type="Train" TrainClass="Priest" X="-522.4011" Y="-2641.29" Z="95.78771"/>
		<Vendor Name="Tarmod" Entry="50032" Type="Train" TrainClass="Hunter" X="-434.6354" Y="-2680.118" Z="96.18756"/>
		<Vendor Name="Brulla" Entry="50022" Type="Train" TrainClass="Shaman" X="-520.2188" Y="-2642.453" Z="95.78768"/>
		<Vendor Name="Dargad" Entry="50027" Type="Train" TrainClass="Rogue" X="-431.3785" Y="-2680.99" Z="96.0315"/>
		<Vendor Name="Egnom" Entry="50029" Type="Train" TrainClass="Mage" X="-429.2691" Y="-2662.823" Z="96.57791"/>
		<Vendor Name="Sunwalker Lonaki" Entry="50035" Type="Train" TrainClass="Paladin" X="-535.9566" Y="-2640.979" Z="95.85036"/>
		<!-- Orgrimmar Druid Trainer -->
		<Vendor Name="Shalla Whiteleaf" Type="Train" TrainClass="Druid" Entry="44726"  X="1888.95" Y="-4285.25" Z="23.55553"/>
	</Vendors>
	
	<QuestOrder>
		<!--BEGIN SOUTHERN BARRENS QUESTING-->
			<If Condition="(!IsQuestCompleted(24504)) || (!IsQuestCompleted(28549))" > 
		<PickUp QuestName="Nura Pathfinder" QuestId="26069" GiverName="Witch Doctor Jin'Zil" GiverId="3995" />
			</If>
			<If Condition="((HasQuest(26069)) &amp;&amp; (IsQuestCompleted(26069)))" >
		<TurnIn QuestName="Nura Pathfinder" QuestId="26069" TurnInName="Nura Pathfinder" TurnInId="37135" />
			</If>
		<PickUp QuestName="Clear the High Road" QuestId="24504" GiverName="Nura Pathfinder" GiverId="37135" />
			<Objective QuestName="Clear the High Road" QuestId="24504" Type="KillMob" MobId="37159" KillCount="3" />
		<TurnIn QuestName="Clear the High Road" QuestId="24504" TurnInName="Tunawa Stillwind" TurnInId="37137" />	
		<PickUp QuestName="Holdout at Hunter's Hill" QuestId="24505" GiverName="Tunawa Stillwind" GiverId="37137" />
		<PickUp QuestName="Warriors' Redemption" QuestId="24512" GiverName="Holgom" GiverId="37153" />
		<PickUp QuestName="Feeding the Fear" QuestId="25284" GiverName="Holgom" GiverId="37153" />
		<PickUp QuestName="Eye for an Eye" QuestId="24513" GiverName="Oltarg" GiverId="37136" />
		<If Condition="HasQuest(24513)">
			<CustomBehavior File="InteractWith" QuestId="24513" MobId="37154" X="-486.4897" Y="-1401.612" Z="131.9163" />
		</If>
		<TurnIn QuestName="Eye for an Eye" QuestId="24513" TurnInName="Oltarg" TurnInId="37136" />
		<While Condition="HasQuest(24512) &amp;&amp; !IsQuestCompleted(24512)">
			<CustomBehavior File="InteractWith" QuestId="24512" ObjectType="Gameobject" NpcId="201701" NumOfTimes="1" X="-540.7686" Y="-1404.91" Z="93.69228" />
			<CustomBehavior File="InteractWith" QuestId="24512" MobId="37167" NumOfTimes="1" GossipOption="1" CollectionDistance="15" ObjectType="Npc" X="-481.309" Y="-1399.151" Z="96.82776"/>
		</While>
		<Objective QuestName="Feeding the Fear" QuestId="25284" Type="KillMob" MobId="37160" KillCount="5" />
		<TurnIn QuestName="Warriors' Redemption" QuestId="24512" TurnInName="Holgom" TurnInId="37153" />
		<TurnIn QuestName="Feeding the Fear" QuestId="25284" TurnInName="Holgom" TurnInId="37153" />
		<TurnIn QuestName="Holdout at Hunter's Hill" QuestId="24505" TurnInName="Onatay" TurnInId="37138" />	
		<PickUp QuestName="Raptor Scraps" QuestId="24514" GiverName="Onatay" GiverId="37138" />
		<PickUp QuestName="Signals in the Sky" QuestId="24515" GiverName="Onatay" GiverId="37138" />
		<PickUp QuestName="Put the Fear in Them" QuestId="24517" GiverName="Kilrok Gorehammer" GiverId="37154" />
		<Objective QuestName="Put the Fear in Them" QuestId="24517" Type="KillMob" MobId="37216" KillCount="1" />
		<Objective QuestName="Put the Fear in Them" QuestId="24517" Type="KillMob" MobId="37161" KillCount="8" />
		<TurnIn QuestName="Put the Fear in Them" QuestId="24517" TurnInName="Kilrok Gorehammer" TurnInId="37154" />
		<Objective QuestName="Raptor Scraps" QuestId="24514" Type="CollectItem" ItemId="49772" CollectCount="8" />
		<TurnIn QuestName="Raptor Scraps" QuestId="24514" TurnInName="Onatay" TurnInId="37138" />
		<TurnIn QuestName="Signals in the Sky" QuestId="24515" TurnInName="Makaba Flathoof" TurnInId="11857" />
		<PickUp QuestName="Bad to Worse" QuestId="24529" GiverName="Makaba Flathoof" GiverId="11857" />
		<PickUp QuestName="Keeping the Dogs at Bay" QuestId="24525" GiverName="Makaba Flathoof" GiverId="11857" />	
		<PickUp QuestName="When Plants Attack" QuestId="24539" GiverName="Lane Tallgrass" GiverId="37515" />
		<While Condition="HasQuest(24529) &amp;&amp; !IsQuestCompleted(24529)">
			<CustomBehavior File="InteractWith" MobId="201724" Range="7" NumOfTimes="5" ObjectType="Gameobject" X="-1585.976" Y="-1694.601" Z="91.66652" />
			<Objective QuestName="Bad to Worse" QuestId="24529" Type="KillMob" MobId="37521" KillCount="8" />
		</While>
		<Objective QuestName="Keeping the Dogs at Bay" QuestId="24525" Type="KillMob" MobId="37086" KillCount="6" />
		<Objective QuestName="When Plants Attack" QuestId="24539" Type="KillMob" MobId="37548" KillCount="5" />
		<TurnIn QuestName="Bad to Worse" QuestId="24529" TurnInName="Makaba Flathoof" TurnInId="11857" />
		<TurnIn QuestName="Keeping the Dogs at Bay" QuestId="24525" TurnInName="Makaba Flathoof" TurnInId="11857" />
		<TurnIn QuestName="When Plants Attack" QuestId="24539" TurnInName="Lane Tallgrass" TurnInId="37515" />
		<PickUp QuestName="A Curious Bloom" QuestId="24542" GiverName="Lane Tallgrass" GiverId="37515" />
		<PickUp QuestName="Speaking Their Language" QuestId="24534" GiverName="Makaba Flathoof" GiverId="11857" />
		<Objective QuestName="A Curious Bloom" QuestId="24542" Type="CollectItem" ItemId="49815" CollectCount="10" />
		<If Condition="HasQuest(24534)">
			<UseItem ItemId="49782" QuestName="Speaking Their Language" QuestId="24534" X="-1866.375" Y="-1831.175" Z="90.70908" />
		</If>
		<Objective QuestName="Speaking Their Language" QuestId="24534" Type="KillMob" MobId="37513" KillCount="1" />
		<TurnIn QuestName="Speaking Their Language" QuestId="24534" TurnInName="Makaba Flathoof" TurnInId="11857" />
		<TurnIn QuestName="A Curious Bloom" QuestId="24542" TurnInName="Naralex" TurnInId="37570" />
		<PickUp QuestName="Biological Intervention" QuestId="24565" GiverName="Naralex" GiverId="37570" />
		<PickUp QuestName="Lashvine Seeds" QuestId="24571" GiverName="Muyoh" GiverId="38314" />
		<Objective QuestName="Lashvine Seeds" QuestId="24571" Type="CollectItem" ItemId="49876" CollectCount="4" />
		<Objective QuestName="Biological Intervention" QuestId="24565" Type="KillMob" MobId="37090" KillCount="5" />
		<Objective QuestName="Biological Intervention" QuestId="24565" Type="KillMob" MobId="37091" KillCount="5" />
		<TurnIn QuestName="Biological Intervention" QuestId="24565" TurnInName="Naralex" TurnInId="37570" />
		<TurnIn QuestName="Lashvine Seeds" QuestId="24571" TurnInName="Muyoh" TurnInId="38314" />
		<PickUp QuestName="To Harvest Chaos" QuestId="24574" GiverName="Naralex" GiverId="37570" />
		<Objective QuestName="To Harvest Chaos" QuestId="24574" Type="CollectItem" ItemId="49883" CollectCount="1" />
		<Objective QuestName="To Harvest Chaos" QuestId="24574" Type="KillMob" MobId="37092" KillCount="5" />
		<TurnIn QuestName="To Harvest Chaos" QuestId="24574" TurnInName="Naralex" TurnInId="37570" />
		<PickUp QuestName="The Nightmare Scar" QuestId="24601" GiverName="Naralex" GiverId="37570" />
		<While Condition="HasQuest(24601) &amp;&amp; !IsQuestCompleted(24601)">
			<RunTo QuestId="24601" X="-1705.63" Y="-2216.93" Z="98.85034" />
			<CustomBehavior File="RunMacro" Macro="/dismount" NumOfTimes="1" WaitTime="4000" />
			<CustomBehavior File="InteractWith" MobId="37570" NumOfTimes="1" GossipOption="1" WaitTime="5000" CollectionDistance="15" ObjectType="Npc" X="-1705.63" Y="-2216.93" Z="98.85034" />
			<CustomBehavior File="Escort" QuestId="24601" MobId="37570" X="-1705.63" Y="-2216.93" Z="98.85034" />
		</While>
		<TurnIn QuestName="The Nightmare Scar" QuestId="24601" TurnInName="Naralex" TurnInId="37570" />
		<PickUp QuestName="Winnoa Pineforest" QuestId="24807" GiverName="Naralex" GiverId="37570" />
		<TurnIn QuestName="Winnoa Pineforest" QuestId="24807" TurnInName="Winnoa Pineforest" TurnInId="37717" />
		<SetGrindArea>
			<GrindArea>
				<Name>Grind to Level 35</Name>
				<Factions>189 111 16</Factions>
				<TargetMinLevel>32</TargetMinLevel>
				<TargetMaxLevel>36</TargetMaxLevel>
				<Hotspots>
					<Hotspot X="-2004.346" Y="-1806.808" Z="92.07579" />
					<Hotspot X="-2055.043" Y="-1789.785" Z="92.7709" />
					<Hotspot X="-2095.787" Y="-1879.568" Z="95.79712" />
					<Hotspot X="-2115.249" Y="-1950.428" Z="93.44931" />
					<Hotspot X="-2177.043" Y="-1930.745" Z="92.76167" />
				</Hotspots>
			</GrindArea>
		</SetGrindArea>
		<GrindTo Level="35"/>
		<CustomBehavior File="LoadProfile" ProfileName="..\1-68 Horde Questing" />
		
<!--END SOUTHERN BARRENS QUESTING-->	
	</QuestOrder>
<!--Southern Barrens Overrides-->
	<Quest Id="24513" Name="Eye for an Eye">
		<Objective Type="CollectItem" ItemId="49771" CollectionCount="2">
			<CollectFrom>
				<Mob Name="Captain Peake" Id="37157"/>
			</CollectFrom>
			<Hotspots>
				<Hotspot X="-486.4897" Y="-1401.612" Z="131.9163" />
			</Hotspots>
		</Objective>
	</Quest>
	<Quest Id="24517" Name="Put the Fear in Them">
		<Objective Type="KillMob" MobId="37161" KillCount="8">
			<Hotspots>
				<Hotspot X="-552.1168" Y="-1587.674" Z="85.48155" />
				<Hotspot X="-535.2753" Y="-1515.298" Z="92.77784" />
				<Hotspot X="-500.2805" Y="-1556.683" Z="89.41119" />
			</Hotspots>
		</Objective>
		<Objective Type="KillMob" MobId="37216" KillCount="1">
			<Hotspots>
				<Hotspot X="-715.123" Y="-1731.698" Z="72.55502" />
				<Hotspot X="-615.1475" Y="-1659.364" Z="73.48781" />
			</Hotspots>
		</Objective>
	</Quest>
	<Quest Id="24512" Name="Warriors' Redemption">
		<Objective Type="CollectItem" ItemId="49769" CollectCount="5">
			<Hotspots>
				<Hotspot X="-540.7686" Y="-1404.91" Z="93.69228" />
				<Hotspot X="-507.6432" Y="-1426.02" Z="95.03018" />
				<Hotspot X="-475.8994" Y="-1479.032" Z="92.97813" />
				<Hotspot X="-433.1618" Y="-1395.577" Z="94.17669" />
				<Hotspot X="-460.0255" Y="-1402.141" Z="93.96745" />
			</Hotspots>
		</Objective>
	</Quest>
	<Quest Id="24504" Name="Clear the High Road">
		<Objective Type="KillMob" MobId="37159" KillCount="3">
			<Hotspots>
				<Hotspot X="-532.1072" Y="-1283.412" Z="155.1376" />
				<Hotspot X="-438.1325" Y="-1176.114" Z="177.9153" />
				<Hotspot X="-438.7355" Y="-1030.916" Z="111.7259" />
			</Hotspots>
		</Objective>
	</Quest>

	<!--Kalimdor Main Overrides-->
	<Quest Id="872" Name="The Far Watch Offensive">
		<Objective Type="CollectItem" ItemId="5063" CollectCount="1">
			<CollectFrom>
				<Mob Name="Kreenig Snarlsnout" Id="3438"/>
			</CollectFrom>
			<Hotspots>
				<Hotspot X="-268.8742" Y="-3490.385" Z="57.32143"/>
			</Hotspots>
		</Objective>
	</Quest>
	
	<Quest Name="To Harvest Chaos" Id="24574">
		<Objective Type="KillMob" MobId="37092" KillCount="5">
			<Hotspots>
				<Hotspot X="-1509.371" Y="-1752.226" Z="93.43999" />
				<Hotspot X="-1535.976" Y="-1844.826" Z="96.58539" />
				<Hotspot X="-1567.244" Y="-1877.475" Z="94.00351" />
				<Hotspot X="-1549.95" Y="-1959.706" Z="89.43297" />
				<Hotspot X="-1620.104" Y="-2062.955" Z="94.73844" />
				<Hotspot X="-1627.158" Y="-2105.239" Z="95.85307" />
				<Hotspot X="-1662.192" Y="-2184.485" Z="95.94566" />
				<Hotspot X="-1652.501" Y="-2271.023" Z="96.38614" />
				<Hotspot X="-1611.457" Y="-2325.332" Z="93.28777" />
				<Hotspot X="-1629.531" Y="-2401.423" Z="90.58807" />
				<Hotspot X="-1820.481" Y="-2337.247" Z="94.63085" />
				<Hotspot X="-1897.905" Y="-2382.81" Z="98.87038" />
				<Hotspot X="-1964.551" Y="-2435.823" Z="95.22604" />
			</Hotspots>
		</Objective>
		<Objective Type="CollectItem" ItemId="49883" CollectCount="1">
			<CollectFrom>
				<Mob Name="Outgrowth" Id="37092"/>
			</CollectFrom>
			<Hotspots>
				<Hotspot X="-1509.371" Y="-1752.226" Z="93.43999" />
				<Hotspot X="-1535.976" Y="-1844.826" Z="96.58539" />
				<Hotspot X="-1567.244" Y="-1877.475" Z="94.00351" />
				<Hotspot X="-1549.95" Y="-1959.706" Z="89.43297" />
				<Hotspot X="-1620.104" Y="-2062.955" Z="94.73844" />
				<Hotspot X="-1627.158" Y="-2105.239" Z="95.85307" />
				<Hotspot X="-1662.192" Y="-2184.485" Z="95.94566" />
				<Hotspot X="-1652.501" Y="-2271.023" Z="96.38614" />
				<Hotspot X="-1611.457" Y="-2325.332" Z="93.28777" />
				<Hotspot X="-1629.531" Y="-2401.423" Z="90.58807" />
				<Hotspot X="-1820.481" Y="-2337.247" Z="94.63085" />
				<Hotspot X="-1897.905" Y="-2382.81" Z="98.87038" />
				<Hotspot X="-1964.551" Y="-2435.823" Z="95.22604" />
			</Hotspots>
		</Objective>
	</Quest>
	<Quest Name="A Captain's Vengeance" Id="891">
		<Objective Type="CollectItem" ItemId="5078" CollectCount="10">
			<CollectFrom>
				<Mob Name="Thermadore Commando" Id="5629"/>
				<Mob Name="Thermadore Deck Hand" Id="34707"/>
				<Mob Name="Thermadore Marine" Id="3385"/>
				<Mob Name="Thermadore Preserver" Id="3386"/>
				<Mob Name="Thermadore Sharpshooter" Id="34706"/>
				<Mob Name="Cannoneer Smythe" Id="3454"/>
				<Mob Name="Cannoneer Whessan" Id="3455"/>
				<Mob Name="Captain Fairmount" Id="3393"/>
			</CollectFrom>
			<Hotspots>
				<Hotspot X="-1361.057" Y="-3749.634" Z="61.10983"/>
				<Hotspot X="-1314.429" Y="-3805.902" Z="19.05502"/>
				<Hotspot X="-1328.891" Y="-3871.522" Z="13.54283"/>
				<Hotspot X="-1375.611" Y="-3887.456" Z="13.84915"/>
				<Hotspot X="-1422.127" Y="-3859.354" Z="17.1045"/>
				<Hotspot X="-1483.88" Y="-3867.17" Z="16.27431"/>
				<Hotspot X="-1521.829" Y="-3820.889" Z="21.54692"/>
				<Hotspot X="-1596.508" Y="-3835.284" Z="14.86548"/>
				<Hotspot X="-1607.741" Y="-3890.721" Z="14.42522"/>
				<Hotspot X="-1679.051" Y="-3869.036" Z="9.374258"/>
			</Hotspots>
		</Objective>
		<Objective Type="KillMob" MobId="34753" KillCount="1">
			<Hotspots>
				<Hotspot X="-1510.363" Y="-3901.512" Z="11.7735"/>
				<Hotspot X="-1466.731" Y="-3862.552" Z="16.90162"/>
				<Hotspot X="-1431.631" Y="-3866.316" Z="15.60617"/>
			</Hotspots>
		</Objective>
		<Objective Type="KillMob" MobId="34752" KillCount="1">
			<Hotspots>
				<Hotspot X="-1430.961" Y="-3848.66" Z="19.37271"/>
			</Hotspots>
		</Objective>
	</Quest>
	<Quest Id="845" Name="The Zhevra">
		<Objective Type="CollectItem" ItemId="5086" CollectCount="5">
			<Hotspots>
				<Hotspot X="-216.2053" Y="-2358.375" Z="91.67134"/>
				<Hotspot X="-168.9198" Y="-2286.34" Z="92.79396"/>
				<Hotspot X="-117.1465" Y="-2298.519" Z="91.67142"/>
				<Hotspot X="-76.15858" Y="-2300.117" Z="91.66684"/>
				<Hotspot X="-19.05883" Y="-2304.193" Z="93.03592"/>
				<Hotspot X="17.95988" Y="-2333.332" Z="91.66984"/>
				<Hotspot X="32.08635" Y="-2380.556" Z="92.53078"/>
				<Hotspot X="69.45885" Y="-2332.996" Z="99.00541"/>
				<Hotspot X="45.36837" Y="-2492.861" Z="92.94881"/>
				<Hotspot X="79.78677" Y="-2603.23" Z="92.54321"/>
				<Hotspot X="-141.2612" Y="-2638.265" Z="91.86013"/>
				<Hotspot X="-179.0856" Y="-2635.78" Z="93.2208"/>
				<Hotspot X="-223.9796" Y="-2560.271" Z="91.68735"/>
			</Hotspots>
		</Objective>
	</Quest>
	<Quest Id="903" Name="Hunting the Huntress">
		<Objective Type="CollectItem" ItemId="5096" CollectCount="5">
			<Hotspots>
				<Hotspot X="-216.2053" Y="-2358.375" Z="91.67134"/>
				<Hotspot X="-168.9198" Y="-2286.34" Z="92.79396"/>
				<Hotspot X="-117.1465" Y="-2298.519" Z="91.67142"/>
				<Hotspot X="-76.15858" Y="-2300.117" Z="91.66684"/>
				<Hotspot X="-19.05883" Y="-2304.193" Z="93.03592"/>
				<Hotspot X="17.95988" Y="-2333.332" Z="91.66984"/>
				<Hotspot X="32.08635" Y="-2380.556" Z="92.53078"/>
				<Hotspot X="69.45885" Y="-2332.996" Z="99.00541"/>
				<Hotspot X="45.36837" Y="-2492.861" Z="92.94881"/>
				<Hotspot X="79.78677" Y="-2603.23" Z="92.54321"/>
				<Hotspot X="-141.2612" Y="-2638.265" Z="91.86013"/>
				<Hotspot X="-179.0856" Y="-2635.78" Z="93.2208"/>
				<Hotspot X="-223.9796" Y="-2560.271" Z="91.68735"/>
			</Hotspots>
		</Objective>
	</Quest>
	<Quest Id="14067" Name="The Stolen Silver">
		<Objective Type="KillMob" MobId="44164" KillCount="8">
			<Hotspots>
				<Hotspot X="-349.4175" Y="-3442.317" Z="91.66958"/>
				<Hotspot X="-374.3667" Y="-3382.946" Z="91.66688"/>
				<Hotspot X="-449.3052" Y="-3359.967" Z="93.16045"/>
			</Hotspots>
		</Objective>
	</Quest>
	<Quest Id="865" Name="It's Gotta Be The Horn">
		<Objective Type="CollectItem" ItemId="46850" CollectCount="1">
			<CollectFrom>
				<Mob Name="King Reaperclaw" Id="34829"/>
			</CollectFrom>
			<Hotspots>
				<Hotspot X="-368.1221" Y="-3509.615" Z="92.43555"/>
				<Hotspot X="-391.4658" Y="-3541.734" Z="93.74399"/>
				<Hotspot X="-426.7803" Y="-3548.255" Z="93.59591"/>
				<Hotspot X="-471.8502" Y="-3553.174" Z="91.67681"/>
				<Hotspot X="-521.7884" Y="-3576.504" Z="92.27592"/>
				<Hotspot X="-586.4286" Y="-3545.87" Z="91.786"/>
			</Hotspots>
		</Objective>
	</Quest>
	<Quest Id="5041" Name="Supplies for the Crossroads">
		<Objective Type="CollectItem" ItemId="12708" CollectCount="5">
			<Hotspots>
				<Hotspot X="-283.7471" Y="-3553.791" Z="28.96637"/>
				<Hotspot X="-296.588" Y="-3468.828" Z="40.70368"/>
				<Hotspot X="-356.7888" Y="-3423.062" Z="40.27921"/>
				<Hotspot X="-252.356" Y="-3546.808" Z="57.71223"/>
				<Hotspot X="-293.9998" Y="-3493.858" Z="56.53328"/>
			</Hotspots>
		</Objective>
	</Quest>
	<Quest Id="871" Name="In Defense of Far Watch">
		<Objective Type="KillMob" MobId="3267" KillCount="8">
			<Hotspots>
				<Hotspot X="-67.19213" Y="-3639.297" Z="29.89417"/>
				<Hotspot X="-165.6999" Y="-3654.746" Z="27.38053"/>
				<Hotspot X="-216.3448" Y="-3694.208" Z="29.47747"/>
				<Hotspot X="-247.895" Y="-3675.695" Z="27.66414"/>
				<Hotspot X="-306.4881" Y="-3722.264" Z="29.59148"/>
			</Hotspots>
		</Objective>
		<Objective Type="KillMob" MobId="3265" KillCount="3">
			<Hotspots>
				<Hotspot X="-67.19213" Y="-3639.297" Z="29.89417"/>
				<Hotspot X="-165.6999" Y="-3654.746" Z="27.38053"/>
				<Hotspot X="-216.3448" Y="-3694.208" Z="29.47747"/>
				<Hotspot X="-247.895" Y="-3675.695" Z="27.66414"/>
				<Hotspot X="-306.4881" Y="-3722.264" Z="29.59148"/>
			</Hotspots>
		</Objective>
	</Quest>
	<Quest Id="844" Name="Plainstrider Menace">
		<Objective Type="CollectItem" ItemId="5087" CollectCount="7">
			<CollectFrom>
				<Mob Name="Greater Plainstrider" Id="3244"/>
			</CollectFrom>
			<Hotspots>
				<Hotspot X="360.0796" Y="-3595.002" Z="31.33324"/>
				<Hotspot X="451.3615" Y="-3664.411" Z="28.73563"/>
				<Hotspot X="541.1845" Y="-3710.007" Z="27.17048"/>
			</Hotspots>
		</Objective>
	</Quest>	
</HBProfile>