<HBProfile>
	<Name>Horde 1-68 Questing</Name>
	<MinDurability>0.4</MinDurability>
	<MinFreeBagSlots>3</MinFreeBagSlots>
	<MinLevel>1</MinLevel>
	<MaxLevel>86</MaxLevel>
	<MailGrey>False</MailGrey>
	<MailWhite>False</MailWhite>
	<MailGreen>True</MailGreen>
	<SellGrey>True</SellGrey>
	<SellWhite>True</SellWhite>
	<SellGreen>True</SellGreen>
	<SellBlue>False</SellBlue>
	<SellPurple>False</SellPurple>
	
	<Mailboxes>
		<!-- Brackenwall Village -->
		<Mailbox X="-3156.934" Y="-2894.973" Z="33.72699" />
	</Mailboxes>
	
	<Blackspots>
		<!--Dustwallow Marsh Blackspots-->
		<Blackspot X="-4361.6" Y="-2994.762" Z="47.18442" Radius="4.140847" />
		<Blackspot X="-4395.691" Y="-2800.355" Z="35.79233" Radius="3.268922" />
		<Blackspot X="-2253.695" Y="-3722.116" Z="92.46094" Radius="25.0426" />
		<Blackspot X="-2283.975" Y="-3870.109" Z="8.765266" Radius="95.22191" Height="13.4321" />

	</Blackspots>
	
	<Vendors>
		<!--Dustwallow Marsh Vendors-->
		<Vendor Name="Krak" Entry="4883" Type="Repair" X="-3112.938" Y="-2885.783" Z="35.26552" />
		<Vendor Name="Ogg'marr" Entry="4879" Type="Food" X="-3117.45" Y="-2902.003" Z="33.991" />
		<Vendor Name="Razbo Rustgear" Entry="23571" Type="Repair" X="-4603.661" Y="-3210.939" Z="34.92491" />
		<Vendor Name="Krixil Slogswitch" Entry="23573" Type="Food" X="-4591.396" Y="-3165.594" Z="34.28527" />	
		<!--Northern Barrens Trainers-->
		<Vendor Name="Ging" Entry="50033" Type="Train" TrainClass="Warrior" X="-397.0208" Y="-2640.786" Z="96.22301"/>
		<Vendor Name="Chintoka" Entry="50028" Type="Train" TrainClass="Warlock" X="-430.3038" Y="-2659.688" Z="96.5854"/>
		<Vendor Name="Zumolo" Entry="50031" Type="Train" TrainClass="Priest" X="-522.4011" Y="-2641.29" Z="95.78771"/>
		<Vendor Name="Tarmod" Entry="50032" Type="Train" TrainClass="Hunter" X="-434.6354" Y="-2680.118" Z="96.18756"/>
		<Vendor Name="Brulla" Entry="50022" Type="Train" TrainClass="Shaman" X="-520.2188" Y="-2642.453" Z="95.78768"/>
		<Vendor Name="Dargad" Entry="50027" Type="Train" TrainClass="Rogue" X="-431.3785" Y="-2680.99" Z="96.0315"/>
		<Vendor Name="Egnom" Entry="50029" Type="Train" TrainClass="Mage" X="-429.2691" Y="-2662.823" Z="96.57791"/>
		<Vendor Name="Sunwalker Lonaki" Entry="50035" Type="Train" TrainClass="Paladin" X="-535.9566" Y="-2640.979" Z="95.85036"/>
		<!-- Orgrimmar Druid Trainer -->
		<Vendor Name="Shalla Whiteleaf" Type="Train" TrainClass="Druid" Entry="44726"  X="1888.95" Y="-4285.25" Z="23.55553"/>
	</Vendors>
	
	<QuestOrder>
		<!--BEGIN DUSTWALLOW MARSH QUESTING-->
		<If Condition="!HasQuest(26682) &amp;&amp; !IsQuestCompleted(26682)">
			<RunTo X="-3106.462" Y="-2781.28" Z="34.49996" />
		</If>
		<PickUp QuestName="A Shambling Threat" QuestId="26682" GiverName="Krog" GiverId="4926" />
		<PickUp QuestName="Inspecting the Ruins" QuestId="27253" GiverName="Krog" GiverId="4926" />
		<PickUp QuestName="The Hermit of Witch Hill" QuestId="27182" GiverName="Draz'Zilb" GiverId="4501" X="-3191.32" Y="-2925.545" Z="33.35933" />
		<PickUp QuestName="Theramore Spies" QuestId="1201" GiverName="Nazeer Bloodpike" GiverId="4791" />
		<Objective QuestName="A Shambling Threat" QuestId="26682" Type="KillMob" MobId="4382" KillCount="7" />
		<Objective QuestName="Theramore Spies" QuestId="1201" Type="KillMob" MobId="4834" KillCount="9" />
		<TurnIn QuestName="The Hermit of Witch Hill" QuestId="27182" TurnInName="&quot;Swamp Eye&quot; Jarl" TurnInId="4792" />
		<PickUp QuestName="The Lost Report" QuestId="27244" GiverName="Loose Dirt" GiverType="Object" GiverId="20985" X="-2942.683" Y="-3885.416" Z="34.73035" />
		<PickUp QuestName="What's Haunting Witch Hill?" QuestId="27188" GiverName="Mordant Grimsby" GiverId="23843" />
		<Objective QuestName="What's Haunting Witch Hill?" QuestId="27188" Type="KillMob" MobId="23861" KillCount="10" />
		<TurnIn QuestName="What's Haunting Witch Hill?" QuestId="27188" TurnInName="Mordant Grimsby" TurnInId="23843" />
		<PickUp QuestName="The Witch's Bane" QuestId="27189" GiverName="Mordant Grimsby" GiverId="23843" />
		<Objective QuestName="The Witch's Bane" QuestId="27189" Type="CollectItem" ItemId="33112" CollectCount="9" />
		<TurnIn QuestName="The Witch's Bane" QuestId="27189" TurnInName="Mordant Grimsby" TurnInId="23843" />
		<TurnIn QuestName="A Shambling Threat" QuestId="26682" TurnInName="Krog" TurnInId="4926" />
		<TurnIn QuestName="Theramore Spies" QuestId="1201" TurnInName="Nazeer Bloodpike" TurnInId="4791" />
		<TurnIn QuestName="The Lost Report" QuestId="27244" TurnInName="Nazeer Bloodpike" TurnInId="4791" />
		<TurnIn QuestName="Inspecting the Ruins" QuestId="27253" TurnInName="Inspector Tarem" TurnInId="23567" />
		<PickUp QuestName="Suspicious Hoofprints" QuestId="27259" GiverName="Suspicious Footprint" GiverType="Object" GiverId="187273"  X="-3702.426" Y="-2534.043" Z="68.79895" />
		<PickUp QuestName="Lieutenant Paval Reethe" QuestId="27260" GiverName="Thermadore Guard Badge" GiverId="21042" X="-3720.306" Y="-2538.469" Z="69.56582" />
		<PickUp QuestName="The Black Shield" QuestId="27254" GiverName="Black Shield" GiverId="20992" X="-3733.356" Y="-2531.213" Z="69.63679" />
		<TurnIn QuestName="The Black Shield" QuestId="27254" TurnInName="Krog" TurnInId="4926" />
		<TurnIn QuestName="Lieutenant Paval Reethe" QuestId="27260" TurnInName="Krog" TurnInId="4926" />
		<TurnIn QuestName="Suspicious Hoofprints" QuestId="27259" TurnInName="Krog" TurnInId="4926" />
		<PickUp QuestName="Talk to Ogron" QuestId="27306" GiverName="Krog" GiverId="4926" />
		<TurnIn QuestName="Talk to Ogron" QuestId="27306" TurnInName="Ogron" TurnInId="4983" />
		<PickUp QuestName="Questioning Reethe" QuestId="27261" GiverName="Ogron" GiverId="4983" />
			<If Condition="HasQuest(27261)">
				<CustomBehavior File="Escort" MobId="4983" QuestId="27261" X="-3317.643" Y="-3125.356" Z="32.94566" />
			</If>

		<TurnIn QuestName="Questioning Reethe" QuestId="27261" TurnInName="Krog" TurnInId="4926" />
		<PickUp QuestName="SMASH BROODQUEEN" QuestId="27229" GiverName="Wanted Poster" GiverId="205332" X="-3138.029" Y="-2939.527" Z="34.35143" />
		<SetGrindArea>
			<GrindArea>
				<Name>Grind to Level 38</Name>
				<Factions>22</Factions>
				<TargetMinLevel>32</TargetMinLevel>
				<TargetMaxLevel>38</TargetMaxLevel>
				<Hotspots>
				<Hotspot X="-2836.818" Y="-2823.929" Z="35.03151" />
				<Hotspot X="-2769.267" Y="-2787.858" Z="34.40554" />
				<Hotspot X="-2771.818" Y="-2721.023" Z="42.48639" />
				<Hotspot X="-2830.619" Y="-2729.304" Z="34.59153" />
				<Hotspot X="-2793.864" Y="-2568.462" Z="30.16456" />
				<Hotspot X="-2760.785" Y="-2865.172" Z="34.12665" />
				</Hotspots>
			</GrindArea>
		</SetGrindArea>
		<GrindTo Level="38"/>
		<Objective QuestName="SMASH BROODQUEEN" QuestId="27229" Type="CollectItem" ItemId="60883" CollectCount="1" />
		<TurnIn QuestName="SMASH BROODQUEEN" QuestId="27229" TurnInName="Krog" TurnInId="4926" />
		<Checkpoint Level="38" />
		<PickUp QuestName="Identifying the Brood" QuestId="27414" GiverName="Draz'Zilb" GiverId="4501" />
		<PickUp QuestName="Overlord Mok'Morokk's Concern" QuestId="27424" GiverName="Overlord Mok'Morokk" GiverId="4500" />
		<Objective QuestName="Identifying the Brood" QuestId="27414" Type="CollectItem" ItemId="5840" CollectCount="7" />
		<Objective QuestName="Identifying the Brood" QuestId="27414" Type="CollectItem" ItemId="5841" CollectCount="7" />
		<Objective QuestName="Overlord Mok'Morokk's Concern" QuestId="27424" Type="CollectItem" ItemId="5834" CollectCount="1" />
		<Objective QuestName="Overlord Mok'Morokk's Concern" QuestId="27424" Type="CollectItem" ItemId="5835" CollectCount="1" />
		<Objective QuestName="Overlord Mok'Morokk's Concern" QuestId="27424" Type="CollectItem" ItemId="5836" CollectCount="1" />
		<TurnIn QuestName="Identifying the Brood" QuestId="27414" TurnInName="Draz'Zilb" TurnInId="4501" />
		<TurnIn QuestName="Overlord Mok'Morokk's Concern" QuestId="27424" TurnInName="Overlord Mok'Morokk" TurnInId="4500" />
		<PickUp QuestName="The Brood of Onyxia" QuestId="27416" GiverName="Draz'Zilb" GiverId="4501" />
		<TurnIn QuestName="The Brood of Onyxia" QuestId="27416" TurnInName="Overlord Mok'Morokk" TurnInId="4500" />
		<PickUp QuestName="The Brood of Onyxia" QuestId="27417" GiverName="Overlord Mok'Morokk" GiverId="4500" />
		<TurnIn QuestName="The Brood of Onyxia" QuestId="27417" TurnInName="Draz'Zilb" TurnInId="4501" />
		<PickUp QuestName="The Brood of Onyxia" QuestId="27415" GiverName="Draz'Zilb" GiverId="4501" />
		<PickUp QuestName="WANTED: Goreclaw the Ravenous" QuestId="27412" GiverName="Wanted Poster" GiverType="Object" GiverId="186426" X="-4591.218" Y="-3166.982" Z="34.17097" />
			<If Condition="(Me.Level &lt;= 49)" >
		<PickUp QuestName="To the Summit" QuestId="25478" GiverName="Nyse" GiverId="40344" />
			</If>
		<PickUp QuestName="Bloodfen Feathers" QuestId="27407" GiverName="Brogg" GiverId="23579" />
		<Objective QuestName="WANTED: Goreclaw the Ravenous" QuestId="27412" Type="KillMob" MobId="23873" KillCount="1" />
		<Objective QuestName="Bloodfen Feathers" QuestId="27407" Type="CollectItem" ItemId="33085" CollectCount="5" />
		<Objective QuestName="The Brood of Onyxia" QuestId="27415" Type="UseObject" ObjectId="20359" UseCount="5" />
		<TurnIn QuestName="WANTED: Goreclaw the Ravenous" QuestId="27412" TurnInName="Drazzit Dripvalve" TurnInId="23572" />
		<TurnIn QuestName="Bloodfen Feathers" QuestId="27407" TurnInName="Brogg" TurnInId="23579" />
		<PickUp QuestName="Banner of the Stonemaul" QuestId="27408" GiverName="Brogg" GiverId="23579" />
		<PickUp QuestName="Catch a Dragon by the Tail" QuestId="27413" GiverName="Gizzix Grimegurgle" GiverId="23570" />
		<TurnIn QuestName="The Brood of Onyxia" QuestId="27415" TurnInName="Draz'Zilb" TurnInId="4501" />
		<Objective QuestName="Banner of the Stonemaul" QuestId="27408" Type="CollectItem" ItemId="33086" CollectCount="1" />
		<Objective QuestName="Catch a Dragon by the Tail" QuestId="27413" Type="CollectItem" ItemId="33175" CollectCount="8" />
		<TurnIn QuestName="Banner of the Stonemaul" QuestId="27408" TurnInName="Brogg" TurnInId="23579" />
		<TurnIn QuestName="Catch a Dragon by the Tail" QuestId="27413" TurnInName="Gizzix Grimegurgle" TurnInId="23570" />
		<CustomBehavior File="InteractWith" QuestId="25478" MobId="40358" NumOfTimes="1" CollectionDistance="15" ObjectType="Npc" X="-4568.401" Y="-3223.187" Z="34.90599" />
		<If Condition="HasQuest(25478) &amp;&amp; !IsQuestCompleted(25478)">
			<CustomBehavior File="RunMacro" Macro="/script SelectGossipOption(2)" NumOfTimes="1" WaitTime="0"/>
			<CustomBehavior File="WaitTimer" WaitTime="120000" />
		</If>
		<If Condition="HasQuest(25478)">
			<If Condition="Me.X &gt; -4283.467 || Me.Z &lt; 79">	

				<RunTo QuestId="25478" X="-4283.467" Y="-932.329" Z="79.97681" />
				<CustomBehavior File="MyCTM" X="-4293.71" Y="-924.9241" Z="80.00032"/>
				<TurnIn QuestName="To the Summit" QuestId="25478" TurnInName="Kanati Greycloud" TurnInId="39895" />
				<CustomBehavior File="MyCTM" X="-4265.161" Y="-956.207" Z="75.34569"/>

			<Else>
				<TurnIn QuestName="To the Summit" QuestId="25478" TurnInName="Kanati Greycloud" TurnInId="39895" X="-4295.639" Y="-923.2587" Z="80.31674" />
				<CustomBehavior File="MyCTM" X="-4265.161" Y="-956.207" Z="75.34569"/>
			</Else>
			</If>
		</If>


		<!--END DUSTWALLOW MARSH QUESTING-->
		<!--BEGIN THOUSAND NEEDLES QUESTING-->

		<PickUp QuestName="The Grimtotem are Coming" QuestId="25487" GiverName="Kanati Greycloud" GiverId="39895" />
		<Objective QuestName="The Grimtotem are Coming" QuestId="25487" Type="KillMob" MobId="39947" KillCount="7" />
		<TurnIn QuestName="The Grimtotem are Coming" QuestId="25487" TurnInName="Motega Firemane" TurnInId="39963" />
		<PickUp QuestName="Two If By Boat" QuestId="25489" GiverName="Motega Firemane" GiverId="39963" />
		<If Condition="Me.X &lt; -4295 &amp;&amp; HasQuest(25487)">
			<CustomBehavior File="WaitTimer" WaitTime="105000" />
		</If>
		<TurnIn QuestName="Two If By Boat" QuestId="25489" TurnInName="Pozzik" TurnInId="40028" X="-6157.863" Y="-3774.054" Z="33.50814" />
		<PickUp QuestName="Do Me a Favor?" QuestId="25505" GiverName="Pozzik" GiverId="40028" />
		<TurnIn QuestName="Do Me a Favor?" QuestId="25505" TurnInName="Razzeric" TurnInId="40487" />
		<PickUp QuestName="Bar Fight!" QuestId="25518" GiverName="Zamec" GiverId="40556" />
		<CustomBehavior File="InteractWith" QuestId="25518" MobId="40832" NumOfTimes="1" CollectionDistance="15" ObjectType="Npc" X="-6160.766" Y="-3797.825" Z="6.181895" />
		<If Condition="HasQuest(25518)">
			<CustomBehavior File="RunMacro" Macro="/script SelectGossipOption(1)" NumOfTimes="1" WaitTime="5000"/>
			<CustomBehavior File="RunMacro" Macro="/run BuyMerchantItem(1, 1)" NumOfTimes="1" WaitTime="5000"/>
			<RunTo QuestId="25518" X="-6141.899" Y="-3804.61" Z="6.184705" />
			<CustomBehavior File="RunMacro" Macro="/target Gnome Bar Patron" NumOfTimes="1" WaitTime="2000"/>
			<UseItem ItemId="54747" QuestName="Bar Fight!" QuestId="25518" X="-6141.899" Y="-3804.61" Z="6.184705" />
		</If>
		<TurnIn QuestName="Bar Fight!" QuestId="25518" TurnInName="Zamec" TurnInId="40556" />	
		<SetGrindArea>
			<GrindArea>
				<Name>Grind to Level 38</Name>
				<Factions>22</Factions>
				<TargetMinLevel>34</TargetMinLevel>
				<TargetMaxLevel>41</TargetMaxLevel>
				<Hotspots>
				<Hotspot X="-2836.818" Y="-2823.929" Z="35.03151" />
				<Hotspot X="-2769.267" Y="-2787.858" Z="34.40554" />
				<Hotspot X="-2771.818" Y="-2721.023" Z="42.48639" />
				<Hotspot X="-2830.619" Y="-2729.304" Z="34.59153" />
				<Hotspot X="-2793.864" Y="-2568.462" Z="30.16456" />
				<Hotspot X="-2760.785" Y="-2865.172" Z="34.12665" />
				</Hotspots>
			</GrindArea>
		</SetGrindArea>
		<GrindTo Level="40"/>
		<CustomBehavior File="LoadProfile" ProfileName="..\1-68 Horde Questing" />
	</QuestOrder>
	
	<!--Dustwallow Marsh Overrides-->
	<Quest Id="27408" Name="Banner of the Stonemaul">
		<Objective Type="CollectItem" ItemId="33086" CollectCount="1">
			<Hotspots>
				<Hotspot X="-4458.433" Y="-2977.203" Z="30.76469" />
			</Hotspots>
		</Objective>
	</Quest>
	<Quest Id="27415" Name="The Brood of Onyxia">
		<Objective Type="UseObject" ObjectId="20359" UseCount="5">
			<Hotspots>
				<Hotspot X="-4560.242" Y="-3779.149" Z="36.24563" />
				<Hotspot X="-4597.819" Y="-3529.031" Z="37.10623" />
				<Hotspot X="-4685.05" Y="-3522.958" Z="39.13457" />
			</Hotspots>
		</Objective>
	</Quest>
	<Quest Id="27424" Name="Overlord Mok'Morokk's Concern">
		<Objective Type="CollectItem" ItemId="5836" CollectCount="1">
			<Hotspots>
				<Hotspot X="-4466.931" Y="-2898.705" Z="21.72318" />
			</Hotspots>
		</Objective>
	</Quest>
	<Quest Name="Marsh Frog Legs" Id="27183">
		<Objective Type="CollectItem" ItemId="33202" CollectCount="10">
			<CollectFrom>
			<Mob Name="Giant Marsh Frog" Id="23979"  />
			</CollectFrom>
			<Hotspots>
				<Hotspot X="-2992.459" Y="-3863.353" Z="32.21242" />
				<Hotspot X="-2963.445" Y="-3913.149" Z="33.6283" />
				<Hotspot X="-2925.193" Y="-3953.653" Z="39.95319" />
				<Hotspot X="-2903.627" Y="-3878.921" Z="40.23946" />
				<Hotspot X="-2982.005" Y="-3967.295" Z="37.95767" />
				<Hotspot X="-3033.709" Y="-3928.732" Z="34.75308" />
			</Hotspots>
		</Objective>
	</Quest>
	
	<!--Kalimdor Main Overrides-->
	<Quest Id="872" Name="The Far Watch Offensive">
		<Objective Type="CollectItem" ItemId="5063" CollectCount="1">
			<CollectFrom>
				<Mob Name="Kreenig Snarlsnout" Id="3438"/>
			</CollectFrom>
			<Hotspots>
				<Hotspot X="-268.8742" Y="-3490.385" Z="57.32143"/>
			</Hotspots>
		</Objective>
	</Quest>
	<Quest Name="A Captain's Vengeance" Id="891">
		<Objective Type="CollectItem" ItemId="5078" CollectCount="10">
			<CollectFrom>
				<Mob Name="Thermadore Commando" Id="5629"/>
				<Mob Name="Thermadore Deck Hand" Id="34707"/>
				<Mob Name="Thermadore Marine" Id="3385"/>
				<Mob Name="Thermadore Preserver" Id="3386"/>
				<Mob Name="Thermadore Sharpshooter" Id="34706"/>
				<Mob Name="Cannoneer Smythe" Id="3454"/>
				<Mob Name="Cannoneer Whessan" Id="3455"/>
				<Mob Name="Captain Fairmount" Id="3393"/>
			</CollectFrom>
			<Hotspots>
				<Hotspot X="-1361.057" Y="-3749.634" Z="61.10983"/>
				<Hotspot X="-1314.429" Y="-3805.902" Z="19.05502"/>
				<Hotspot X="-1328.891" Y="-3871.522" Z="13.54283"/>
				<Hotspot X="-1375.611" Y="-3887.456" Z="13.84915"/>
				<Hotspot X="-1422.127" Y="-3859.354" Z="17.1045"/>
				<Hotspot X="-1483.88" Y="-3867.17" Z="16.27431"/>
				<Hotspot X="-1521.829" Y="-3820.889" Z="21.54692"/>
				<Hotspot X="-1596.508" Y="-3835.284" Z="14.86548"/>
				<Hotspot X="-1607.741" Y="-3890.721" Z="14.42522"/>
				<Hotspot X="-1679.051" Y="-3869.036" Z="9.374258"/>
			</Hotspots>
		</Objective>
		<Objective Type="KillMob" MobId="34753" KillCount="1">
			<Hotspots>
				<Hotspot X="-1510.363" Y="-3901.512" Z="11.7735"/>
				<Hotspot X="-1466.731" Y="-3862.552" Z="16.90162"/>
				<Hotspot X="-1431.631" Y="-3866.316" Z="15.60617"/>
			</Hotspots>
		</Objective>
		<Objective Type="KillMob" MobId="34752" KillCount="1">
			<Hotspots>
				<Hotspot X="-1430.961" Y="-3848.66" Z="19.37271"/>
			</Hotspots>
		</Objective>
	</Quest>
	<Quest Id="845" Name="The Zhevra">
		<Objective Type="CollectItem" ItemId="5086" CollectCount="5">
			<Hotspots>
				<Hotspot X="-216.2053" Y="-2358.375" Z="91.67134"/>
				<Hotspot X="-168.9198" Y="-2286.34" Z="92.79396"/>
				<Hotspot X="-117.1465" Y="-2298.519" Z="91.67142"/>
				<Hotspot X="-76.15858" Y="-2300.117" Z="91.66684"/>
				<Hotspot X="-19.05883" Y="-2304.193" Z="93.03592"/>
				<Hotspot X="17.95988" Y="-2333.332" Z="91.66984"/>
				<Hotspot X="32.08635" Y="-2380.556" Z="92.53078"/>
				<Hotspot X="69.45885" Y="-2332.996" Z="99.00541"/>
				<Hotspot X="45.36837" Y="-2492.861" Z="92.94881"/>
				<Hotspot X="79.78677" Y="-2603.23" Z="92.54321"/>
				<Hotspot X="-141.2612" Y="-2638.265" Z="91.86013"/>
				<Hotspot X="-179.0856" Y="-2635.78" Z="93.2208"/>
				<Hotspot X="-223.9796" Y="-2560.271" Z="91.68735"/>
			</Hotspots>
		</Objective>
	</Quest>
	<Quest Id="903" Name="Hunting the Huntress">
		<Objective Type="CollectItem" ItemId="5096" CollectCount="5">
			<Hotspots>
				<Hotspot X="-216.2053" Y="-2358.375" Z="91.67134"/>
				<Hotspot X="-168.9198" Y="-2286.34" Z="92.79396"/>
				<Hotspot X="-117.1465" Y="-2298.519" Z="91.67142"/>
				<Hotspot X="-76.15858" Y="-2300.117" Z="91.66684"/>
				<Hotspot X="-19.05883" Y="-2304.193" Z="93.03592"/>
				<Hotspot X="17.95988" Y="-2333.332" Z="91.66984"/>
				<Hotspot X="32.08635" Y="-2380.556" Z="92.53078"/>
				<Hotspot X="69.45885" Y="-2332.996" Z="99.00541"/>
				<Hotspot X="45.36837" Y="-2492.861" Z="92.94881"/>
				<Hotspot X="79.78677" Y="-2603.23" Z="92.54321"/>
				<Hotspot X="-141.2612" Y="-2638.265" Z="91.86013"/>
				<Hotspot X="-179.0856" Y="-2635.78" Z="93.2208"/>
				<Hotspot X="-223.9796" Y="-2560.271" Z="91.68735"/>
			</Hotspots>
		</Objective>
	</Quest>
	<Quest Id="14067" Name="The Stolen Silver">
		<Objective Type="KillMob" MobId="44164" KillCount="8">
			<Hotspots>
				<Hotspot X="-349.4175" Y="-3442.317" Z="91.66958"/>
				<Hotspot X="-374.3667" Y="-3382.946" Z="91.66688"/>
				<Hotspot X="-449.3052" Y="-3359.967" Z="93.16045"/>
			</Hotspots>
		</Objective>
	</Quest>
	<Quest Id="865" Name="It's Gotta Be The Horn">
		<Objective Type="CollectItem" ItemId="46850" CollectCount="1">
			<CollectFrom>
				<Mob Name="King Reaperclaw" Id="34829"/>
			</CollectFrom>
			<Hotspots>
				<Hotspot X="-368.1221" Y="-3509.615" Z="92.43555"/>
				<Hotspot X="-391.4658" Y="-3541.734" Z="93.74399"/>
				<Hotspot X="-426.7803" Y="-3548.255" Z="93.59591"/>
				<Hotspot X="-471.8502" Y="-3553.174" Z="91.67681"/>
				<Hotspot X="-521.7884" Y="-3576.504" Z="92.27592"/>
				<Hotspot X="-586.4286" Y="-3545.87" Z="91.786"/>
			</Hotspots>
		</Objective>
	</Quest>
	<Quest Id="5041" Name="Supplies for the Crossroads">
		<Objective Type="CollectItem" ItemId="12708" CollectCount="5">
			<Hotspots>
				<Hotspot X="-283.7471" Y="-3553.791" Z="28.96637"/>
				<Hotspot X="-296.588" Y="-3468.828" Z="40.70368"/>
				<Hotspot X="-356.7888" Y="-3423.062" Z="40.27921"/>
				<Hotspot X="-252.356" Y="-3546.808" Z="57.71223"/>
				<Hotspot X="-293.9998" Y="-3493.858" Z="56.53328"/>
			</Hotspots>
		</Objective>
	</Quest>
	<Quest Id="871" Name="In Defense of Far Watch">
		<Objective Type="KillMob" MobId="3267" KillCount="8">
			<Hotspots>
				<Hotspot X="-67.19213" Y="-3639.297" Z="29.89417"/>
				<Hotspot X="-165.6999" Y="-3654.746" Z="27.38053"/>
				<Hotspot X="-216.3448" Y="-3694.208" Z="29.47747"/>
				<Hotspot X="-247.895" Y="-3675.695" Z="27.66414"/>
				<Hotspot X="-306.4881" Y="-3722.264" Z="29.59148"/>
			</Hotspots>
		</Objective>
		<Objective Type="KillMob" MobId="3265" KillCount="3">
			<Hotspots>
				<Hotspot X="-67.19213" Y="-3639.297" Z="29.89417"/>
				<Hotspot X="-165.6999" Y="-3654.746" Z="27.38053"/>
				<Hotspot X="-216.3448" Y="-3694.208" Z="29.47747"/>
				<Hotspot X="-247.895" Y="-3675.695" Z="27.66414"/>
				<Hotspot X="-306.4881" Y="-3722.264" Z="29.59148"/>
			</Hotspots>
		</Objective>
	</Quest>
	<Quest Id="844" Name="Plainstrider Menace">
		<Objective Type="CollectItem" ItemId="5087" CollectCount="7">
			<CollectFrom>
				<Mob Name="Greater Plainstrider" Id="3244"/>
			</CollectFrom>
			<Hotspots>
				<Hotspot X="360.0796" Y="-3595.002" Z="31.33324"/>
				<Hotspot X="451.3615" Y="-3664.411" Z="28.73563"/>
				<Hotspot X="541.1845" Y="-3710.007" Z="27.17048"/>
			</Hotspots>
		</Objective>
	</Quest>
</HBProfile>