<HBProfile>
	<Name>Horde 1-68 Questing</Name>
	<MinDurability>0.4</MinDurability>
	<MinFreeBagSlots>3</MinFreeBagSlots>
	<MinLevel>1</MinLevel>
	<MaxLevel>86</MaxLevel>
	<MailGrey>False</MailGrey>
	<MailWhite>False</MailWhite>
	<MailGreen>True</MailGreen>
	<SellGrey>True</SellGrey>
	<SellWhite>True</SellWhite>
	<SellGreen>True</SellGreen>
	<SellBlue>False</SellBlue>
	<SellPurple>False</SellPurple>
	
	<Blackspots>
		<Blackspot X="2042.623" Y="-4518.575" Z="73.86784" Radius="88.12397" />
	</Blackspots>
	
	<Mailboxes>
		<!-- Light's Hope Chapel -->
		<Mailbox X="2290.59" Y="-5321.227" Z="90.1806" />
	</Mailboxes>
	
	<Vendors>
		<!--Eastern Plaguelands Vendors-->
		<Vendor Name="Kathryn Humphries" Entry="47149" Type="Repair" X="2252.36" Y="-4456.02" Z="114.2962" />
		<Vendor Name="Gerald Fairbanks" Entry="47139" Type="Food" X="1845.11" Y="-3723.73" Z="160.5915" />
		<Vendor Name="Argus Highbeacon" Entry="45451" Type="Repair" X="1845.31" Y="-3720.91" Z="195.6802" />
		<Vendor Name="Gutcheck" Entry="47288" Type="Food" X="2341.62" Y="-5259.75" Z="81.71147" />
		<Vendor Name="Vincent Randolph" Entry="47286" Type="Repair" X="2258.43" Y="-5292.59" Z="82.30589" />
		<Vendor Name="Dorris Manchester" Entry="47166" Type="Repair" X="3181.97" Y="-4339.04" Z="133.4511" />
		<Vendor Name="Casey Tipple" Entry="47165" Type="Food" X="3140.48" Y="-4363.6" Z="133.416" />
		<Vendor Name="Christine Gade" Entry="47106" Type="Repair" X="2968.8" Y="-3002.64" Z="127.262" />
		<Vendor Name="Marc Daiton" Entry="47105" Type="Food" X="2922.12" Y="-3011.74" Z="132.6392" />	
	</Vendors>
	
	<QuestOrder>
		<SetGrindArea>
			<GrindArea>
				<Name>Grind to Level 41</Name>
				<Factions>38 7 21 2030</Factions>
				<TargetMinLevel>38</TargetMinLevel>
				<TargetMaxLevel>42</TargetMaxLevel>
				<Hotspots>
					<Hotspot X="2019.642" Y="-2938.318" Z="77.63735" />
					<Hotspot X="2034.579" Y="-3155.763" Z="79.41801" />
					<Hotspot X="1935.579" Y="-3379.755" Z="108.3656" />
					<Hotspot X="1867.711" Y="-3262.061" Z="126.8173" />
				</Hotspots>
			</GrindArea>
		</SetGrindArea>
		<GrindTo Level="41"/>

		<!--BEGIN EASTERN PLAGUELANDS QUESTING-->

		<PickUp QuestName="Tarenar Sunstrike" QuestId="27370" GiverName="Fiona" GiverId="45417" />
		<TurnIn QuestName="Tarenar Sunstrike" QuestId="27370" TurnInName="Tarenar Sunstrike" TurnInId="45429" />
		
		<PickUp QuestName="Zaeldarr the Outcast" QuestId="27432" GiverName="Urk Gagbaz" GiverId="45500" />
		<PickUp QuestName="Little Pamela" QuestId="27383" GiverName="Carlin Redpath" GiverId="11063" />
		<TurnIn QuestName="Little Pamela" QuestId="27383" TurnInName="Pamela Redpath" TurnInId="10926" />

		<PickUp QuestName="Pamela's Doll" QuestId="27384" GiverName="Pamela Redpath" GiverId="10926" />
		<PickUp QuestName="I'm Not Supposed to Tell You This" QuestId="27392" GiverName="Pamela Redpath" GiverId="10926" />
		<Objective QuestName="I'm Not Supposed to Tell You This" QuestId="27392" Type="CollectItem" ItemId="60987" CollectCount="1" />
		<Objective QuestName="Pamela's Doll" QuestId="27384" Type="CollectItem" ItemId="12886" CollectCount="1" />
		<Objective QuestName="Pamela's Doll" QuestId="27384" Type="CollectItem" ItemId="12887" CollectCount="1" />
		<Objective QuestName="Pamela's Doll" QuestId="27384" Type="CollectItem" ItemId="12888" CollectCount="1" />
		<UseItem ItemId="12886" QuestName="Pamela's Doll" QuestId="27384" X="1450.915" Y="-3604.706" Z="84.89464" />
		<If Condition="HasQuest(12886)">
			<CustomBehavior File="WaitTimer" WaitTime="5000" />
		</If>
		<TurnIn QuestName="Pamela's Doll" QuestId="27384" TurnInName="Pamela Redpath" TurnInId="10926" />
		<TurnIn QuestName="I'm Not Supposed to Tell You This" QuestId="27392" TurnInName="Pamela Redpath" TurnInId="10926" />
		<PickUp QuestName="Uncle Carlin" QuestId="27385" GiverName="Pamela Redpath" GiverId="10926" />
		<TurnIn QuestName="Uncle Carlin" QuestId="27385" TurnInName="Carlin Redpath" TurnInId="11063" />
		<Objective QuestName="Zaeldarr the Outcast" QuestId="27432" Type="CollectItem" ItemId="15785" CollectCount="1" />
		<TurnIn QuestName="Zaeldarr the Outcast" QuestId="27432" TurnInName="Urk Gagbaz" TurnInId="45500" />
		<PickUp QuestName="A Strange Historian" QuestId="27386" GiverName="Carlin Redpath" GiverId="11063" />
		<TurnIn QuestName="A Strange Historian" QuestId="27386" TurnInName="Chromie" TurnInId="10667" />
		<PickUp QuestName="Villains of Darrowshire" QuestId="27387" GiverName="Chromie" GiverId="10667" />
		<PickUp QuestName="Marauders of Darrowshire" QuestId="27389" GiverName="Chromie" GiverId="10667" />
		<PickUp QuestName="Cenarion Tenacity" QuestId="27544" GiverName="Urk Gagbaz" GiverId="45500" />
		<Objective QuestName="Villains of Darrowshire" QuestId="27387" Type="CollectItem" ItemId="12956" CollectCount="1" />
		<Objective QuestName="Villains of Darrowshire" QuestId="27387" Type="CollectItem" ItemId="12957" CollectCount="1" />
		<TurnIn QuestName="Cenarion Tenacity" QuestId="27544" TurnInName="Rayne" TurnInId="16135" />
		<While Condition="HasQuest(27389) &amp;&amp; !IsQuestCompleted(27389)">
				<Objective QuestName="Marauders of Darrowshire" QuestId="27389" Type="CollectItem" ItemId="13157" CollectCount="5" />
				<CustomBehavior File="UseItem" ItemId="13156" NumOfTimes="5" WaitTime="1500" />
		</While>
		<TurnIn QuestName="Marauders of Darrowshire" QuestId="27389" TurnInName="Chromie" TurnInId="10667" />
		<TurnIn QuestName="Villains of Darrowshire" QuestId="27387" TurnInName="Chromie" TurnInId="10667" />

		
		<SetGrindArea>
			<GrindArea>
				<Name>Grind to Level 42</Name>
				<Factions>38 7 21 2030</Factions>
				<TargetMinLevel>38</TargetMinLevel>
				<TargetMaxLevel>42</TargetMaxLevel>
				<Hotspots>
					<Hotspot X="2247.538" Y="-4282.736" Z="74.14889" />
					<Hotspot X="2480.679" Y="-4258.305" Z="75.06589" />
					<Hotspot X="2037.19" Y="-4067.044" Z="89.83823" />
					<Hotspot X="1844.36" Y="-4106.434" Z="102.9846" />
					<Hotspot X="1749.924" Y="-4169.755" Z="91.75717" />
					<Hotspot X="1732.332" Y="-4307.716" Z="89.79147" />
					<Hotspot X="1814.213" Y="-4432.021" Z="76.90967" />
				</Hotspots>
			</GrindArea>
		</SetGrindArea>
		<GrindTo Level="42"/>

		<PickUp QuestName="Dark Garb" QuestId="27452" GiverName="Betina Bigglezink" GiverId="11035" />
		<Objective QuestName="Dark Garb" QuestId="27452" Type="CollectItem" ItemId="61280" CollectCount="1" />
		<Objective QuestName="Dark Garb" QuestId="27452" Type="CollectItem" ItemId="61281" CollectCount="1" />
		<TurnIn QuestName="Dark Garb" QuestId="27452" TurnInName="Betina Bigglezink" TurnInId="11035" />
		<PickUp QuestName="Honor and Strength" QuestId="27449" GiverName="Vex'tul" GiverId="45574" />
		<Objective QuestName="Honor and Strength" QuestId="27449" Type="KillMob" MobId="45579" KillCount="3" />
		<TurnIn QuestName="Honor and Strength" QuestId="27449" TurnInName="Vex'tul" TurnInId="45574" />
	
		<PickUp QuestName="The Corpulent One" QuestId="27477" GiverName="Gamella Cracklefizz" GiverId="45735" X="2545.14" Y="-4769.8" Z="105.5965" />
		<PickUp QuestName="Righteous Indignation" QuestId="27479" GiverName="Deacon Andaal" GiverId="45736" />
		<Objective QuestName="The Corpulent One" QuestId="27477" Type="KillMob" MobId="11896" KillCount="1" />
		<Objective QuestName="Righteous Indignation" QuestId="27479" Type="CollectItem" ItemId="61313" CollectCount="30" />
		<TurnIn QuestName="Righteous Indignation" QuestId="27479" TurnInName="Deacon Andaal" TurnInId="45736" />
		<TurnIn QuestName="The Corpulent One" QuestId="27477" TurnInName="Gamella Cracklefizz" TurnInId="45735" />

		<PickUp QuestName="Smokey and the Bandage" QuestId="27458" GiverName="Smokey LaRue" GiverId="11033" />
		<PickUp QuestName="Gathering Some Grub(s)" QuestId="27456" GiverName="Rimblat Earthshatter" GiverId="16134" />
		<PickUp QuestName="Visitors" QuestId="27684" GiverName="Lord Maxwell Tyrosus" GiverId="11034" />
		<PickUp QuestName="The Brotherhood of Light" QuestId="27459" GiverName="Leonid Barthalomew the Revered" GiverId="11036" />
		<Objective QuestName="Smokey and the Bandage" QuestId="27458" Type="CollectItem" ItemId="62028" CollectCount="1" />
		<Objective QuestName="Gathering Some Grub(s)" QuestId="27456" Type="CollectItem" ItemId="13853" CollectCount="15" />
		<TurnIn QuestName="Smokey and the Bandage" QuestId="27458" TurnInName="Smokey LaRue" TurnInId="11033" />
		<TurnIn QuestName="Gathering Some Grub(s)" QuestId="27456" TurnInName="Rimblat Earthshatter" TurnInId="16134" />
		<TurnIn QuestName="Visitors" QuestId="27684" TurnInName="Fiona" TurnInId="45417" />
		<TurnIn QuestName="The Brotherhood of Light" QuestId="27459" TurnInName="Archmage Angela Dosantos" TurnInId="16116" />

		<PickUp QuestName="Soft Landing" QuestId="27460" GiverName="Archmage Angela Dosantos" GiverId="16116" />
		<Objective QuestName="Soft Landing" QuestId="27460" Type="KillMob" MobId="9447" KillCount="10" />
		<TurnIn QuestName="Soft Landing" QuestId="27460" TurnInName="Crusader's Flare" TurnInId="205875" />
		<PickUp QuestName="To Take the Abbey" QuestId="27461" GiverName="Crusader's Flare" GiverType="Object" GiverId="205875" X="1572.376" Y="-5409.918" Z="74.84754" />
		<PickUp QuestName="To Take the Barracks" QuestId="27462" GiverName="Crusader's Flare" GiverType="Object" GiverId="205875" X="1572.376" Y="-5409.918" Z="74.84754" />
		<TurnIn QuestName="To Take the Abbey" QuestId="27461" TurnInName="Crusade Commander Eligor Dawnbringer" TurnInId="16115" />
		<TurnIn QuestName="To Take the Barracks" QuestId="27462" TurnInName="Crusade Commander Korfax" TurnInId="16112" />
		<PickUp QuestName="Scarlet Salvage" QuestId="27614" GiverName="Crusade Commander Korfax" GiverId="16112" />
		<PickUp QuestName="The Wrathcaster" QuestId="27615" GiverName="Crusade Commander Korfax" GiverId="16112" />
		<PickUp QuestName="The Commander" QuestId="27619" GiverName="Crusade Commander Korfax" GiverId="16112" />
		<Objective QuestName="The Commander" QuestId="27619" Type="KillMob" MobId="46092" KillCount="1" />
		<Objective QuestName="The Wrathcaster" QuestId="27615" Type="KillMob" MobId="46093" KillCount="1" />
		<Objective QuestName="Scarlet Salvage" QuestId="27614" Type="CollectItem" ItemId="61959" CollectCount="1" />
		<Objective QuestName="Scarlet Salvage" QuestId="27614" Type="CollectItem" ItemId="61960" CollectCount="1" />
		<Objective QuestName="Scarlet Salvage" QuestId="27614" Type="CollectItem" ItemId="61961" CollectCount="1" />
		<Objective QuestName="Scarlet Salvage" QuestId="27614" Type="CollectItem" ItemId="61962" CollectCount="1" />
		<TurnIn QuestName="The Wrathcaster" QuestId="27615" TurnInName="Crusade Commander Korfax" TurnInId="16112" />
		<TurnIn QuestName="Scarlet Salvage" QuestId="27614" TurnInName="Crusade Commander Korfax" TurnInId="16112" />
		<TurnIn QuestName="The Commander" QuestId="27619" TurnInName="Crusade Commander Korfax" TurnInId="16112" />
		<PickUp QuestName="Argent Upheaval" QuestId="27618" GiverName="Crusade Commander Korfax" GiverId="16112" />
		<TurnIn QuestName="Argent Upheaval" QuestId="27618" TurnInName="Archmage Angela Dosantos" TurnInId="16116" />

		<PickUp QuestName="Wretched Hive of Scum and Villainy" QuestId="27521" GiverName="Kirkian Dawnshield" GiverId="45826" />
		<Objective QuestName="Wretched Hive of Scum and Villainy" QuestId="27521" Type="KillMob" MobId="8563" KillCount="9" />
		<TurnIn QuestName="Wretched Hive of Scum and Villainy" QuestId="27521" TurnInName="Kirkian Dawnshield" TurnInId="45826" />
		<PickUp QuestName="Duskwing, Oh How I Hate Thee..." QuestId="27523" GiverName="Corpseburner Tim" GiverId="45816" />
		<While Condition="HasQuest(27523) &amp;&amp; !IsQuestCompleted(27523)">
			<CustomBehavior File="UseItem" ItemId="61334" QuestId="27523" X="2819.863" Y="-4118.636" Z="97.17213" /> 
		</While>
		<TurnIn QuestName="Duskwing, Oh How I Hate Thee..." QuestId="27523" TurnInName="Corpseburner Tim" TurnInId="45816" />
		<PickUp QuestName="Add 'em to the Pile" QuestId="27539" GiverName="Crusader Kevin Frost" GiverId="45831" />
		<PickUp QuestName="Counter-Plague Research" QuestId="27531" GiverName="Argent Apothecary Judkins" GiverId="45828" />
		<PickUp QuestName="Just a Little Touched" QuestId="27535" GiverName="Argent Apothecary Judkins" GiverId="45828" />
		<TurnIn QuestName="Just a Little Touched" QuestId="27535" TurnInName="Augustus the Touched" TurnInId="12384" />
		<PickUp QuestName="A Fate Worse Than Butchery" QuestId="27533" GiverName="Augustus the Touched" GiverId="12384" />
		<PickUp QuestName="Augustus' Receipt Book" QuestId="27534" GiverName="Augustus the Touched" GiverId="12384" />
		<Objective QuestName="A Fate Worse Than Butchery" QuestId="27533" Type="KillMob" MobId="16117" KillCount="9" />
		<Objective QuestName="Augustus' Receipt Book" QuestId="27534" Type="CollectItem" ItemId="15884" CollectCount="1" />
		<TurnIn QuestName="A Fate Worse Than Butchery" QuestId="27533" TurnInName="Augustus the Touched" TurnInId="12384" />
		<TurnIn QuestName="Augustus' Receipt Book" QuestId="27534" TurnInName="Augustus the Touched" TurnInId="12384" />
		<Objective QuestName="Counter-Plague Research" QuestId="27531" Type="CollectItem" ItemId="61366" CollectCount="1" />
		<Objective QuestName="Add 'em to the Pile" QuestId="27539" Type="CollectItem" ItemId="61372" CollectCount="16" />
		<Objective QuestName="Counter-Plague Research" QuestId="27531" Type="CollectItem" ItemId="61364" CollectCount="20" />
		<Objective QuestName="Counter-Plague Research" QuestId="27531" Type="CollectItem" ItemId="61365" CollectCount="5" />
		<TurnIn QuestName="Counter-Plague Research" QuestId="27531" TurnInName="Argent Apothecary Judkins" TurnInId="45828" />
		<TurnIn QuestName="Add 'em to the Pile" QuestId="27539" TurnInName="Crusader Kevin Frost" TurnInId="45831" />

		<SetGrindArea>
			<GrindArea>
				<Name>Grind to Level 45</Name>
				<Factions>14 7 21</Factions>
				<TargetMinLevel>42</TargetMinLevel>
				<TargetMaxLevel>44</TargetMaxLevel>
				<Hotspots>
					<Hotspot X="2829.055" Y="-4266.633" Z="88.10143" />
					<Hotspot X="2774.255" Y="-4203.28" Z="90.08299" />
					<Hotspot X="2634.065" Y="-4140.801" Z="81.52019" />
					<Hotspot X="2790.443" Y="-3960.44" Z="101.1029" />
					<Hotspot X="2810.695" Y="-3890.544" Z="103.3227" />
					<Hotspot X="2822.458" Y="-3841.332" Z="105.6843" />
					<Hotspot X="2913.588" Y="-3837.48" Z="118.5872" />
					<Hotspot X="2902.66" Y="-3757.16" Z="113.0387" />
					<Hotspot X="2869.709" Y="-3720.266" Z="113.5613" />
					<Hotspot X="2861.671" Y="-3611.833" Z="108.5088" />
					<Hotspot X="2884.052" Y="-3437.385" Z="105.4381" />
					<Hotspot X="2781.253" Y="-3241.31" Z="104.3601" />
					<Hotspot X="2890.846" Y="-3157.357" Z="111.6572" />
					<Hotspot X="2956.887" Y="-3115.655" Z="111.4714" />
					<Hotspot X="2970.601" Y="-2928.514" Z="104.7869" />
					<Hotspot X="2934.483" Y="-2889.287" Z="99.58121" />
				</Hotspots>
			</GrindArea>
		</SetGrindArea>
		<GrindTo Level="45"/>	
		<CustomBehavior File="LoadProfile" ProfileName="..\1-68 Horde Questing" />	
		<!--END EASTERN PLAGUELANDS QUESTING-->	
	</QuestOrder>
	<!--Eastern Plaguelands Overrides-->
		
	<Quest Id="27539" Name="Add 'em to the Pile">
		<Objective Type="CollectItem" ItemId="61372" CollectCount="16">
			<CollectFrom>
				<Mob Name="Cursed Mage" Id="8524"/>
				<Mob Name="Scourge Soldier" Id="8523"/>
			</CollectFrom>
			<Hotspots>
				<Hotspot X="3135.36" Y="-3395.74" Z="139.9123" />
				<Hotspot X="3097.124" Y="-3324.071" Z="148.2031" />
				<Hotspot X="3076.798" Y="-3273.002" Z="142.2007" />
				<Hotspot X="3007.768" Y="-3299.119" Z="131.7055" />
				<Hotspot X="2950.505" Y="-3317.544" Z="113.8592" />
				<Hotspot X="2909.317" Y="-3445.585" Z="114.0575" />
				<Hotspot X="2914.905" Y="-3519.249" Z="112.8248" />
				<Hotspot X="2876.081" Y="-3550.779" Z="113.0673" />
				<Hotspot X="2928.561" Y="-3647.652" Z="119.2493" />
				<Hotspot X="2999.264" Y="-3633.324" Z="143.2932" />
				<Hotspot X="3133.184" Y="-3405.592" Z="139.3488" />
				<Hotspot X="3057.135" Y="-3522.418" Z="131.0502" />
				<Hotspot X="3088.92" Y="-3559.309" Z="133.1245" />			
			</Hotspots>
		</Objective>
	</Quest>
	<Quest Id="27389" Name="Marauders of Darrowshire">
		<Objective Type="CollectItem" ItemId="13157" CollectCount="5">
			<Hotspots>
				<Hotspot X="2235.721" Y="-3513.007" Z="134.5074" />
				<Hotspot X="2508.512" Y="-3746.591" Z="177.7195" />	
			</Hotspots>
		</Objective>
	</Quest>
</HBProfile>