<HBProfile>
	<Name>Horde 1-68 Questing</Name>
	<MinDurability>0.4</MinDurability>
	<MinFreeBagSlots>3</MinFreeBagSlots>
	<MinLevel>1</MinLevel>
	<MaxLevel>86</MaxLevel>
	<MailGrey>False</MailGrey>
	<MailWhite>False</MailWhite>
	<MailGreen>True</MailGreen>
	<SellGrey>True</SellGrey>
	<SellWhite>True</SellWhite>
	<SellGreen>True</SellGreen>
	<SellBlue>False</SellBlue>
	<SellPurple>False</SellPurple>
	
	<Mailboxes>
		<!--Orgrimmar Mailbox-->
		<Mailbox X="1605.969" Y="-4381.341" Z="20.83884" />
		<!--Felwood Mailbox-->
		<Mailbox X="6077.268" Y="-888.0535" Z="411.8984" />
	</Mailboxes>
	
	<Vendors>
		<!--Felwood Vendors-->
		<Vendor Name="Ciana" Entry="48577" Type="Repair" X="6086.02" Y="-817.925" Z="414.802" />
		<Vendor Name="Innkeeper Wylaria" Entry="48215" Type="Food" X="6057.81" Y="-916.859" Z="414.771" />
		<Vendor Name="Muzz Flimspan" Entry="48236" Type="Food" X="6898.012" Y="-1579.819" Z="503.161" />
		<Vendor Name="Kester Killbomb" Entry="48228" Type="Repair" X="6860.03" Y="-1573.91" Z="497.027" />
		<!--Northern Barrens Trainers-->
		<Vendor Name="Ging" Entry="50033" Type="Train" TrainClass="Warrior" X="-397.0208" Y="-2640.786" Z="96.22301"/>
		<Vendor Name="Chintoka" Entry="50028" Type="Train" TrainClass="Warlock" X="-430.3038" Y="-2659.688" Z="96.5854"/>
		<Vendor Name="Zumolo" Entry="50031" Type="Train" TrainClass="Priest" X="-522.4011" Y="-2641.29" Z="95.78771"/>
		<Vendor Name="Tarmod" Entry="50032" Type="Train" TrainClass="Hunter" X="-434.6354" Y="-2680.118" Z="96.18756"/>
		<Vendor Name="Brulla" Entry="50022" Type="Train" TrainClass="Shaman" X="-520.2188" Y="-2642.453" Z="95.78768"/>
		<Vendor Name="Dargad" Entry="50027" Type="Train" TrainClass="Rogue" X="-431.3785" Y="-2680.99" Z="96.0315"/>
		<Vendor Name="Egnom" Entry="50029" Type="Train" TrainClass="Mage" X="-429.2691" Y="-2662.823" Z="96.57791"/>
		<Vendor Name="Sunwalker Lonaki" Entry="50035" Type="Train" TrainClass="Paladin" X="-535.9566" Y="-2640.979" Z="95.85036"/>
		<!-- Orgrimmar Druid Trainer -->
		<Vendor Name="Shalla Whiteleaf" Type="Train" TrainClass="Druid" Entry="44726"  X="1888.95" Y="-4285.25" Z="23.55553"/>
	</Vendors>
	
	<QuestOrder>
		<!--BEGIN FELWOOD QUESTING-->	
		<PickUp QuestName="A Talking Totem" QuestId="28100" GiverName="Grazle" GiverId="11554" />
		<PickUp QuestName="The Corruption of the Jadefire" QuestId="27997" GiverName="Tenell Leafrunner" GiverId="10923" />
		<PickUp QuestName="Culling the Corrupted" QuestId="28148" GiverName="Taronn Redfeather" GiverId="10921" />
		<TurnIn QuestName="A Talking Totem" QuestId="28100" TurnInName="Totem of Ruumbo" TurnInId="206585" TurnInType="Object" X="3856.038" Y="-1321.774" Z="212.0952"  />
		<PickUp QuestName="Ruumbo Demands Justice" QuestId="27994" GiverName="Totem of Ruumbo" GiverId="206585" GiverType="Object" X="3856.038" Y="-1321.774" Z="212.0952"  />
		<Objective QuestName="The Corruption of the Jadefire" QuestId="27997" Type="KillMob" MobId="7105" KillCount="12" />
		<Objective QuestName="Ruumbo Demands Justice" QuestId="27994" Type="KillMob" MobId="47329" KillCount="15" />
		<Objective QuestName="Culling the Corrupted" QuestId="28148" Type="CollectItem" ItemId="63088" CollectCount="10" />
		<TurnIn QuestName="Ruumbo Demands Justice" QuestId="27994" TurnInName="Totem of Ruumbo" TurnInId="206585" TurnInType="Object" X="3856.038" Y="-1321.774" Z="212.0952"  />
		<TurnIn QuestName="The Corruption of the Jadefire" QuestId="27997" TurnInName="Tenell Leafrunner" TurnInId="10923" />
		<TurnIn QuestName="Culling the Corrupted" QuestId="28148" TurnInName="Taronn Redfeather" TurnInId="10921" />
		
		<!-- Huge Jaedenar Chain -->
		<PickUp QuestName="Forces of Jaedenar" QuestId="28121" GiverName="Jessir Moonbow" GiverId="11019" />
		<PickUp QuestName="Crying Violet" QuestId="28116" GiverName="Greta Mosshoof" GiverId="10922" />
		<Objective QuestName="Crying Violet" QuestId="28116" Type="CollectItem" ItemId="63032" CollectCount="8" />
		<Objective QuestName="Forces of Jaedenar" QuestId="28121" Type="KillMob" MobId="7125" KillCount="12" />
		<TurnIn QuestName="Forces of Jaedenar" QuestId="28121" TurnInName="Andalar Shadevale" TurnInId="51664" />
		<TurnIn QuestName="Crying Violet" QuestId="28116" TurnInName="Andalar Shadevale" TurnInId="51664" />
		<PickUp QuestName="Purity From Corruption" QuestId="28119" GiverName="Andalar Shadeval" GiverId="51664" />
		<UseItem ItemId="12922" QuestName="Purity From Corruption" QuestId="28119" X="4849.606" Y="-378.5923" Z="351.6805" />
		<TurnIn QuestName="Purity From Corruption" QuestId="28119" TurnInName="Andalar Shadevale" TurnInId="51664" />
		<PickUp QuestName="The Inner Circle" QuestId="28128" GiverName="Andalar Shadevale" GiverId="51664" />
		<PickUp QuestName="Dousing the Flames of Protection" QuestId="28126" GiverName="Andalar Shadevale" GiverId="51664" />
		<PickUp QuestName="The Demon Prince" QuestId="28129" GiverName="Andalar Shadevale" GiverId="51664" />
		<Objective QuestName="The Demon Prince" QuestId="28129" Type="KillMob" MobId="9877" KillCount="1" />
		<CustomBehavior File="CompleteLogQuest" QuestID="28129" />
		<PickUp QuestName="Twin Temptresses" QuestId="28131" GiverName="Andalar Shadevale" GiverId="51664" />
		<If Condition="HasQuest(28126) &amp;&amp; !IsQuestCompleted(28126)">
			<CustomBehavior File="InteractWith" QuestId="28126" MobId="176158" NumOfTimes="1" CollectionDistance="10" ObjectType="Gameobject" X="4978.348" Y="-443.5627" Z="315.6168" />
			<CustomBehavior File="InteractWith" QuestId="28126" MobId="176161" NumOfTimes="1" CollectionDistance="10" ObjectType="Gameobject" X="5019.183" Y="-456.5436" Z="321.3841" />
			<CustomBehavior File="InteractWith" QuestId="28126" MobId="176160" NumOfTimes="1" CollectionDistance="10" ObjectType="Gameobject" X="5092.27" Y="-470.2695" Z="297.6389" />
			<CustomBehavior File="InteractWith" QuestId="28126" MobId="176159" NumOfTimes="1" CollectionDistance="10" ObjectType="Gameobject" X="5114.802" Y="-520.5482" Z="296.0911" />
		</If>
		<Objective QuestName="Twin Temptresses" QuestId="28131" Type="KillMob" MobId="9861" KillCount="1" />
		<Objective QuestName="Twin Temptresses" QuestId="28131" Type="KillMob" MobId="9860" KillCount="1" />
		<Objective QuestName="The Inner Circle" QuestId="28128" Type="KillMob" MobId="7120" KillCount="12" />
		<CustomBehavior File="CompleteLogQuest" QuestID="28131" />
		<PickUp QuestName="Shadow Lord Fel'dan" QuestId="28153" GiverName="Andalar Shadevale" GiverId="51664" />
			<Objective QuestName="Shadow Lord Fel'dan" QuestId="28153" Type="KillMob" MobId="9517" KillCount="1" />
		<CustomBehavior File="CompleteLogQuest" QuestId="28153" />
		<PickUp QuestName="Lord Banehollow" QuestId="28155" GiverName="Andalar Shadevale" GiverId="51664" />
		<Objective QuestName="Lord Banehollow" QuestId="28155" Type="KillMob" MobId="9516" KillCount="1" />
		<!-- If anyone can get the object ID of that "Portal to Wildheart Point" we'll click that here -->
		<TurnIn QuestName="Lord Banehollow" QuestId="28155" TurnInName="Farlus Wildheart" TurnInId="47617" />
		<TurnIn QuestName="The Inner Circle" QuestId="28128" TurnInName="Jessir Moonbow" TurnInId="11019" />
		<TurnIn QuestName="Dousing the Flames of Protection" QuestId="28126" TurnInName="Greta Mosshoof" TurnInId="10922" />
			
		<PickUp QuestName="The Fate of Bloodvenom Post" QuestId="28305" GiverName="Farlus Wildheart" GiverId="47617" />
		<TurnIn QuestName="The Fate of Bloodvenom Post" QuestId="28305" TurnInName="Kelnir Leafsong" TurnInId="47696" />
		<PickUp QuestName="A Slimy Situation" QuestId="28207" GiverName="Kelnir Leafsong" GiverId="47696" />
		<PickUp QuestName="The Tainted Ooze" QuestId="28190" GiverName="Altsoba Ragetotem" GiverId="47692" />
		<Objective QuestName="A Slimy Situation" QuestId="28207" Type="CollectItem" ItemId="63078" CollectCount="7" />
		<Objective QuestName="The Tainted Ooze" QuestId="28190" Type="KillMob" MobId="7092" KillCount="8" />
		<TurnIn QuestName="A Slimy Situation" QuestId="28207" TurnInName="Kelnir Leafsong" TurnInId="47696" />
		<TurnIn QuestName="The Tainted Ooze" QuestId="28190" TurnInName="Altsoba Ragetotem" TurnInId="47692" />
		<PickUp QuestName="Winna's Kitten" QuestId="28208" GiverName="Kelnir Leafsong" GiverId="47696" />
		<Objective QuestName="Winna's Kitten" QuestId="28208" Type="CollectItem" ItemId="63279" CollectCount="1" />
		<TurnIn QuestName="Winna's Kitten" QuestId="28208" TurnInName="Kelnir Leafsong" TurnInId="47696" />
		<PickUp QuestName="Hazzard Disposal" QuestId="28213" GiverName="Kelnir Leafsong" GiverId="47696" />
		<PickUp QuestName="Cleanup at Bloodvenom Post" QuestId="28214" GiverName="Altsoba Ragetotem" GiverId="47692" />
		<UseItem ItemId="63284" QuestName="Hazzard Disposal" QuestId="28213" X="5114.523" Y="-352.7615" Z="357.1451" />
		<Objective QuestName="Hazzard Disposal" QuestId="28213" Type="KillMob" MobId="47679" KillCount="1" />
		<Objective QuestName="Cleanup at Bloodvenom Post" QuestId="28214" Type="KillMob" MobId="47675" KillCount="6" />
		<TurnIn QuestName="Hazzard Disposal" QuestId="28213" TurnInName="Kelnir Leafsong" TurnInId="47696" />
		<TurnIn QuestName="Cleanup at Bloodvenom Post" QuestId="28214" TurnInName="Altsoba Ragetotem" TurnInId="47692" />
		<PickUp QuestName="Whisperwind Grove" QuestId="28306" GiverName="Kelnir Leafsong" GiverId="47696" />
		<TurnIn QuestName="Whisperwind Grove" QuestId="28306" TurnInName="Tender Puregrove" TurnInId="48459" />
		

		<PickUp QuestName="Running their Course" QuestId="28360" GiverName="Tender Puregrove" GiverId="48459" />
		<PickUp QuestName="Squirrely Clean" QuestId="28361" GiverName="Tender Puregrove" GiverId="48459" />
		<PickUp QuestName="Hunting the Damned" QuestId="28358" GiverName="Hurak Wildhorn" GiverId="48349" />
		<PickUp QuestName="The Core of Kroshius" QuestId="28359" GiverName="Hurak Wildhorn" GiverId="48349" />
		<PickUp QuestName="Collecting Corruption" QuestId="28341" GiverName="Elessa Starbreeze" GiverId="48339" />
		<PickUp QuestName="Fel To Pieces" QuestId="28342" GiverName="Elessa Starbreeze" GiverId="48339" />
		<Objective QuestName="Running their Course" QuestId="28360" Type="KillMob" MobId="48455" KillCount="8" />
		<Objective QuestName="The Core of Kroshius" QuestId="28359" Type="CollectItem" ItemId="63687" CollectCount="1" />
		<Objective QuestName="Fel To Pieces" QuestId="28342" Type="CollectItem" ItemId="63123" CollectCount="9" />
		<Objective QuestName="Hunting the Damned" QuestId="28358" Type="KillMob" MobId="7136" KillCount="6" />
		<Objective QuestName="Collecting Corruption" QuestId="28341" Type="CollectItem" ItemId="63522" CollectCount="8" />
		<CustomBehavior File="InteractWith" QuestId="28361" ObjectType="Npc" MobId="48457" NumOfTimes="12" CollectionDistance="200" X="5888.189" Y="-970.288" Z="412.2956" />
		<TurnIn QuestName="Squirrely Clean" QuestId="28361" TurnInName="Tender Puregrove" TurnInId="48459" />
		<TurnIn QuestName="Running their Course" QuestId="28360" TurnInName="Tender Puregrove" TurnInId="48459" />
		<TurnIn QuestName="Hunting the Damned" QuestId="28358" TurnInName="Hurak Wildhorn" TurnInId="48349" />
		<TurnIn QuestName="The Core of Kroshius" QuestId="28359" TurnInName="Hurak Wildhorn" TurnInId="48349" />
		<TurnIn QuestName="Collecting Corruption" QuestId="28341" TurnInName="Elessa Starbreeze" TurnInId="48339" />
		<TurnIn QuestName="Fel To Pieces" QuestId="28342" TurnInName="Elessa Starbreeze" TurnInId="48339" />
		<PickUp QuestName="Weeding the Lawn" QuestId="28374" GiverName="Tender Puregrove" GiverId="48459" />
		<CustomBehavior File="InteractWith" QuestId="28374" ObjectType="Npc" MobId="47747" NumOfTimes="7" CollectionDistance="200" X="6049.188" Y="-837.2678" Z="412.323" />
		<TurnIn QuestName="Weeding the Lawn" QuestId="28374" TurnInName="Tender Puregrove" TurnInId="48459" />
		
		
		<!-- Whisperwind Grove -->
		
		<PickUp QuestName="Wanted: The Demon Hunter" QuestId="28217" GiverName="Huntress Selura" GiverId="47843" />
		<If Condition="HasQuest(28217)">
			<!-- <CustomBehavior File="TalkToAndListenToStory" QuestId="28217" NpcIds="47923"/> -->
			<CustomBehavior File="InteractWith" QuestId="28217" MobId="47923" NumOfTimes="1" CollectionDistance="10" ObjectType="Npc" X="6423.984" Y="-964.4109" Z="423.149" />
			<CustomBehavior File="RunMacro" Macro="/script SelectGossipOption(1)" NumOfTimes="1" WaitTime="1000" />
			<CustomBehavior File="RunMacro" Macro="/script CloseGossip()" NumOfTimes="1" WaitTime="1000" />
		</If>
		<Objective QuestName="Wanted: The Demon Hunter" QuestId="28217" Type="KillMob" MobId="47923" KillCount="1" />
		<TurnIn QuestName="Wanted: The Demon Hunter" QuestId="28217" TurnInName="Feronas Sindweller" TurnInId="47923" />
		<PickUp QuestName="A Destiny of Flame and Sorrow" QuestId="28218" GiverName="Feronas Sindweller" GiverId="47923" />
		<Runto QuestId="28218" X="6439.091" Y="-945.0758" Z="423.1494" />
		<If Condition="HasQuest(28218)">
			<Runto QuestId="28218" X="6439.091" Y="-945.0758" Z="423.1494" />
			<CustomBehavior File="WaitTimer" WaitTime="20000"/>
			<Runto QuestId="28218" X="6430.527" Y="-954.7367" Z="423.1495"  />
			<Runto QuestId="28218" X="6439.091" Y="-945.0758" Z="423.1494" />
			<CustomBehavior File="WaitTimer" WaitTime="30000"/>
		</If>
		<TurnIn QuestName="A Destiny of Flame and Sorrow" QuestId="28218" TurnInName="Feronas Sindweller" TurnInId="47923" />
		<PickUp QuestName="The Skull of Gul'dan" QuestId="28256" GiverName="Feronas Sindweller" GiverId="47923" />
		<Runto QuestId="28256" X="6439.091" Y="-945.0758" Z="423.1494" />
		<If Condition="HasQuest(28256)">
			<Runto QuestId="28256" X="6439.091" Y="-945.0758" Z="423.1494" />
			<CustomBehavior File="WaitTimer" WaitTime="7000"/>
			<Runto QuestId="28256" X="6430.527" Y="-954.7367" Z="423.1495"  />
			<Runto QuestId="28256" X="6439.091" Y="-945.0758" Z="423.1494" />
			<CustomBehavior File="WaitTimer" WaitTime="30000"/>
		</If>
		<TurnIn QuestName="The Skull of Gul'dan" QuestId="28256" TurnInName="Feronas Sindweller" TurnInId="47923" />
		<PickUp QuestName="The Fall of Tichondrius" QuestId="28257" GiverName="Feronas Sindweller" GiverId="47923" />
		<If Condition="HasQuest(28257)">
			<CustomBehavior File="WaitTimer" WaitTime="5000"/>
			<Runto QuestId="28257" X="6439.091" Y="-945.0758" Z="423.1494" />
		</If>
		<TurnIn QuestName="The Fall of Tichondrius" QuestId="28257" TurnInName="Feronas Sindweller" TurnInId="47923" />
		<PickUp QuestName="Deceivers In Our Midst" QuestId="28261" GiverName="Feronas Sindweller" GiverId="47923" />
		<UseItem ItemId="63419" QuestName="Deceivers In Our Midst" QuestId="28261" X="6583.84" Y="-990.9514" Z="465.5814" />
		<Objective QuestName="Deceivers In Our Midst" QuestId="28261" Type="KillMob" MobId="48154" KillCount="12" />
		<TurnIn QuestName="Deceivers In Our Midst" QuestId="28261" TurnInName="Feronas Sindweller" TurnInId="47923" />
		<PickUp QuestName="Navarax's Gambit" QuestId="28264" GiverName="Feronas Sindweller" GiverId="47923" />
		<If Condition="HasQuest(28264)">
			<Runto QuestId="28264" X="6056.165" Y="-915.0864" Z="455.7422" />
			<CustomBehavior File="InteractWith" QuestId="28264" MobId="47842" NumOfTimes="1" CollectionDistance="10" ObjectType="Npc" X="6058.019" Y="-916.55" Z="455.7424" />
			<CustomBehavior File="RunMacro" Macro="/script SelectGossipOption(1)" NumOfTimes="1" WaitTime="1000" />
			<CustomBehavior File="RunMacro" Macro="/script CloseGossip()" NumOfTimes="1" WaitTime="1000" />
		</If>
		<Objective QuestName="Navarax's Gambit" QuestId="28264" Type="KillMob" MobId="47842" KillCount="1" />
		<TurnIn QuestName="Navarax's Gambit" QuestId="28264" TurnInName="Huntress Selura" TurnInId="47843" />
		<PickUp QuestName="Back to Business" QuestId="28372" GiverName="Fez Hobnob" GiverId="48469" />
		<TurnIn QuestName="Back to Business" QuestId="28372" TurnInName="Darla Drilldozer" TurnInId="48127" />
		
		<PickUp QuestName="Deadwood of the North" QuestId="28338" GiverName="Nafien" GiverId="15395" />
		<PickUp QuestName="Disarming Bears" QuestId="28366" GiverName="Nafien" GiverId="15395" />
		<!--<PickUp QuestName="Stupid Drizle!" QuestId="28362" GiverName="Ferli" GiverId="48461" />
		<TurnIn QuestName="Stupid Drizle!" QuestId="28362" TurnInName="Drizle" TurnInId="47556" />-->
		<Objective QuestName="Disarming Bears" QuestId="28366" Type="CollectItem" ItemId="63689" CollectCount="7" />
		<Objective QuestName="Deadwood of the North" QuestId="28338" Type="KillMob" MobId="7156" KillCount="15" />
		<TurnIn QuestName="Disarming Bears" QuestId="28366" TurnInName="Nafien" TurnInId="15395" />
		<TurnIn QuestName="Deadwood of the North" QuestId="28338" TurnInName="Nafien" TurnInId="15395" />

		<SetGrindArea>
			<GrindArea>
				<Name>Grind to Level 49</Name>
				<Factions>1434 14 16 90</Factions>
				<TargetMinLevel>38</TargetMinLevel>
				<TargetMaxLevel>50</TargetMaxLevel>
				<Hotspots>
					<Hotspot X="4778.576" Y="-556.2794" Z="275.0496" />
					<Hotspot X="5308.46" Y="-532.0618" Z="273.0916" />
					<Hotspot X="5109.918" Y="-332.4826" Z="360.6673" />
					<Hotspot X="5299.79" Y="-630.3527" Z="328.429" />
					<Hotspot X="5527.013" Y="-774.8244" Z="345.8839" />
					<Hotspot X="5619.845" Y="-735.4666" Z="341.6161" />
					<Hotspot X="5587.487" Y="-632.4702" Z="347.7406" />
				</Hotspots>
			</GrindArea>
		</SetGrindArea>
		<GrindTo Level="49"/>
		<CustomBehavior File="LoadProfile" ProfileName="..\1-68 Horde Questing" />		
		<!--END FELWOOD QUESTING-->	
	</QuestOrder>
	<!--Kalimdor Main Overrides-->
	<Quest Id="28153" Name="Shadow Lord Fel'dan">
		<Objective Type="KillMob" MobId="9517" KillCount="1">
			<Hotspots>
				<Hotspot X="5338.91" Y="-599.118" Z="248.3781" />
			</Hotspots>
		</Objective>
	</Quest>
	<Quest Id="872" Name="The Far Watch Offensive">
		<Objective Type="CollectItem" ItemId="5063" CollectCount="1">
			<CollectFrom>
				<Mob Name="Kreenig Snarlsnout" Id="3438"/>
			</CollectFrom>
			<Hotspots>
				<Hotspot X="-268.8742" Y="-3490.385" Z="57.32143"/>
			</Hotspots>
		</Objective>
	</Quest>
	<Quest Name="A Captain's Vengeance" Id="891">
		<Objective Type="CollectItem" ItemId="5078" CollectCount="10">
			<CollectFrom>
				<Mob Name="Thermadore Commando" Id="5629"/>
				<Mob Name="Thermadore Deck Hand" Id="34707"/>
				<Mob Name="Thermadore Marine" Id="3385"/>
				<Mob Name="Thermadore Preserver" Id="3386"/>
				<Mob Name="Thermadore Sharpshooter" Id="34706"/>
				<Mob Name="Cannoneer Smythe" Id="3454"/>
				<Mob Name="Cannoneer Whessan" Id="3455"/>
				<Mob Name="Captain Fairmount" Id="3393"/>
			</CollectFrom>
			<Hotspots>
				<Hotspot X="-1361.057" Y="-3749.634" Z="61.10983"/>
				<Hotspot X="-1314.429" Y="-3805.902" Z="19.05502"/>
				<Hotspot X="-1328.891" Y="-3871.522" Z="13.54283"/>
				<Hotspot X="-1375.611" Y="-3887.456" Z="13.84915"/>
				<Hotspot X="-1422.127" Y="-3859.354" Z="17.1045"/>
				<Hotspot X="-1483.88" Y="-3867.17" Z="16.27431"/>
				<Hotspot X="-1521.829" Y="-3820.889" Z="21.54692"/>
				<Hotspot X="-1596.508" Y="-3835.284" Z="14.86548"/>
				<Hotspot X="-1607.741" Y="-3890.721" Z="14.42522"/>
				<Hotspot X="-1679.051" Y="-3869.036" Z="9.374258"/>
			</Hotspots>
		</Objective>
		<Objective Type="KillMob" MobId="34753" KillCount="1">
			<Hotspots>
				<Hotspot X="-1510.363" Y="-3901.512" Z="11.7735"/>
				<Hotspot X="-1466.731" Y="-3862.552" Z="16.90162"/>
				<Hotspot X="-1431.631" Y="-3866.316" Z="15.60617"/>
			</Hotspots>
		</Objective>
		<Objective Type="KillMob" MobId="34752" KillCount="1">
			<Hotspots>
				<Hotspot X="-1430.961" Y="-3848.66" Z="19.37271"/>
			</Hotspots>
		</Objective>
	</Quest>
	<Quest Id="845" Name="The Zhevra">
		<Objective Type="CollectItem" ItemId="5086" CollectCount="5">
			<Hotspots>
				<Hotspot X="-216.2053" Y="-2358.375" Z="91.67134"/>
				<Hotspot X="-168.9198" Y="-2286.34" Z="92.79396"/>
				<Hotspot X="-117.1465" Y="-2298.519" Z="91.67142"/>
				<Hotspot X="-76.15858" Y="-2300.117" Z="91.66684"/>
				<Hotspot X="-19.05883" Y="-2304.193" Z="93.03592"/>
				<Hotspot X="17.95988" Y="-2333.332" Z="91.66984"/>
				<Hotspot X="32.08635" Y="-2380.556" Z="92.53078"/>
				<Hotspot X="69.45885" Y="-2332.996" Z="99.00541"/>
				<Hotspot X="45.36837" Y="-2492.861" Z="92.94881"/>
				<Hotspot X="79.78677" Y="-2603.23" Z="92.54321"/>
				<Hotspot X="-141.2612" Y="-2638.265" Z="91.86013"/>
				<Hotspot X="-179.0856" Y="-2635.78" Z="93.2208"/>
				<Hotspot X="-223.9796" Y="-2560.271" Z="91.68735"/>
			</Hotspots>
		</Objective>
	</Quest>
	<Quest Id="903" Name="Hunting the Huntress">
		<Objective Type="CollectItem" ItemId="5096" CollectCount="5">
			<Hotspots>
				<Hotspot X="-216.2053" Y="-2358.375" Z="91.67134"/>
				<Hotspot X="-168.9198" Y="-2286.34" Z="92.79396"/>
				<Hotspot X="-117.1465" Y="-2298.519" Z="91.67142"/>
				<Hotspot X="-76.15858" Y="-2300.117" Z="91.66684"/>
				<Hotspot X="-19.05883" Y="-2304.193" Z="93.03592"/>
				<Hotspot X="17.95988" Y="-2333.332" Z="91.66984"/>
				<Hotspot X="32.08635" Y="-2380.556" Z="92.53078"/>
				<Hotspot X="69.45885" Y="-2332.996" Z="99.00541"/>
				<Hotspot X="45.36837" Y="-2492.861" Z="92.94881"/>
				<Hotspot X="79.78677" Y="-2603.23" Z="92.54321"/>
				<Hotspot X="-141.2612" Y="-2638.265" Z="91.86013"/>
				<Hotspot X="-179.0856" Y="-2635.78" Z="93.2208"/>
				<Hotspot X="-223.9796" Y="-2560.271" Z="91.68735"/>
			</Hotspots>
		</Objective>
	</Quest>
	<Quest Id="14067" Name="The Stolen Silver">
		<Objective Type="KillMob" MobId="44164" KillCount="8">
			<Hotspots>
				<Hotspot X="-349.4175" Y="-3442.317" Z="91.66958"/>
				<Hotspot X="-374.3667" Y="-3382.946" Z="91.66688"/>
				<Hotspot X="-449.3052" Y="-3359.967" Z="93.16045"/>
			</Hotspots>
		</Objective>
	</Quest>
	<Quest Id="865" Name="It's Gotta Be The Horn">
		<Objective Type="CollectItem" ItemId="46850" CollectCount="1">
			<CollectFrom>
				<Mob Name="King Reaperclaw" Id="34829"/>
			</CollectFrom>
			<Hotspots>
				<Hotspot X="-368.1221" Y="-3509.615" Z="92.43555"/>
				<Hotspot X="-391.4658" Y="-3541.734" Z="93.74399"/>
				<Hotspot X="-426.7803" Y="-3548.255" Z="93.59591"/>
				<Hotspot X="-471.8502" Y="-3553.174" Z="91.67681"/>
				<Hotspot X="-521.7884" Y="-3576.504" Z="92.27592"/>
				<Hotspot X="-586.4286" Y="-3545.87" Z="91.786"/>
			</Hotspots>
		</Objective>
	</Quest>
	<Quest Id="5041" Name="Supplies for the Crossroads">
		<Objective Type="CollectItem" ItemId="12708" CollectCount="5">
			<Hotspots>
				<Hotspot X="-283.7471" Y="-3553.791" Z="28.96637"/>
				<Hotspot X="-296.588" Y="-3468.828" Z="40.70368"/>
				<Hotspot X="-356.7888" Y="-3423.062" Z="40.27921"/>
				<Hotspot X="-252.356" Y="-3546.808" Z="57.71223"/>
				<Hotspot X="-293.9998" Y="-3493.858" Z="56.53328"/>
			</Hotspots>
		</Objective>
	</Quest>
	<Quest Id="871" Name="In Defense of Far Watch">
		<Objective Type="KillMob" MobId="3267" KillCount="8">
			<Hotspots>
				<Hotspot X="-67.19213" Y="-3639.297" Z="29.89417"/>
				<Hotspot X="-165.6999" Y="-3654.746" Z="27.38053"/>
				<Hotspot X="-216.3448" Y="-3694.208" Z="29.47747"/>
				<Hotspot X="-247.895" Y="-3675.695" Z="27.66414"/>
				<Hotspot X="-306.4881" Y="-3722.264" Z="29.59148"/>
			</Hotspots>
		</Objective>
		<Objective Type="KillMob" MobId="3265" KillCount="3">
			<Hotspots>
				<Hotspot X="-67.19213" Y="-3639.297" Z="29.89417"/>
				<Hotspot X="-165.6999" Y="-3654.746" Z="27.38053"/>
				<Hotspot X="-216.3448" Y="-3694.208" Z="29.47747"/>
				<Hotspot X="-247.895" Y="-3675.695" Z="27.66414"/>
				<Hotspot X="-306.4881" Y="-3722.264" Z="29.59148"/>
			</Hotspots>
		</Objective>
	</Quest>
	<Quest Id="844" Name="Plainstrider Menace">
		<Objective Type="CollectItem" ItemId="5087" CollectCount="7">
			<CollectFrom>
				<Mob Name="Greater Plainstrider" Id="3244"/>
			</CollectFrom>
			<Hotspots>
				<Hotspot X="360.0796" Y="-3595.002" Z="31.33324"/>
				<Hotspot X="451.3615" Y="-3664.411" Z="28.73563"/>
				<Hotspot X="541.1845" Y="-3710.007" Z="27.17048"/>
			</Hotspots>
		</Objective>
	</Quest>	
</HBProfile>