<HBProfile>
	<Name>Horde 1-68 Questing</Name>
	<MinDurability>0.4</MinDurability>
	<MinFreeBagSlots>3</MinFreeBagSlots>
	<MinLevel>1</MinLevel>
	<MaxLevel>86</MaxLevel>
	<MailGrey>False</MailGrey>
	<MailWhite>False</MailWhite>
	<MailGreen>True</MailGreen>
	<SellGrey>True</SellGrey>
	<SellWhite>True</SellWhite>
	<SellGreen>True</SellGreen>
	<SellBlue>False</SellBlue>
	<SellPurple>False</SellPurple>
	
	<Mailboxes>
		<!--Winterspring Mailbox-->
		<Mailbox X="6706.316" Y="-4665.357" Z="721.5416" />
	</Mailboxes>
	
	<Blackspots>
		<!--Winterspring Blackspots-->
		<Blackspot X="6550.771" Y="-2512.164" Z="566.3173" Radius="12.06851" />
		<Blackspot X="6756.335" Y="-4664.106" Z="724.2974" Radius="4.261256" />
		<Blackspot X="6744.555" Y="-4639.795" Z="721.5496" Radius="2.050136" />
	</Blackspots>
	
	<Vendors>
		<!--Winterspring Vendors-->
		<Vendor Name="Lyranne Feathersong" Entry="2303" Type="Food" X="7147.007" Y="-4005.613" Z="745.6299" />
		<Vendor Name="Trapper Kiefer" Entry="50094" Type="Repair" X="7636.605" Y="-4425.288" Z="623.8749" />
		<Vendor Name="Barbie Cutesazz" Entry="50092" Type="Food" X="7642.319" Y="-4437.009" Z="623.8745" />
		<Vendor Name="Daleohm" Entry="50129" Type="Repair" X="6176.922" Y="-4564.302" Z="713.345" />
		<Vendor Name="Maseel" Entry="50126" Type="Food" X="6179.932" Y="-4564.688" Z="713.345" />	
		<!--Orgrimmar Trainers-->
		<Vendor Name="Zevrost" Type="Train" TrainClass="Warlock" Entry="3326" X="1848.788" Y="-4360.646" Z="-14.72255"/>
		<Vendor Name="Marud" Type="Train" TrainClass="Mage" Entry="47247" X="1764.56" Y="-4349.509" Z="-7.769643"/>
		<Vendor Name="Seer Liwatha" Type="Train" TrainClass="Priest" Entry="44735" X="1863.46" Y="-4297.75" Z="23.74968"/>
		<Vendor Name="Lothan Silverblade" Entry="43012" Type="Train" TrainClass="Warrior" X="9521.21" Y="-6865.33" Z="18.75"/>
		<Vendor Name="Sahi Cloudsinger" Entry="44740" Type="Train" TrainClass="Shaman" X="1884.15" Y="-4282.4" Z="23.5918"/>
		<Vendor Name="Gordul" Type="Train" TrainClass="Rogue" Entry="47233" X="1773.21" Y="-4282.96" Z="7.892303"/>
		<Vendor Name="Nohi Plainswalker" Type="Train" TrainClass="Hunter" Entry="44743"  X="1872.89" Y="-4281.46" Z="23.76952"/>
		<Vendor Name="Sunwalker Atohmo" Type="Train" TrainClass="Paladin" Entry="44725"  X="1863.88" Y="-4292.69" Z="23.78126"/>
		<Vendor Name="Shalla Whiteleaf" Type="Train" TrainClass="Druid" Entry="44726"  X="1888.95" Y="-4285.25" Z="23.55553"/>
	</Vendors>
	
	<QuestOrder>
		<!--BEGIN WINTERSPRING QUESTING-->
		<PickUp QuestName="Winterspring!" QuestId="28768" GiverName="Nafien" GiverId="15395" />
		<PickUp QuestName="Winterfall Activity" QuestId="28522" GiverName="Salfa" GiverId="11556" />
		<TurnIn QuestName="Winterspring!" QuestId="28768" TurnInName="Donova Snowden" TurnInId="9298" />
		<PickUp QuestName="Threat of the Winterfall" QuestId="28460" GiverName="Donova Snowden" GiverId="9298" />
		<PickUp QuestName="Falling to Corruption" QuestId="28464" GiverName="Donova Snowden" GiverId="9298" />
		<TurnIn QuestName="Falling to Corruption" QuestId="28464" TurnInName="Winterfall Cauldron" TurnInId="207179" TurnInType="Object" X="6839.376" Y="-2495.074" Z="560.2396" />
		<PickUp QuestName="Mystery Goo" QuestId="28467" GiverName="Winterfall Cauldron" GiverId="207179" GiverType="Object" X="6839.376" Y="-2495.074" Z="560.2396" />
		<TurnIn QuestName="Mystery Goo" QuestId="28467" TurnInName="Donova Snowden" TurnInId="9298" />
		<Objective QuestName="Threat of the Winterfall" QuestId="28460" Type="KillMob" MobId="48586" KillCount="15" />
		<If Condition="HasQuest(28656)">
			<TurnIn QuestName="Strange Life Forces" QuestId="28656" TurnInName="Witch Doctor Mau'ari" TurnInId="10307" />
		</If>
		<TurnIn QuestName="Threat of the Winterfall" QuestId="28460" TurnInName="Donova Snowden" TurnInId="9298" />
		<PickUp QuestName="Scalding Signs" QuestId="28530" GiverName="Donova Snowden" GiverId="9298" />
		<PickUp QuestName="Winterfall Runners" QuestId="28469" GiverName="Donova Snowden" GiverId="9298" />
		<Objective QuestName="Scalding Signs" QuestId="28530" Type="CollectItem" ItemId="64449" CollectCount="7" />
		<Objective QuestName="Winterfall Runners" QuestId="28469" Type="CollectItem" ItemId="12829" CollectCount="1" />
		<TurnIn QuestName="Winterfall Runners" QuestId="28469" TurnInName="Donova Snowden" TurnInId="9298" />
		<TurnIn QuestName="Scalding Signs" QuestId="28530" TurnInName="Donova Snowden" TurnInId="9298" />
		<PickUp QuestName="High Chief Winterfall" QuestId="28470" GiverName="Donova Snowden" GiverId="9298" />
		<Objective QuestName="High Chief Winterfall" QuestId="28470" Type="KillMob" MobId="10738" KillCount="1" /> <!-- MAKE SURE THIS GUY GETS LOOTED!!! -->
		<SetGrindArea>
			<GrindArea>
				<Name>Grind for Item Diabolical Plans</Name>
				<Factions>82</Factions>
				<TargetMinLevel>49</TargetMinLevel>
				<TargetMaxLevel>51</TargetMaxLevel>
				<Hotspots>
					<Hotspot X="6494.037" Y="-3264.636" Z="572.3952" />
				</Hotspots>
			</GrindArea>
		</SetGrindArea>
		<GrindTo Condition="HasItem(12842) || HasQuest(28471) || IsQuestCompleted(28471)"/>
		<TurnIn QuestName="High Chief Winterfall" QuestId="28470" TurnInName="Donova Snowden" TurnInId="9298" />
		<PickUp QuestName="The Final Piece" QuestId="28471" GiverName="Diabolical Plans" GiverId="12842" GiverType="Item" />
		<TurnIn QuestName="The Final Piece" QuestId="28471" TurnInName="Donova Snowden" TurnInId="9298" />
		<PickUp QuestName="Words of the High Chief" QuestId="28472" GiverName="Donova Snowden" GiverId="9298" />
		<PickUp QuestName="Doin' De E'ko Magic" QuestId="28540" GiverName="Witch Doctor Mau'ari" GiverId="10307" />
		<Objective QuestName="Doin' De E'ko Magic" QuestId="28540" Type="CollectItem" ItemId="64465" CollectCount="1" />
		<Objective QuestName="Winterfall Activity" QuestId="28522" Type="CollectItem" ItemId="21383" CollectCount="10" />
		<TurnIn QuestName="Winterfall Activity" QuestId="28522" TurnInName="Salfa" TurnInId="11556" />
		<TurnIn QuestName="Doin' De E'ko Magic" QuestId="28540" TurnInName="Witch Doctor Mau'ari" TurnInId="10307" />
		<TurnIn QuestName="Words of the High Chief" QuestId="28472" TurnInName="Kelek Skykeeper" TurnInId="10920" />
		
		
		<PickUp QuestName="The Ruins of Kel'Theril" QuestId="28479" GiverName="Kelek Skykeeper" GiverId="10920" />
		<TurnIn QuestName="The Ruins of Kel'Theril" QuestId="28479" TurnInName="Kaldorei Spirit" TurnInId="48658" />
		<PickUp QuestName="Pride of the Highborne" QuestId="28513" GiverName="Kaldorei Spirit" GiverId="48658" />
		<Objective QuestName="Pride of the Highborne" QuestId="28513" Type="KillMob" MobId="7523" KillCount="8" />
		<TurnIn QuestName="Pride of the Highborne" QuestId="28513" TurnInName="Kaldorei Spirit" TurnInId="48658" />
		<PickUp QuestName="Descendants of the Highborne" QuestId="28534" GiverName="Kaldorei Spirit" GiverId="48658" />
		<TurnIn QuestName="Descendants of the Highborne" QuestId="28534" TurnInName="Quel'dorei Spirit" TurnInId="48659" />
		<PickUp QuestName="Legacy of the High Elves" QuestId="28518" GiverName="Quel'dorei Spirit" GiverId="48659" />
		<Objective QuestName="Legacy of the High Elves" QuestId="28518" Type="CollectItem" ItemId="64441" CollectCount="1" />
		<TurnIn QuestName="Legacy of the High Elves" QuestId="28518" TurnInName="Quel'dorei Spirit" TurnInId="48659" />
		<PickUp QuestName="Descendants of the High Elves" QuestId="28535" GiverName="Quel'dorei Spirit" GiverId="48659" />
		<TurnIn QuestName="Descendants of the High Elves" QuestId="28535" TurnInName="Sin'dorei Spirit" TurnInId="48660" />
		<PickUp QuestName="Pain of the Blood Elves" QuestId="28519" GiverName="Sin'dorei Spirit" GiverId="48660" />
		<Objective QuestName="Pain of the Blood Elves" QuestId="28519" Type="KillMob" MobId="48664" KillCount="7" />
		<TurnIn QuestName="Pain of the Blood Elves" QuestId="28519" TurnInName="Sin'dorei Spirit" TurnInId="48660" />
		<PickUp QuestName="The Curse of Zin-Malor" QuestId="28536" GiverName="Sin'dorei Spirit" GiverId="48660" />
		<TurnIn QuestName="The Curse of Zin-Malor" QuestId="28536" TurnInName="Kelek Skykeeper" TurnInId="10920" />
		<PickUp QuestName="In Pursuit of Shades" QuestId="28537" GiverName="Kelek Skykeeper" GiverId="10920" />
		<RunTo QuestId="28537" X="6380.999" Y="-4154.278" Z="711.1474" />
		<RunTo QuestId="28537" X="6221.643" Y="-4141.371" Z="726.1653" />
		<Objective QuestName="In Pursuit of Shades" QuestId="28537" Type="CollectItem" ItemId="64463" CollectCount="1" />
		<TurnIn QuestName="In Pursuit of Shades" QuestId="28537" TurnInName="Kelek Skykeeper" TurnInId="10920" />
		<PickUp QuestName="Trailing the Spiritspeaker" QuestId="28848" GiverName="Kelek Skykeeper" GiverId="10920" />
		<TurnIn QuestName="Trailing the Spiritspeaker" QuestId="28848" TurnInName="Nymn" TurnInId="50366" />
		
		<!-- Everlook -->
		<PickUp QuestName="Hammer Time" QuestId="28609" GiverName="Lilith the Lithe" GiverId="11191" />
		<TurnIn QuestName="Hammer Time" QuestId="28609" TurnInName="Deez Rocksnitch" TurnInId="48965" />
		<PickUp QuestName="Rubble Trouble" QuestId="28610" GiverName="Deez Rocksnitch" GiverId="48965" />
		<Objective QuestName="Rubble Trouble" QuestId="28610" Type="CollectItem" ItemId="64586" CollectCount="6" />
		<TurnIn QuestName="Rubble Trouble" QuestId="28610" TurnInName="Deez Rocksnitch" TurnInId="48965" />
		<PickUp QuestName="Boulder Delivery" QuestId="28618" GiverName="Deez Rocksnitch" GiverId="48965" />
		<If Condition="HasQuest(28618)">
			<RunTo X="6764.494" Y="-4670.601" Z="724.5798" />
			<CustomBehavior File="RunMacro" Macro="/dismount" NumOfTimes="1" WaitTime="1000" />
			<CustomBehavior File="MyCTM" X="6769.497" Y="-4671.7" Z="723.7484" />
		</If>
		<TurnIn QuestName="Boulder Delivery" QuestId="28618" TurnInName="Lilith the Lithe" TurnInId="11191" />
		<PickUp QuestName="Kilram's Boast" QuestId="28624" GiverName="Kilram" GiverId="11192" />
		<TurnIn QuestName="Kilram's Boast" QuestId="28624" TurnInName="Deez Rocksnitch" TurnInId="48965" />
		<PickUp QuestName="Chop Chop" QuestId="28625" GiverName="Deez Rocksnitch" GiverId="48965" />
		<Objective QuestName="Chop Chop" QuestId="28625" Type="CollectItem" ItemId="64587" CollectCount="10" />
		<TurnIn QuestName="Chop Chop" QuestId="28625" TurnInName="Deez Rocksnitch" TurnInId="48965" />
		<PickUp QuestName="Tree Delivery" QuestId="28626" GiverName="Deez Rocksnitch" GiverId="48965" />
		<If Condition="HasQuest(28626)">
			<RunTo X="6764.494" Y="-4670.601" Z="724.5798" />
			<CustomBehavior File="RunMacro" Macro="/dismount" NumOfTimes="1" WaitTime="1000" />
			<CustomBehavior File="MyCTM" X="6769.497" Y="-4671.7" Z="723.7484" />
		</If>
		<TurnIn QuestName="Tree Delivery" QuestId="28626" TurnInName="Kilram" TurnInId="11192" />
		<PickUp QuestName="Seril's Boast" QuestId="28627" GiverName="Seril Scourgebane" GiverId="11193" />
		<TurnIn QuestName="Seril's Boast" QuestId="28627" TurnInName="Deez Rocksnitch" TurnInId="48965" />
		<PickUp QuestName="Are We There, Yeti?" QuestId="28629" GiverName="Umi Rumplesnicker" GiverId="10305" />
		<PickUp QuestName="The Perfect Horns" QuestId="28631" GiverName="Umi Rumplesnicker" GiverId="10305" />
		<!-- The override for this quest is a little buggy for pet classes with their pets in defensive mode, but still works eventually -->
		<PickUp QuestName="Fresh From The Hills" QuestId="28632" GiverName="Deez Rocksnitch" GiverId="48965" />
		<Objective QuestName="Fresh From The Hills" QuestId="28632" Type="CollectItem" ItemId="64662" CollectCount="7" />
		<Objective QuestName="The Perfect Horns" QuestId="28631" Type="CollectItem" ItemId="64664" CollectCount="1" />
		<Objective QuestName="Are We There, Yeti?" QuestId="28629" Type="CollectItem" ItemId="12366" CollectCount="10" />
		<TurnIn QuestName="The Perfect Horns" QuestId="28631" TurnInName="Umi Rumplesnicker" TurnInId="10305" />
		<TurnIn QuestName="Are We There, Yeti?" QuestId="28629" TurnInName="Umi Rumplesnicker" TurnInId="10305" />
		<TurnIn QuestName="Fresh From The Hills" QuestId="28632" TurnInName="Deez Rocksnitch" TurnInId="48965" />
		<PickUp QuestName="Yetiphobia" QuestId="28722" GiverName="Umi Rumplesnicker" GiverId="10305" />
		<UseItem ItemId="12928" QuestName="Yetiphobia QuestId" QuestId="28722" X="6709.01" Y="-4684.686" Z="721.9752" />
		<TurnIn QuestName="Yetiphobia" QuestId="28722" TurnInName="Umi Rumplesnicker" TurnInId="10305" />
		<PickUp QuestName="Ice Delivery" QuestId="28628" GiverName="Deez Rocksnitch" GiverId="48965" />
		<If Condition="HasQuest(28628)">
			<RunTo X="6764.494" Y="-4670.601" Z="724.5798" />
			<CustomBehavior File="RunMacro" Macro="/dismount" NumOfTimes="1" WaitTime="1000" />
			<CustomBehavior File="MyCTM" X="6769.497" Y="-4671.7" Z="723.7484" />
		</If>	
		<TurnIn QuestName="Ice Delivery" QuestId="28628" TurnInName="Seril Scourgebane" TurnInId="11193" />
		
		<!-- Starfall Village -->
		
		<PickUp QuestName="Starfall Village" QuestId="28674" GiverName="Deez Rocksnitch" GiverId="48965" />
		<PickUp QuestName="The Pursuit of Umbranse" QuestId="28847" GiverName="Nymn" GiverId="50366" />
		<TurnIn QuestName="Starfall Village" QuestId="28674" TurnInName="Wynd Nightchaser" TurnInId="11079" />
		<PickUp QuestName="Exterminators at Work" QuestId="28676" GiverName="Wynd Nightchaser" GiverId="11079" />
		<PickUp QuestName="Out of Harm's Way" QuestId="28701" GiverName="Wynd Nightchaser" GiverId="11079" />
		<TurnIn QuestName="Exterminators at Work" QuestId="28676" TurnInName="Rinno Curtainfire" TurnInId="49407" />
		<PickUp QuestName="Step Into My Barrow" QuestId="28703" GiverName="Rinno Curtainfire" GiverId="49407" />
		<PickUp QuestName="Spray it Forward" QuestId="28706" GiverName="Rinno Curtainfire" GiverId="49407" />
		<TurnIn QuestName="Spray it Forward" QuestId="28706" TurnInName="Remma Curtainfire" TurnInId="49399" />
		<PickUp QuestName="Spray it Again" QuestId="28707" GiverName="Remma Curtainfire" GiverId="49399" />
		<TurnIn QuestName="Spray it Again" QuestId="28707" TurnInName="Marcy Curtainfire" TurnInId="49400" />
		<PickUp QuestName="Spray it One More Time" QuestId="28710" GiverName="Marcy Curtainfire" GiverId="49400" />
		<TurnIn QuestName="Spray it One More Time" QuestId="28710" TurnInName="Sana Curtainfire" TurnInId="49402" />
		<PickUp QuestName="Where There's Smoke, There's Delicious Meat" QuestId="28718" GiverName="Sana Curtainfire" GiverId="49402" />
		<Objective QuestName="Out of Harm's Way" QuestId="28701" Type="CollectItem" ItemId="64675" CollectCount="5" />
		<Objective QuestName="Step Into My Barrow" QuestId="28703" Type="KillMob" MobId="49346" KillCount="10" />
		<Objective QuestName="Step Into My Barrow" QuestId="28703" Type="KillMob" MobId="49347" KillCount="5" />
		<TurnIn QuestName="Step Into My Barrow" QuestId="28703" TurnInName="Rinno Curtainfire" TurnInId="49407" />
		<TurnIn QuestName="Out of Harm's Way" QuestId="28701" TurnInName="Wynd Nightchaser" TurnInId="11079" />
		
		
		<!-- Goodgrub Smoking Pit -->
		
		<TurnIn QuestName="Where There's Smoke, There's Delicious Meat" QuestId="28718" TurnInName="Jez Goodgrub" TurnInId="49396" />
		<PickUp QuestName="You Gotta Have Eggs" QuestId="28828" GiverName="Jez Goodgrub" GiverId="49396" />
		<PickUp QuestName="A Taste for Bear" QuestId="28637" GiverName="Francis Morcott" GiverId="49436" />
		<PickUp QuestName="Fresh Frostsabers" QuestId="28640" GiverName="Jez Goodgrub" GiverId="49396" />
		<PickUp QuestName="The Owls Have It" QuestId="28638" GiverName="Jeb Guthrie" GiverId="49537" />
		<Objective QuestName="You Gotta Have Eggs" QuestId="28828" Type="CollectItem" ItemId="65890" CollectCount="40" />
		<Objective QuestName="The Owls Have It" QuestId="28638" Type="KillMob" MobId="7455" KillCount="15" />
		<Objective QuestName="Fresh Frostsabers" QuestId="28640" Type="KillMob" MobId="7431" KillCount="15" />
		<Objective QuestName="A Taste for Bear" QuestId="28637" Type="KillMob" MobId="7444" KillCount="15" />
		<CustomBehavior File="CompleteLogQuest" QuestID="28637" />
		<TurnIn QuestName="You Gotta Have Eggs" QuestId="28828" TurnInName="Jez Goodgrub" TurnInId="49396" />
		<CustomBehavior File="CompleteLogQuest" QuestID="28640" />
		<CustomBehavior File="CompleteLogQuest" QuestID="28638" />
		<PickUp QuestName="A Little Gamy" QuestId="28719" GiverName="Francis Morcott" GiverId="49436" />
		<PickUp QuestName="Pride of the Dinner Table" QuestId="28641" GiverName="Jez Goodgrub" GiverId="49396" />
		<!--<PickUp QuestName="Screechy Keen" QuestId="28745" GiverName="" GiverId="" />-->
		<If Condition="HasQuest(28745)">
			<Objective QuestName="Screechy Keen" QuestId="28745" Type="KillMob" MobId="7456" KillCount="15" />
		</If>
		<CustomBehavior File="CompleteLogQuest" QuestID="28745" />
		<Objective QuestName="A Little Gamy" QuestId="28719" Type="KillMob" MobId="7443" KillCount="15" />
		<Objective QuestName="Pride of the Dinner Table" QuestId="28641" Type="KillMob" MobId="7434" KillCount="15" />
		<TurnIn QuestName="A Little Gamy" QuestId="28719" TurnInName="Francis Morcott" TurnInId="49436" />
		<TurnIn QuestName="Pride of the Dinner Table" QuestId="28641" TurnInName="Jez Goodgrub" TurnInId="49396" />
		<PickUp QuestName="Ursius" QuestId="28639" GiverName="Francis Morcott" GiverId="49436" />
		<PickUp QuestName="Shy-Rotam" QuestId="28742" GiverName="Jez Goodgrub" GiverId="49396" />
		<!--<PickUp QuestName="A Bird of Legend" QuestId="28782" GiverName="Hell-Hoot" GiverId="50044" />-->
		<Objective QuestName="Ursius" QuestId="28639" Type="KillMob" MobId="10806" KillCount="1" />
		<Objective QuestName="Shy-Rotam" QuestId="28742" Type="KillMob" MobId="10737" KillCount="1" />
		<If Condition="HasQuest(28782)">
			<Objective QuestName="A Bird of Legend" QuestId="28782" Type="KillMob" MobId="50044" KillCount="1" />
		</If>
		<TurnIn QuestName="A Bird of Legend" QuestId="28782" TurnInName="Jeb Guthrie" TurnInId="49537" />
		<TurnIn QuestName="Ursius" QuestId="28639" TurnInName="Francis Morcott" TurnInId="49436" />
		<TurnIn QuestName="Shy-Rotam" QuestId="28742" TurnInName="Jez Goodgrub" TurnInId="49396" />
		
		
		<!-- Beryl Egress -->
		
		<TurnIn QuestName="The Pursuit of Umbranse" QuestId="28847" TurnInName="Haleh" TurnInId="10929" />
		<PickUp QuestName="Altered Beasts" QuestId="28837" GiverName="Haleh" GiverId="10929" />
			<Objective QuestName="Altered Beasts" QuestId="28837" Type="CollectItem" ItemId="66052" CollectCount="5" />
		<TurnIn QuestName="Altered Beasts" QuestId="28837" TurnInName="Haleh" TurnInId="10929" />
		<SetGrindArea>
			<GrindArea>
				<Name>Grind for Item Diabolical Plans</Name>
				<Factions>82</Factions>
				<TargetMinLevel>49</TargetMinLevel>
				<TargetMaxLevel>55</TargetMaxLevel>
				<Hotspots>
					<!-- Mazthoril -->
					<Hotspot X="6158.438" Y="-4266.287" Z="655.919" />
					<Hotspot X="6194.264" Y="-4252.126" Z="655.7971" />
					<Hotspot X="6149.545" Y="-4233.362" Z="653.1172" />
					<Hotspot X="6176.431" Y="-4179.956" Z="641.9026" />
					<Hotspot X="6155.068" Y="-4167.884" Z="641.8713" />
					<Hotspot X="6102.144" Y="-4201.714" Z="633.6878" />
					<Hotspot X="6046.144" Y="-4205.771" Z="629.8482" />
					<Hotspot X="5968.667" Y="-4197.016" Z="615.5184" />
					<Hotspot X="5926.969" Y="-4188.158" Z="608.4282" />
					<Hotspot X="5957.863" Y="-4139.5" Z="607.0612" />
				</Hotspots>
			</GrindArea>
		</SetGrindArea>
		<GrindTo Level="53"/>
		<PickUp QuestName="The Owlbeasts' Defense" QuestId="28838" GiverName="Haleh" GiverId="10929" />
		<Objective QuestName="The Owlbeasts' Defense" QuestId="28838" Type="CollectItem" ItemId="65902" CollectCount="1" />
		<CustomBehavior File="CompleteLogQuest" QuestID="28838" />
		<PickUp QuestName="Magic Prehistoric" QuestId="28839" GiverName="Haleh" GiverId="10929" />
		<PickUp QuestName="Razor Beak and Antlers Pointy" QuestId="28829" GiverName="Jadrag the Slicer" GiverId="50263" />
		<While Condition="HasQuest(28839) &amp;&amp; !IsQuestCompleted(28839)">
			<!-- These totems do disappear when used so if someone else is doing the same quest we bug out -->
			<CustomBehavior File="InteractWith" QuestId="28839" ObjectType="GameObject" MobId="207421" NumOfTimes="1" Range="10" CollectionDistance="10" X="5763.891" Y="-4992.519" Z="809.2988" />
			<CustomBehavior File="InteractWith" QuestId="28839" ObjectType="GameObject" MobId="207423" NumOfTimes="1" Range="10" CollectionDistance="10" X="5612.038" Y="-5027.156" Z="808.2819" />
			<CustomBehavior File="InteractWith" QuestId="28839" ObjectType="GameObject" MobId="207422" NumOfTimes="1" Range="10" CollectionDistance="10" X="5472.006" Y="-4976.554" Z="850.4271"  />
		</While>
		<Objective QuestName="Razor Beak and Antlers Pointy" QuestId="28829" Type="KillMob" MobId="7452" KillCount="12" />
		<TurnIn QuestName="Razor Beak and Antlers Pointy" QuestId="28829" TurnInName="Jadrag the Slicer" TurnInId="50263" />
		<PickUp QuestName="Chips off the Old Block" QuestId="28830" GiverName="Jadrag the Slicer" GiverId="50263" />
		<PickUp QuestName="Damn You, Frostilicus" QuestId="28831" GiverName="Jadrag the Slicer" GiverId="50263" />
		<CustomBehavior File="CompleteLogQuest" QuestID="28839" /> 
		<PickUp QuestName="Winterwater" QuestId="28840" GiverName="Haleh" GiverId="10929" />
		<Objective QuestName="Damn You, Frostilicus" QuestId="28831" Type="KillMob" MobId="50251" KillCount="1" />
		<Objective QuestName="Winterwater" QuestId="28840" Type="CollectItem" ItemId="65903" CollectCount="7" />
		<Objective QuestName="Chips off the Old Block" QuestId="28830" Type="KillMob" MobId="50258" KillCount="8" />
		<TurnIn QuestName="Chips off the Old Block" QuestId="28830" TurnInName="Jadrag the Slicer" TurnInId="50263" />
		<TurnIn QuestName="Damn You, Frostilicus" QuestId="28831" TurnInName="Jadrag the Slicer" TurnInId="50263" />
		<TurnIn QuestName="Winterwater" QuestId="28840" TurnInName="Haleh" TurnInId="10929" />
		<PickUp QuestName="Umbranse's Deliverance" QuestId="28842" GiverName="Haleh" GiverId="10929" />
			<Objective QuestName="Umbranse's Deliverance" QuestId="28842" Type="KillMob" MobId="50325" KillCount="1" />
			<!--<If Condition="HasQuest(28842) &amp;&amp; IsQuestCompleted(28842)">
				<UseItem ItemId="66061" QuestName="Umbranse's Deliverance" QuestId="28842" X="5918.381" Y="-4094.03" Z="595.3358" />
			</If>-->
		<TurnIn QuestName="Umbranse's Deliverance" QuestId="28842" TurnInName="Haleh" TurnInId="10929" />
		
		
		<SetGrindArea>
			<GrindArea>
				<Name>Grind to Level 55</Name>
				<Factions>834 778 16 14 </Factions>
				<TargetMinLevel>48</TargetMinLevel>
				<TargetMaxLevel>56</TargetMaxLevel>
				<Hotspots>
					<!-- Frostwhisper Gorge -->
					<Hotspot X="5254.014" Y="-4826.62" Z="691.2498" />
					<!-- Owl Wing Thicket -->
					<Hotspot X="5503.416" Y="-4951.436" Z="850.1306" />
					<Hotspot X="5659.965" Y="-5011.464" Z="807.1578" />
					<Hotspot X="5730.311" Y="-4984.405" Z="810.0919" />
					<Hotspot X="5719.664" Y="-4504.298" Z="760.8183" />
					<!-- Mazthoril -->
					<Hotspot X="6158.438" Y="-4266.287" Z="655.919" />
					<Hotspot X="6194.264" Y="-4252.126" Z="655.7971" />
					<Hotspot X="6149.545" Y="-4233.362" Z="653.1172" />
					<Hotspot X="6176.431" Y="-4179.956" Z="641.9026" />
					<Hotspot X="6155.068" Y="-4167.884" Z="641.8713" />
					<Hotspot X="6102.144" Y="-4201.714" Z="633.6878" />
					<Hotspot X="6046.144" Y="-4205.771" Z="629.8482" />
					<Hotspot X="5968.667" Y="-4197.016" Z="615.5184" />
					<Hotspot X="5926.969" Y="-4188.158" Z="608.4282" />
					<Hotspot X="5957.863" Y="-4139.5" Z="607.0612" />
					<!-- Ice Thistle Hills -->
					<Hotspot X="6611.973" Y="-5297.552" Z="754.2185" />
					<Hotspot X="6538.61" Y="-5276.474" Z="752.9988" />
					<Hotspot X="6730.106" Y="-5291.332" Z="746.0136" />
				</Hotspots>
			</GrindArea>
		</SetGrindArea>
		<GrindTo Level="55"/>
		<CustomBehavior File="LoadProfile" ProfileName="..\1-68 Horde Questing" />
		<!--END WINTERSPRING QUESTING-->	
	</QuestOrder>
	
	<!--Winterspring Overrides-->
	<Quest Id="28830" Name="Chips off the Old Block">
		<Objective Type="KillMob" MobId="50258" KillCount="8">
			<Hotspots>
				<Hotspot X="5615.891" Y="-4573.035" Z="770.0148" />
				<Hotspot X="5583.539" Y="-4695.616" Z="782.8093" />
				<Hotspot X="5588.306" Y="-4767.354" Z="778.7723" />
				<Hotspot X="5453.455" Y="-4759.674" Z="790.9556" />
				<Hotspot X="5392.419" Y="-4753.849" Z="806.8765" />			
			</Hotspots>
		</Objective>
	</Quest>
	<Quest Id="28637" Name="A Taste for Bear">
		<Objective Type="KillMob" MobId="7444" KillCount="15">
			<Hotspots>
			<Hotspot X="7432.213" Y="-4155.853" Z="688.2493" />
				<Hotspot X="7490.828" Y="-4154.081" Z="683.0724" />
				<Hotspot X="7545.991" Y="-4141.803" Z="681.4522" />
				<Hotspot X="7626.632" Y="-4225.2" Z="664.8557" />
				<Hotspot X="7615.706" Y="-4302.734" Z="638.8397" />
				<Hotspot X="7534.961" Y="-4336.556" Z="628.3516" />
				<Hotspot X="7533.675" Y="-4390.188" Z="613.1986" />
				<Hotspot X="7566.631" Y="-4451.29" Z="605.4542" />
				<Hotspot X="7581.422" Y="-4519.894" Z="615.0872" />
			</Hotspots>
		</Objective>
	</Quest>
	<Quest Id="28632" Name="Fresh From The Hills">
		<Objective Type="CollectItem" ItemId="64662" CollectCount="7">
			<CollectFrom>
				<Mob Name="Solid Ice" Entry="49233" />
			</CollectFrom>
			<Hotspots>
				<Hotspot X="6738.874" Y="-5273.121" Z="746.0126" />
				<Hotspot X="6558.485" Y="-5275.514" Z="751.5494" />
			</Hotspots>
		</Objective>
	</Quest>
	
	<!--Kalimdor Main Overrides-->
	<Quest Id="872" Name="The Far Watch Offensive">
		<Objective Type="CollectItem" ItemId="5063" CollectCount="1">
			<CollectFrom>
				<Mob Name="Kreenig Snarlsnout" Id="3438"/>
			</CollectFrom>
			<Hotspots>
				<Hotspot X="-268.8742" Y="-3490.385" Z="57.32143"/>
			</Hotspots>
		</Objective>
	</Quest>
	<Quest Name="A Captain's Vengeance" Id="891">
		<Objective Type="CollectItem" ItemId="5078" CollectCount="10">
			<CollectFrom>
				<Mob Name="Thermadore Commando" Id="5629"/>
				<Mob Name="Thermadore Deck Hand" Id="34707"/>
				<Mob Name="Thermadore Marine" Id="3385"/>
				<Mob Name="Thermadore Preserver" Id="3386"/>
				<Mob Name="Thermadore Sharpshooter" Id="34706"/>
				<Mob Name="Cannoneer Smythe" Id="3454"/>
				<Mob Name="Cannoneer Whessan" Id="3455"/>
				<Mob Name="Captain Fairmount" Id="3393"/>
			</CollectFrom>
			<Hotspots>
				<Hotspot X="-1361.057" Y="-3749.634" Z="61.10983"/>
				<Hotspot X="-1314.429" Y="-3805.902" Z="19.05502"/>
				<Hotspot X="-1328.891" Y="-3871.522" Z="13.54283"/>
				<Hotspot X="-1375.611" Y="-3887.456" Z="13.84915"/>
				<Hotspot X="-1422.127" Y="-3859.354" Z="17.1045"/>
				<Hotspot X="-1483.88" Y="-3867.17" Z="16.27431"/>
				<Hotspot X="-1521.829" Y="-3820.889" Z="21.54692"/>
				<Hotspot X="-1596.508" Y="-3835.284" Z="14.86548"/>
				<Hotspot X="-1607.741" Y="-3890.721" Z="14.42522"/>
				<Hotspot X="-1679.051" Y="-3869.036" Z="9.374258"/>
			</Hotspots>
		</Objective>
		<Objective Type="KillMob" MobId="34753" KillCount="1">
			<Hotspots>
				<Hotspot X="-1510.363" Y="-3901.512" Z="11.7735"/>
				<Hotspot X="-1466.731" Y="-3862.552" Z="16.90162"/>
				<Hotspot X="-1431.631" Y="-3866.316" Z="15.60617"/>
			</Hotspots>
		</Objective>
		<Objective Type="KillMob" MobId="34752" KillCount="1">
			<Hotspots>
				<Hotspot X="-1430.961" Y="-3848.66" Z="19.37271"/>
			</Hotspots>
		</Objective>
	</Quest>
	<Quest Id="845" Name="The Zhevra">
		<Objective Type="CollectItem" ItemId="5086" CollectCount="5">
			<Hotspots>
				<Hotspot X="-216.2053" Y="-2358.375" Z="91.67134"/>
				<Hotspot X="-168.9198" Y="-2286.34" Z="92.79396"/>
				<Hotspot X="-117.1465" Y="-2298.519" Z="91.67142"/>
				<Hotspot X="-76.15858" Y="-2300.117" Z="91.66684"/>
				<Hotspot X="-19.05883" Y="-2304.193" Z="93.03592"/>
				<Hotspot X="17.95988" Y="-2333.332" Z="91.66984"/>
				<Hotspot X="32.08635" Y="-2380.556" Z="92.53078"/>
				<Hotspot X="69.45885" Y="-2332.996" Z="99.00541"/>
				<Hotspot X="45.36837" Y="-2492.861" Z="92.94881"/>
				<Hotspot X="79.78677" Y="-2603.23" Z="92.54321"/>
				<Hotspot X="-141.2612" Y="-2638.265" Z="91.86013"/>
				<Hotspot X="-179.0856" Y="-2635.78" Z="93.2208"/>
				<Hotspot X="-223.9796" Y="-2560.271" Z="91.68735"/>
			</Hotspots>
		</Objective>
	</Quest>
	<Quest Id="903" Name="Hunting the Huntress">
		<Objective Type="CollectItem" ItemId="5096" CollectCount="5">
			<Hotspots>
				<Hotspot X="-216.2053" Y="-2358.375" Z="91.67134"/>
				<Hotspot X="-168.9198" Y="-2286.34" Z="92.79396"/>
				<Hotspot X="-117.1465" Y="-2298.519" Z="91.67142"/>
				<Hotspot X="-76.15858" Y="-2300.117" Z="91.66684"/>
				<Hotspot X="-19.05883" Y="-2304.193" Z="93.03592"/>
				<Hotspot X="17.95988" Y="-2333.332" Z="91.66984"/>
				<Hotspot X="32.08635" Y="-2380.556" Z="92.53078"/>
				<Hotspot X="69.45885" Y="-2332.996" Z="99.00541"/>
				<Hotspot X="45.36837" Y="-2492.861" Z="92.94881"/>
				<Hotspot X="79.78677" Y="-2603.23" Z="92.54321"/>
				<Hotspot X="-141.2612" Y="-2638.265" Z="91.86013"/>
				<Hotspot X="-179.0856" Y="-2635.78" Z="93.2208"/>
				<Hotspot X="-223.9796" Y="-2560.271" Z="91.68735"/>
			</Hotspots>
		</Objective>
	</Quest>
	<Quest Id="14067" Name="The Stolen Silver">
		<Objective Type="KillMob" MobId="44164" KillCount="8">
			<Hotspots>
				<Hotspot X="-349.4175" Y="-3442.317" Z="91.66958"/>
				<Hotspot X="-374.3667" Y="-3382.946" Z="91.66688"/>
				<Hotspot X="-449.3052" Y="-3359.967" Z="93.16045"/>
			</Hotspots>
		</Objective>
	</Quest>
	<Quest Id="865" Name="It's Gotta Be The Horn">
		<Objective Type="CollectItem" ItemId="46850" CollectCount="1">
			<CollectFrom>
				<Mob Name="King Reaperclaw" Id="34829"/>
			</CollectFrom>
			<Hotspots>
				<Hotspot X="-368.1221" Y="-3509.615" Z="92.43555"/>
				<Hotspot X="-391.4658" Y="-3541.734" Z="93.74399"/>
				<Hotspot X="-426.7803" Y="-3548.255" Z="93.59591"/>
				<Hotspot X="-471.8502" Y="-3553.174" Z="91.67681"/>
				<Hotspot X="-521.7884" Y="-3576.504" Z="92.27592"/>
				<Hotspot X="-586.4286" Y="-3545.87" Z="91.786"/>
			</Hotspots>
		</Objective>
	</Quest>
	<Quest Id="5041" Name="Supplies for the Crossroads">
		<Objective Type="CollectItem" ItemId="12708" CollectCount="5">
			<Hotspots>
				<Hotspot X="-283.7471" Y="-3553.791" Z="28.96637"/>
				<Hotspot X="-296.588" Y="-3468.828" Z="40.70368"/>
				<Hotspot X="-356.7888" Y="-3423.062" Z="40.27921"/>
				<Hotspot X="-252.356" Y="-3546.808" Z="57.71223"/>
				<Hotspot X="-293.9998" Y="-3493.858" Z="56.53328"/>
			</Hotspots>
		</Objective>
	</Quest>
	<Quest Id="871" Name="In Defense of Far Watch">
		<Objective Type="KillMob" MobId="3267" KillCount="8">
			<Hotspots>
				<Hotspot X="-67.19213" Y="-3639.297" Z="29.89417"/>
				<Hotspot X="-165.6999" Y="-3654.746" Z="27.38053"/>
				<Hotspot X="-216.3448" Y="-3694.208" Z="29.47747"/>
				<Hotspot X="-247.895" Y="-3675.695" Z="27.66414"/>
				<Hotspot X="-306.4881" Y="-3722.264" Z="29.59148"/>
			</Hotspots>
		</Objective>
		<Objective Type="KillMob" MobId="3265" KillCount="3">
			<Hotspots>
				<Hotspot X="-67.19213" Y="-3639.297" Z="29.89417"/>
				<Hotspot X="-165.6999" Y="-3654.746" Z="27.38053"/>
				<Hotspot X="-216.3448" Y="-3694.208" Z="29.47747"/>
				<Hotspot X="-247.895" Y="-3675.695" Z="27.66414"/>
				<Hotspot X="-306.4881" Y="-3722.264" Z="29.59148"/>
			</Hotspots>
		</Objective>
	</Quest>
	<Quest Id="844" Name="Plainstrider Menace">
		<Objective Type="CollectItem" ItemId="5087" CollectCount="7">
			<CollectFrom>
				<Mob Name="Greater Plainstrider" Id="3244"/>
			</CollectFrom>
			<Hotspots>
				<Hotspot X="360.0796" Y="-3595.002" Z="31.33324"/>
				<Hotspot X="451.3615" Y="-3664.411" Z="28.73563"/>
				<Hotspot X="541.1845" Y="-3710.007" Z="27.17048"/>
			</Hotspots>
		</Objective>
	</Quest>	
</HBProfile>