<HBProfile>
	<Name>Horde 1-68 Questing</Name>
	<MinDurability>0.4</MinDurability>
	<MinFreeBagSlots>3</MinFreeBagSlots>
	<MinLevel>1</MinLevel>
	<MaxLevel>86</MaxLevel>
	<MailGrey>False</MailGrey>
	<MailWhite>False</MailWhite>
	<MailGreen>True</MailGreen>
	<SellGrey>True</SellGrey>
	<SellWhite>True</SellWhite>
	<SellGreen>True</SellGreen>
	<SellBlue>False</SellBlue>
	<SellPurple>False</SellPurple>
	
	<AvoidMobs>
	<!--Orc Questgiver Bot Wants Dead-->
		<Mob Name="Rezlak" Entry="3293"/><!--Orc Training Dummy-->
	</AvoidMobs>
	
	<Mailboxes>
	<!--Sen'jin Village Mailbox-->
		<Mailbox X="-816.5651" Y="-4926.866" Z="19.88713"/>
	<!--Razor Hill Mailbox-->
		<Mailbox X="321.0783" Y="-4708.963" Z="14.15302"/>
	</Mailboxes>
	
	<Blackspots>
		<!--Valley of Trials Middle Fire-->
		<Blackspot X="-602.3636" Y="-4250.66" Z="38.95682" Radius="3.759537"/>
		<!--Durotar Blackspots-->
		<Blackspot X="373.5913" Y="-4712.287" Z="16.10571" Radius="10.30227" />

		<!--Sen'jin Village Fence-->
		<Blackspot X="-768.1917" Y="-4881.526" Z="20.29184" Radius="7.254548"/>
		<Blackspot X="-767.4973" Y="-4880.469" Z="20.56847" Radius="4.278707"/>
		
		<!--Troll Starting Area-->
		<Blackspot X="-1135.981" Y="-5414.498" Z="13.00538" Radius="2.300135" />
		<Blackspot X="-1150.384" Y="-5519.188" Z="11.58836" Radius="2.494276" />
		<Blackspot X="-1168.537" Y="-5269.622" Z="0.8604383" Radius="3.024951" />		
		<!--Harpy Nest-->
		<Blackspot X="-2639.21" Y="-1405.313" Z="32.07373" Radius="3.31264"/>
		<!--Cold Hearth Manor Sign-->
		<Blackspot X="2188.518" Y="661.0852" Z="33.29134" Radius="4.017753"/>	
	</Blackspots>

	<Vendors>
	<!--Valley of Trials Vendors-->
		<Vendor Name="Zlagk" Entry="3882" Type="Food" X="-560.1253" Y="-4217.204" Z="41.59082"/>
   		<Vendor Name="Huklah" Entry="3160" Type="Repair" X="-590.3455" Y="-4227.319" Z="38.3847"/>
	<!--Valley of Trials Trainers-->
		<Vendor Name="Acrypha" Entry="39206" Type="Train" TrainClass="Mage" X="-625.296" Y="-4210.167" Z="38.13415"/>
		<Vendor Name="Shikrik" Entry="3157" Type="Train" TrainClass="Shaman" X="-623.9393" Y="-4203.878" Z="38.13462"/>
		<Vendor Name="Rwag" Entry="3155" Type="Train" TrainClass="Rogue" X="-617.059" Y="-4202.635" Z="38.13412"/>
		<Vendor Name="Karranisha" Entry="39214" Type="Train" TrainClass="Hunter" X="-635.4618" Y="-4227.521" Z="38.13442"/>
		<Vendor Name="Frang" Entry="3153" Type="Train" TrainClass="Warrior" X="-640.1024" Y="-4229.821" Z="38.13398"/>
		<Vendor Name="Nartok" Entry="3156" Type="Train" TrainClass="Warlock" X="-590.8021" Y="-4203.484" Z="38.42764"/>
	<!--Sen'jin Village Vendors-->
		<Vendor Name="Hai'zan" Entry="3933" Type="Food" X="-787.1215" Y="-4905.569" Z="19.62928"/>
		<Vendor Name="Trayexir" Entry="10369" Type="Repair" X="-769.1502" Y="-4948.526" Z="22.84936"/>
	<!--Sen'jin Village Trainers-->
		<Vendor Name="Bomsanchu" Entry="50002" Type="Train" TrainClass="Mage" X="-789.2239" Y="-4943.434" Z="38.28099"/>
		<Vendor Name="Cona" Entry="50011" Type="Train" TrainClass="Shaman" X="-841.7292" Y="-4937.272" Z="20.98561"/>
		<Vendor Name="Munalti" Entry="50015" Type="Train" TrainClass="Rogue" X="-778.5746" Y="-4926.359" Z="22.90205"/>
		<Vendor Name="Jamai" Entry="50004" Type="Train" TrainClass="Hunter" X="-790.0643" Y="-4908.497" Z="19.60824"/>
		<Vendor Name="Yeniss" Entry="50006" Type="Train" TrainClass="Warrior" X="-773.3785" Y="-4947.198" Z="22.881"/>
		<Vendor Name="Gusini" Entry="49998" Type="Train" TrainClass="Warlock" X="-785.9184" Y="-4939.8" Z="38.28124"/>
		<Vendor Name="Parata" Entry="50001" Type="Train" TrainClass="Priest" X="-784.3837" Y="-4944.821" Z="38.28099"/>
		<Vendor Name="Den'chulu" Entry="49997" Type="Train" TrainClass="Druid" X="-844.0104" Y="-4932.819" Z="20.98573"/>

	<!--Razor Hill Vendors-->
		<Vendor Name="Innkeeper Grosk" Entry="6928" Type="Food" X="340.3629" Y="-4686.287" Z="16.48928"/>
		<Vendor Name="Ghrawt" Entry="3165" Type="Repair" X="362.1046" Y="-4763.842" Z="12.46936"/>
	<!--Razor Hill Trainers-->
		<Vendor Name="Un'Thuwa" Entry="5880" Type="Train" TrainClass="Mage" X="334.717" Y="-4767.622" Z="12.63494"/>
		<Vendor Name="Swart" Entry="3173" Type="Train" TrainClass="Shaman" X="307.1142" Y="-4839.906" Z="10.52414"/>
		<Vendor Name="Kaplak" Entry="3170" Type="Train" TrainClass="Rogue" X="268.1285" Y="-4710.936" Z="17.76733"/>
		<Vendor Name="Thotar" Entry="3171" Type="Train" TrainClass="Hunter" X="275.3385" Y="-4703.997" Z="11.90343"/>
		<Vendor Name="Tarshaw Jaggedscar" Entry="3169" Type="Train" TrainClass="Warrior" X="311.3524" Y="-4827.792" Z="9.580641"/>
		<Vendor Name="Dhugru Gorelust" Entry="3172" Type="Train" TrainClass="Warlock" X="356.192" Y="-4837.954" Z="11.08876"/>
		<Vendor Name="Tai'jin" Entry="3706" Type="Train" TrainClass="Priest" X="294.8838" Y="-4831.495" Z="10.52398"/>		
	</Vendors>

	<!-- Quest Overrides -->
	<Quest Id="835" Name="Securing the Lines">
		<Objective Type="KillMob" MobId="41007" KillCount="12">
			<Hotspots>
				<Hotspot X="937.4349" Y="-4604.769" Z="18.74153" />
				<Hotspot X="848.7505" Y="-4675.528" Z="11.38481" />
				<Hotspot X="892.0631" Y="-4815.617" Z="16.7729" />
				<Hotspot X="1025.933" Y="-4808.149" Z="13.42153" />
				<Hotspot X="1105.975" Y="-4680.975" Z="18.26805" />
			</Hotspots>
		</Objective>
	</Quest>
	<Quest Id="25232" Name="The Burning Blade">
		<Objective Type="CollectItem" ItemId="52564" CollectCount="6">
			<CollectFrom>
				<Mob Name="Burning Blade Neophyte" Id="3196"/>
				<Mob Name="Burning Blade Cultist" Id="3199"/>
				<Mob Name="Burning Blade Thug" Id="3195"/>
			</CollectFrom>
			<Hotspots>
				<Hotspot X="826.1715" Y="-4752.954" Z="38.05418"/>
				<Hotspot X="868.2561" Y="-4713.745" Z="32.07032"/>
				<Hotspot X="915.6884" Y="-4707.076" Z="23.62165"/>
			</Hotspots>
		</Objective>
	</Quest>
	<Quest Id="25170" Name="Cleaning Up the Coastline">
		<Objective Type="CollectItem" ItemId="4888" CollectCount="5">
			<CollectFrom>
				<Mob Name="Surf Crawler" Id="3106"/>
			</CollectFrom>
			<Hotspots>
				<Hotspot X="-940.4305" Y="-5025.34" Z="0.5951656"/>
				<Hotspot X="-963.2187" Y="-4970.255" Z="3.901804"/>
				<Hotspot X="-983.215" Y="-4921.299" Z="1.55611"/>
				<Hotspot X="-1007.044" Y="-4888.319" Z="1.827502"/>
				<Hotspot X="-1069.113" Y="-4838.082" Z="8.589549"/>
			</Hotspots>
		</Objective>
	</Quest>
	<Quest Id="834" Name="Winds in the Desert">
            <Objective Type="CollectItem" ItemId="4918" CollectCount="5">
                <CollectFrom>
                                <GameObject Name="Stolen Supply Sack" Id="3290"/>
                </CollectFrom>
                    <Hotspots>
                        <Hotspot X="1012.008" Y="-4559.911" Z="19.457" />
                        <Hotspot X="913.9949" Y="-4633.446" Z="18.82271" />
                        <Hotspot X="900.989" Y="-4611.124" Z="18.18709" />
                        <Hotspot X="895.4168" Y="-4649.345" Z="18.66571" />
                        <Hotspot X="830.1208" Y="-4694.129" Z="12.15443" />
                        <Hotspot X="620.2858" Y="-4575.942" Z="8.23819" />
                        <Hotspot X="642.6324" Y="-4496.959" Z="22.16273" />
                        <Hotspot X="597.3112" Y="-4504.441" Z="18.34451" />
                        <Hotspot X="630.8287" Y="-4465.958" Z="21.96316" />
                        <Hotspot X="679.7905" Y="-4508.227" Z="18.92074" />
                    </Hotspots>
                </Objective>
    </Quest>

	
	<QuestOrder>
		<PickUp QuestName="Cleaning Up the Coastline" QuestId="25170" GiverName="Bom'bay" GiverId="10578" X="-843.5414" Y="-4906.612" Z="20.69458"/>
		<Objective QuestName="Cleaning Up the Coastline" QuestId="25170" Type="CollectItem" ItemId="4888" CollectCount="5"/>
		<TurnIn QuestName="Cleaning Up the Coastline" QuestId="25170" TurnInName="Bom'bay" TurnInId="10578"/>
		<SetGrindArea>
			<GrindArea>
				<TargetMinLevel>5</TargetMinLevel>
				<TargetMaxLevel>7</TargetMaxLevel>
				<Factions>1077</Factions>
				<Hotspots>
					<Hotspot X="-980.4424" Y="-4651.561" Z="30.39623"/>
					<Hotspot X="-986.4683" Y="-4611.141" Z="25.5417"/>
					<Hotspot X="-951.3247" Y="-4501.185" Z="27.0303"/>
					<Hotspot X="-1015.385" Y="-4428.291" Z="26.04401"/>
				</Hotspots>
			</GrindArea>
		</SetGrindArea>
		<GrindTo Level="7"/>
		<Checkpoint Level="7"/>
		<PickUp QuestName="Meats to Orgrimmar" QuestId="6365" GiverName="Grimtak" GiverId="3881" X="298.3243" Y="-4648.152" Z="17.66118"/>
		<TurnIn QuestName="Meats to Orgrimmar" QuestId="6365" TurnInName="Burok" TurnInId="41140"/>
		<PickUp QuestName="Ride to Orgrimmar" QuestId="6384" GiverName="Burok" GiverId="41140"/>
		<TurnIn QuestName="Ride to Orgrimmar" QuestId="6384" TurnInName="Innkeeper Gryshka" TurnInId="6929"/>
		<SetGrindArea>
			<GrindArea>
				<TargetMinLevel>6</TargetMinLevel>
				<TargetMaxLevel>8</TargetMaxLevel>
				<Factions>91</Factions>
				<Hotspots>
					<Hotspot X="124.1963" Y="-5040.839" Z="5.173645"/>
					<Hotspot X="34.59002" Y="-5110.573" Z="2.176464"/>
					<Hotspot X="-32.17812" Y="-5072.267" Z="6.148398"/>
				</Hotspots>
			</GrindArea>
		</SetGrindArea>
		<GrindTo Level="8"/>
		<Checkpoint Level="8"/>
		<PickUp QuestName="The Burning Blade" QuestId="25232" GiverName="Orgnil Soulscar" GiverId="3142"/>
		<Objective QuestName="The Burning Blade" QuestId="25232" Type="CollectItem" ItemId="52564" CollectCount="6"/>
		<TurnIn QuestName="The Burning Blade" QuestId="25232" TurnInName="Orgnil Soulscar" TurnInId="3142"/>
		<PickUp QuestName="The Dranosh'ar Blockade" QuestId="25196" GiverName="Orgnil Soulscar" GiverId="3142"/>
		<TurnIn QuestName="The Dranosh'ar Blockade" QuestId="25196" TurnInName="Gor the Enforcer" TurnInId="39379"/>
		<PickUp QuestName="Winds in the Desert" QuestId="834" GiverName="Rezlak" GiverId="3293" X="998.6281" Y="-4417.668" Z="14.01669"/>
		<PickUp QuestName="Securing the Lines" QuestId="835" GiverName="Rezlak" GiverId="3293"/>
		<Objective QuestName="Winds in the Desert" QuestId="834" Type="CollectItem" ItemId="4918" CollectCount="5"/>
		<Objective QuestName="Securing the Lines" QuestId="835" Type="KillMob" MobId="41007" KillCount="12"/>
		<TurnIn QuestName="Securing the Lines" QuestId="835" TurnInName="Rezlak" TurnInId="3293"/>
		<TurnIn QuestName="Winds in the Desert" QuestId="834" TurnInName="Rezlak" TurnInId="3293"/>

		<SetGrindArea>
			<GrindArea>
				<TargetMinLevel>6</TargetMinLevel>
				<TargetMaxLevel>8</TargetMaxLevel>
				<Factions>91</Factions>
				<Hotspots>
					<Hotspot X="124.1963" Y="-5040.839" Z="5.173645"/>
					<Hotspot X="34.59002" Y="-5110.573" Z="2.176464"/>
					<Hotspot X="-32.17812" Y="-5072.267" Z="6.148398"/>
				</Hotspots>
			</GrindArea>
		</SetGrindArea>
		<GrindTo Level="10"/>
		<CustomBehavior File="LoadProfile" ProfileName="..\1-68 Horde Questing" /> 
	</QuestOrder>
	
</HBProfile>
	