<HBProfile>
	<Name>Horde 1-68 Questing</Name>
	<MinDurability>0.4</MinDurability>
	<MinFreeBagSlots>3</MinFreeBagSlots>
	<MinLevel>1</MinLevel>
	<MaxLevel>86</MaxLevel>
	<MailGrey>False</MailGrey>
	<MailWhite>False</MailWhite>
	<MailGreen>True</MailGreen>
	<SellGrey>True</SellGrey>
	<SellWhite>True</SellWhite>
	<SellGreen>True</SellGreen>
	<SellBlue>False</SellBlue>
	<SellPurple>False</SellPurple>
	
	<Mailboxes>
		<!-- Stonard -->
		<Mailbox X="-10461.98" Y="-3265.855" Z="20.1791" />
	</Mailboxes>
	
	<Blackspots>
		<!--Blasted Lands Blackspots-->
		<Blackspot X="-11338.87" Y="-2799.249" Z="9.159802" Radius="14.05008" />	
	</Blackspots>
	
	<Vendors>
		<!--Blasted Lands-->
		<Vendor Name="Quartermaster Dekrok" Entry="44343" Type="Food" X="-11781.4" Y="-3170.5" Z="-28.91287" />
		<Vendor Name="Quartermaster Dekrok" Entry="44343" Type="Repair" X="-11781.4" Y="-3170.5" Z="-28.91287" />
		<Vendor Name="Salaran" Entry="44339" Type="Repair" X="-12334.6" Y="-3036.81" Z="88.2162" />
		<Vendor Name="Janella" Entry="44340" Type="Food" X="-12366.9" Y="-3008.16" Z="90.32679" />	
	</Vendors>
	
	<QuestOrder>
		<!--BEGIN BLASTED LANDS QUESTING-->

		<PickUp QuestName="Protecting Our Rear" QuestId="25694" GiverName="Warlord Dar'toon" GiverId="19254" />
		<Objective QuestName="Protecting Our Rear" QuestId="25694" Type="KillMob" MobId="41164" KillCount="1" />
		<Objective QuestName="Protecting Our Rear" QuestId="25694" Type="KillMob" MobId="41166" KillCount="1" />
		<Objective QuestName="Protecting Our Rear" QuestId="25694" Type="KillMob" MobId="41165" KillCount="1" />
		<TurnIn QuestName="Protecting Our Rear" QuestId="25694" TurnInName="Warlord Dar'toon" TurnInId="19254" />
		<PickUp QuestName="Watching Our Back" QuestId="25695" GiverName="Warlord Dar'toon" GiverId="19254" />
		<Objective QuestName="Watching Our Back" QuestId="25695" Type="UseObject" ObjectId="203226" UseCount="1" />
		<TurnIn QuestName="Watching Our Back" QuestId="25695" TurnInName="Warlord Dar'toon" TurnInId="19254" />
		<PickUp QuestName="The Sunveil Excursion" QuestId="25696" GiverName="Warlord Dar'toon" GiverId="19254" />
		<TurnIn QuestName="The Sunveil Excursion" QuestId="25696" TurnInName="Rohan Sunveil" TurnInId="42344" />
		<PickUp QuestName="Futile Pride" QuestId="25674" GiverName="Okrilla" GiverId="41124" />
		<Objective QuestName="Futile Pride" QuestId="25674" Type="KillMob" MobId="41136" KillCount="1" />
		<TurnIn QuestName="Futile Pride" QuestId="25674" TurnInName="Okrilla" TurnInId="41124" />
		<PickUp QuestName="Heartstrike" QuestId="25676" GiverName="Okrilla" GiverId="41124" />
		<TurnIn QuestName="Heartstrike" QuestId="25676" TurnInName="Rofilian Dane" TurnInId="41133" />
		<PickUp QuestName="It's All Mine" QuestId="25677" GiverName="Rofilian Dane" GiverId="41133" />
		<Objective QuestName="It's All Mine" QuestId="25677" Type="UseObject" ObjectId="203183" UseCount="6" />
		<TurnIn QuestName="It's All Mine" QuestId="25677" TurnInName="Rofilian Dane" TurnInId="41133" />
		<PickUp QuestName="Pick Your Fate" QuestId="25678" GiverName="Rofilian Dane" GiverId="41133" />
		<Objective QuestName="Pick Your Fate" QuestId="25678" Type="KillMob" MobId="5996" KillCount="8" />
		<Objective QuestName="Pick Your Fate" QuestId="25678" Type="KillMob" MobId="5997" KillCount="3" />
		<Objective QuestName="Pick Your Fate" QuestId="25678" Type="KillMob" MobId="5998" KillCount="3" />
		<TurnIn QuestName="Pick Your Fate" QuestId="25678" TurnInName="Rofilian Dane" TurnInId="41133" />
		<PickUp QuestName="Into the Mountain" QuestId="25679" GiverName="Rofilian Dane" GiverId="41133" />
		<TurnIn QuestName="Into the Mountain" QuestId="25679" TurnInName="Tak'arili" TurnInId="41134" />
		<PickUp QuestName="That's Not Us" QuestId="25680" GiverName="Tak'arili" GiverId="41134" />
		<Objective QuestName="That's Not Us" QuestId="25680" Type="KillMob" MobId="41163" KillCount="1" />
		<TurnIn QuestName="That's Not Us" QuestId="25680" TurnInName="Tak'arili" TurnInId="41134" />
		<PickUp QuestName="Some People Just Need Killing" QuestId="25681" GiverName="Tak'arili" GiverId="41134" />
		<Objective QuestName="Some People Just Need Killing" QuestId="25681" Type="KillMob" MobId="41173" KillCount="1" />
		<TurnIn QuestName="Some People Just Need Killing" QuestId="25681" TurnInName="Tak'arili" TurnInId="41134" />
		<PickUp QuestName="Mission Complete" QuestId="25682" GiverName="Tak'arili" GiverId="41134" />
		<TurnIn QuestName="Mission Complete" QuestId="25682" TurnInName="Okrilla" TurnInId="41124" />
		<PickUp QuestName="The Dreadmaul Furnace" QuestId="25683" GiverName="Okrilla" GiverId="41124" />
		<TurnIn QuestName="The Dreadmaul Furnace" QuestId="25683" TurnInName="Bloodmage Lynnore" TurnInId="7506" />
		<PickUp QuestName="Attune the Bloodstone" QuestId="25684" GiverName="Bloodmage Lynnore" GiverId="7506" />
		<Objective QuestName="Attune the Bloodstone" QuestId="25684" Type="UseObject" ObjectId="203181" UseCount="1" />
		<Objective QuestName="Attune the Bloodstone" QuestId="25684" Type="UseObject" ObjectId="203180" UseCount="1" />
		<TurnIn QuestName="Attune the Bloodstone" QuestId="25684" TurnInName="Bloodmage Lynnore" TurnInId="7506" />

		<PickUp QuestName="The First Step" QuestId="25685" GiverName="Bloodmage Lynnore" GiverId="7506" />
		<PickUp QuestName="A Bloodmage's Gotta Eat Too" QuestId="25690" GiverName="Bloodmage Drazial" GiverId="7505" />
		<Objective QuestName="A Bloodmage's Gotta Eat Too" QuestId="25690" Type="CollectItem" ItemId="55828" CollectCount="5" />
		<Objective QuestName="The First Step" QuestId="25685" Type="CollectItem" ItemId="55826" CollectCount="9" />
		<Objective QuestName="The First Step" QuestId="25685" Type="CollectItem" ItemId="55827" CollectCount="9" />
		<TurnIn QuestName="A Bloodmage's Gotta Eat Too" QuestId="25690" TurnInName="Bloodmage Drazial" TurnInId="7505" />
		<TurnIn QuestName="The First Step" QuestId="25685" TurnInName="Bloodmage Lynnore" TurnInId="7506" />
		<PickUp QuestName="Blood Ritual" QuestId="25686" GiverName="Bloodmage Lynnore" GiverId="7506" />
		<If Condition="HasQuest(25686)">
			<CustomBehavior File="BasicInteractWith"  MoveTo="1" NpcID="7506" />
			<CustomBehavior File="RunMacro" Macro="/script SelectGossipOption(1)" NumOfTimes="1" WaitTime="10000"/>
		</If>
		<TurnIn QuestName="Blood Ritual" QuestId="25686" TurnInName="Bloodmage Lynnore" TurnInId="7506" />

		<PickUp QuestName="Ogre Combat" QuestId="25675" GiverName="Master Aitokk" GiverId="41125" />
		<Objective QuestName="Ogre Combat" QuestId="25675" Type="KillMob" MobId="5977" KillCount="6" />
		<Objective QuestName="Ogre Combat" QuestId="25675" Type="KillMob" MobId="5978" KillCount="5" />
		<TurnIn QuestName="Ogre Combat" QuestId="25675" TurnInName="Master Aitokk" TurnInId="41125" />
		<PickUp QuestName="Home... Gone... Naga..." QuestId="25702" GiverName="Salt-Flop" GiverId="41265" X="-11741.48" Y="-3873.863" Z="57.31792" />
		<TurnIn QuestName="Home... Gone... Naga..." QuestId="25702" TurnInName="Neptool" TurnInId="41354" />
		<PickUp QuestName="Atrocities" QuestId="25703" GiverName="Neptool" GiverId="41354" />
		<Objective QuestName="Atrocities" QuestId="25703" Type="KillMob" MobId="41386" KillCount="10" />
		<Objective QuestName="Atrocities" QuestId="25703" Type="KillMob" MobId="41387" KillCount="10" />
		<TurnIn QuestName="Atrocities" QuestId="25703" TurnInName="Neptool" TurnInId="41354" />
		<PickUp QuestName="False Idols" QuestId="25705" GiverName="Neptool" GiverId="41354" />
		<PickUp QuestName="Neptool's Revenge" QuestId="25706" GiverName="Neptool" GiverId="41354" />
		<Objective QuestName="False Idols" QuestId="25705" Type="UseObject" ObjectId="203289" UseCount="8" />
		<Objective QuestName="Neptool's Revenge" QuestId="25706" Type="KillMob" MobId="41422" KillCount="8" />
		<Objective QuestName="Neptool's Revenge" QuestId="25706" Type="KillMob" MobId="41423" KillCount="8" />
		<Objective QuestName="Neptool's Revenge" QuestId="25706" Type="KillMob" MobId="41404" KillCount="4" />
		<Objective QuestName="Neptool's Revenge" QuestId="25706" Type="KillMob" MobId="41405" KillCount="4" />
		<TurnIn QuestName="Neptool's Revenge" QuestId="25706" TurnInName="Neptool" TurnInId="41354" />
		<TurnIn QuestName="False Idols" QuestId="25705" TurnInName="Neptool" TurnInId="41354" />
		<SetGrindArea>
			<GrindArea>
				<Name>Grind to Level 57</Name>
				<Factions>90 954 49 189 38</Factions>
				<TargetMinLevel>52</TargetMinLevel>
				<TargetMaxLevel>57</TargetMaxLevel>
				<Hotspots>
					<Hotspot X="-11679.47" Y="-3240.334" Z="14.43274" />
					<Hotspot X="-11661.4" Y="-3282.436" Z="21.96123" />
					<Hotspot X="-11673.14" Y="-3344.655" Z="14.36171" />
					<Hotspot X="-11642.94" Y="-3363.378" Z="8.520746" />
					<Hotspot X="-11575.1" Y="-3375.574" Z="8.673609" />
					<Hotspot X="-11509.89" Y="-3356.05" Z="9.266379" />
					<Hotspot X="-11474.74" Y="-3300.114" Z="9.979373" />
					<Hotspot X="-11489.39" Y="-2999.58" Z="10.21174" />
				</Hotspots>
			</GrindArea>
		</SetGrindArea>
		<GrindTo Level="57"/>
		<Checkpoint Level="57"/>
		<PickUp QuestName="The Demons and the Druid" QuestId="25717" GiverName="Rohan Sunveil" GiverId="42344" />
		<Objective QuestName="The Demons and the Druid" QuestId="25717" Type="KillMob" MobId="41470" KillCount="5" />
		<Objective QuestName="The Demons and the Druid" QuestId="25717" Type="KillMob" MobId="41471" KillCount="5" />
		<Objective QuestName="The Demons and the Druid" QuestId="25717" Type="KillMob" MobId="45119" KillCount="5" />
		<Objective QuestName="The Demons and the Druid" QuestId="25717" Type="KillMob" MobId="45125" KillCount="3" />
		<TurnIn QuestName="The Demons and the Druid" QuestId="25717" TurnInName="Rohan Sunveil" TurnInId="42344" />
		<PickUp QuestName="How Best to Proceed" QuestId="25718" GiverName="Rohan Sunveil" GiverId="42344" />
		<TurnIn QuestName="How Best to Proceed" QuestId="25718" TurnInName="Elijah Dawnflight" TurnInId="42348" />
		
		<PickUp QuestName="Demoniac Vessel" QuestId="25719" GiverName="Elijah Dawnflight" GiverId="42348" />
		<Objective QuestName="Demoniac Vessel" QuestId="25719" Type="CollectItem" ItemId="57177" CollectCount="4" />
		<Objective QuestName="Demoniac Vessel" QuestId="25719" Type="CollectItem" ItemId="57178" CollectCount="20" />
		<Objective QuestName="Demoniac Vessel" QuestId="25719" Type="CollectItem" ItemId="57179" CollectCount="2" />
     
		<If Condition="(HasQuest(25719)) &amp;&amp; (!IsQuestCompleted(25719))"> 
			<Objective QuestName="Demoniac Vessel" QuestId="25719" Type="CollectItem" ItemId="57179" CollectCount="2" /> 
			<Objective QuestName="Demoniac Vessel" QuestId="25719" Type="CollectItem" ItemId="57177" CollectCount="4" /> 
			<Objective QuestName="Demoniac Vessel" QuestId="25719" Type="CollectItem" ItemId="57178" CollectCount="20" /> 
		 
		 
			<UseItem ItemId="57177" QuestName="Demoniac Vessel" QuestId="25719" X="-12328.6" Y="-3015.38" Z="88.21774" /> 
			 <CustomBehavior File="WaitTimer" WaitTime="2000"/>
			<UseItem ItemId="57178" QuestName="Demoniac Vessel" QuestId="25719" X="-12328.6" Y="-3015.38" Z="88.21774" />
			<CustomBehavior File="WaitTimer" WaitTime="2000"/>		
			<UseItem ItemId="57178" QuestName="Demoniac Vessel" QuestId="25719" X="-12328.6" Y="-3015.38" Z="88.21774" /> 
			<CustomBehavior File="WaitTimer" WaitTime="2000"/>
			<UseItem ItemId="57178" QuestName="Demoniac Vessel" QuestId="25719" X="-12328.6" Y="-3015.38" Z="88.21774" />
			<CustomBehavior File="WaitTimer" WaitTime="2000"/>		
			<UseItem ItemId="57178" QuestName="Demoniac Vessel" QuestId="25719" X="-12328.6" Y="-3015.38" Z="88.21774" />
			<CustomBehavior File="WaitTimer" WaitTime="2000"/>		
			<UseItem ItemId="57178" QuestName="Demoniac Vessel" QuestId="25719" X="-12328.6" Y="-3015.38" Z="88.21774" /> 
			<CustomBehavior File="WaitTimer" WaitTime="2000"/>
			<UseItem ItemId="57178" QuestName="Demoniac Vessel" QuestId="25719" X="-12328.6" Y="-3015.38" Z="88.21774" /> 
			<CustomBehavior File="WaitTimer" WaitTime="2000"/>
			<UseItem ItemId="57178" QuestName="Demoniac Vessel" QuestId="25719" X="-12328.6" Y="-3015.38" Z="88.21774" /> 
			<CustomBehavior File="WaitTimer" WaitTime="2000"/>
			<UseItem ItemId="57178" QuestName="Demoniac Vessel" QuestId="25719" X="-12328.6" Y="-3015.38" Z="88.21774" /> 
			<CustomBehavior File="WaitTimer" WaitTime="2000"/>
			<UseItem ItemId="57178" QuestName="Demoniac Vessel" QuestId="25719" X="-12328.6" Y="-3015.38" Z="88.21774" /> 
			<CustomBehavior File="WaitTimer" WaitTime="2000"/>
			<UseItem ItemId="57178" QuestName="Demoniac Vessel" QuestId="25719" X="-12328.6" Y="-3015.38" Z="88.21774" /> 
			<CustomBehavior File="WaitTimer" WaitTime="2000"/>
			<UseItem ItemId="57178" QuestName="Demoniac Vessel" QuestId="25719" X="-12328.6" Y="-3015.38" Z="88.21774" /> 
			<CustomBehavior File="WaitTimer" WaitTime="2000"/>
			<UseItem ItemId="57178" QuestName="Demoniac Vessel" QuestId="25719" X="-12328.6" Y="-3015.38" Z="88.21774" /> 
			<CustomBehavior File="WaitTimer" WaitTime="2000"/>
			<UseItem ItemId="57178" QuestName="Demoniac Vessel" QuestId="25719" X="-12328.6" Y="-3015.38" Z="88.21774" /> 
			<CustomBehavior File="WaitTimer" WaitTime="2000"/>
			<UseItem ItemId="57178" QuestName="Demoniac Vessel" QuestId="25719" X="-12328.6" Y="-3015.38" Z="88.21774" /> 
			<CustomBehavior File="WaitTimer" WaitTime="2000"/>
			<UseItem ItemId="57178" QuestName="Demoniac Vessel" QuestId="25719" X="-12328.6" Y="-3015.38" Z="88.21774" /> 
			<CustomBehavior File="WaitTimer" WaitTime="2000"/>
			<UseItem ItemId="57178" QuestName="Demoniac Vessel" QuestId="25719" X="-12328.6" Y="-3015.38" Z="88.21774" /> 
			<CustomBehavior File="WaitTimer" WaitTime="2000"/>
			<UseItem ItemId="57178" QuestName="Demoniac Vessel" QuestId="25719" X="-12328.6" Y="-3015.38" Z="88.21774" /> 
			<CustomBehavior File="WaitTimer" WaitTime="2000"/>
			<UseItem ItemId="57178" QuestName="Demoniac Vessel" QuestId="25719" X="-12328.6" Y="-3015.38" Z="88.21774" /> 
			<CustomBehavior File="WaitTimer" WaitTime="2000"/>
			<UseItem ItemId="57178" QuestName="Demoniac Vessel" QuestId="25719" X="-12328.6" Y="-3015.38" Z="88.21774" /> 
			<CustomBehavior File="WaitTimer" WaitTime="2000"/>
			<UseItem ItemId="57178" QuestName="Demoniac Vessel" QuestId="25719" X="-12328.6" Y="-3015.38" Z="88.21774" /> 
			<CustomBehavior File="WaitTimer" WaitTime="2000"/>
			 
			<UseItem ItemId="57179" QuestName="Demoniac Vessel" QuestId="25719" X="-12328.6" Y="-3015.38" Z="88.21774" /> 
			<CustomBehavior File="WaitTimer" WaitTime="2000"/>
			<UseItem ItemId="57179" QuestName="Demoniac Vessel" QuestId="25719" X="-12328.6" Y="-3015.38" Z="88.21774" /> 
			<CustomBehavior File="WaitTimer" WaitTime="2000"/>
			 
			<UseItem ItemId="57182" QuestName="Demoniac Vessel" QuestId="25719" X="-12328.6" Y="-3015.38" Z="88.21774" /> 
			<CustomBehavior File="WaitTimer" WaitTime="2000"/>
			 
			<UseItem ItemId="57183" QuestName="Demoniac Vessel" QuestId="25719" X="-12328.6" Y="-3015.38" Z="88.21774" /> 
			<CustomBehavior File="WaitTimer" WaitTime="2000"/>
		</If> 
		<TurnIn QuestName="Demoniac Vessel" QuestId="25719" TurnInName="Rohan Sunveil" TurnInId="42344" />			
		<PickUp QuestName="The Downfall of Marl Wormthorn" QuestId="25720" GiverName="Rohan Sunveil" GiverId="42344" />
		<If Condition="HasQuest(25720)">
			<CustomBehavior File="UseItemTargetLocation" UseType="ToObject" 	ItemId="57185" ObjectId="42334" WaitTime="1000" X="-12238.83" Y="-2464.189" Z="38.91144" />		
		</If>
		<Objective QuestName="The Downfall of Marl Wormthorn" QuestId="25720" Type="KillMob" MobId="42334" KillCount="1" />
		<TurnIn QuestName="The Downfall of Marl Wormthorn" QuestId="25720" TurnInName="Rohan Sunveil" TurnInId="42344" />
		<SetGrindArea>
			<GrindArea>
				<Name>Grind to Level 58</Name>
				<Factions>7 90 14</Factions>
				<TargetMinLevel>53</TargetMinLevel>
				<TargetMaxLevel>58</TargetMaxLevel>
				<Hotspots>
					<Hotspot X="-12526.73" Y="-2372.601" Z="1.863626" />
					<Hotspot X="-12361.31" Y="-2748.612" Z="2.417763" />
					<Hotspot X="-11982.25" Y="-2587.078" Z="-25.45116" />
					<Hotspot X="-12029.37" Y="-2462.729" Z="-22.50709" />
				</Hotspots>
			</GrindArea>
		</SetGrindArea>
		<GrindTo Level="58"/>	
		<CustomBehavior File="LoadProfile" ProfileName="..\1-68 Horde Questing" />
	</QuestOrder>
	
	<!--Blasted Lands Overrides-->
	<Quest Id="25680" Name="That's Not Us">
		<Objective Type="KillMob" MobId="41163" KillCount="1">
			<Hotspots>
				<Hotspot X="-10799.23" Y="-3594.768" Z="-12.20134" />
			</Hotspots>
		</Objective>
	</Quest>
	<Quest Id="25717" Name="The Demons and the Druid">
		<Objective Type="KillMob" MobId="45125" KillCount="3">
			<Hotspots>
				<Hotspot X="-12484.24" Y="-2419.203" Z="2.293264" />
				<Hotspot X="-12547.93" Y="-2397.558" Z="1.760547" />
			</Hotspots>
		</Objective>
	</Quest>	
</HBProfile>