<HBProfile>
	<Name>Horde 1-68 Questing</Name>
	<MinDurability>0.4</MinDurability>
	<MinFreeBagSlots>3</MinFreeBagSlots>
	<MinLevel>1</MinLevel>
	<MaxLevel>86</MaxLevel>
	<MailGrey>False</MailGrey>
	<MailWhite>False</MailWhite>
	<MailGreen>True</MailGreen>
	<SellGrey>True</SellGrey>
	<SellWhite>True</SellWhite>
	<SellGreen>True</SellGreen>
	<SellBlue>False</SellBlue>
	<SellPurple>False</SellPurple>
	
	<AvoidMobs>
		<!-- Nagrand -->
		<Mob Name="Mountain Gronn" Entry="19201"/>
		<!-- Hellfire -->
		<Mob Name="Fel Reaver" Entry="18733"/>
	</AvoidMobs>
	
	<Mailboxes>
		<!--Hellfire Peninsular Mailbox-->
		<Mailbox X="172.0354" Y="2624.331" Z="87.13256" />
		<Mailbox X="-598.5095" Y="4152.083" Z="65.41892" />
		<!--Zangarmash-->
		<Mailbox X="-200.4296" Y="5505.128" Z="22.50458" />
		<!--Blade's Edge Mountains Mailboxes-->
		<Mailbox X="3018.046" Y="5451.464" Z="146.431" />
		<Mailbox X="2392.465" Y="5989.034" Z="151.5028" />
		<Mailbox X="2207.548" Y="4736.546" Z="159.5939" />
		<!--Netherstorm Mailboxes-->
		<Mailbox X="3055.25" Y="3687.843" Z="142.604" />
		<!--Nagrand-->
		<Mailbox X="-1269.29" Y="7176.357" Z="57.26628" />		
	</Mailboxes>

	<Blackspots>
		<!--Additional BC Blackspots-->
	    <Blackspot X="-1444.609" Y="7874.966" Z="-20.56024" Radius="40.12457" />
	    <Blackspot X="-1602.647" Y="7808.319" Z="-21.9593" Radius="42.34423" />
	    <Blackspot X="-1703.692" Y="7994.157" Z="-27.25969" Radius="41.58419" />
	    <Blackspot X="-1510.856" Y="8037.956" Z="-21.35694" Radius="43.15014" />
	    <Blackspot X="-684.1138" Y="2610.717" Z="46.5674" Radius="191.3755" Height="24.788" />
	    <Blackspot X="-609.7291" Y="2761.421" Z="78.49533" Radius="23.99904" />
	    <Blackspot X="-604.8351" Y="2848.645" Z="68.5877" Radius="95.46356" Height="16.6335" />
	    <Blackspot X="264.5717" Y="6041.674" Z="19.72488" Radius="112.3534" />
	    <Blackspot X="375.3472" Y="3332.4" Z="66.99078" Radius="10"/>
	    <Blackspot X="390.9487" Y="3290.215" Z="73.64881" Radius="50"/>
	    <Blackspot X="453.3928" Y="3492.197" Z="62.34367" Radius="5"/>
	    <Blackspot X="-1269.901" Y="2650.346" Z="11.15583" Radius="10" />
	    <Blackspot  X="284.2415" Y="5946.23" Z="26.45747"  Radius="50" />
	    <Blackspot   X="219.77" Y="6030.817" Z="21.87851"   Radius="50" />
	    <Blackspot  X="447.0893" Y="3427.899" Z="60.4292"   Radius="25" />
	    <Blackspot  X="423.0088" Y="3359.141" Z="62.91565"   Radius="100" />
		<!--Hellfire Peninsular Blackspots-->
		<Blackspot X="-1298.784" Y="2379.96" Z="82.60971" Radius="3.816913" />
		<Blackspot X="-1313.434" Y="2408.304" Z="86.16272" Radius="1.561563" />
		<Blackspot X="130.4355" Y="2645.93" Z="83.90084" Radius="5.462468" />
		<!--Terrokar Forest Blackspots-->
		<Blackspot X="-2800.589" Y="4435.135" Z="-5.241126" Radius="2.772864" />
		<!--Nagrand Forest Blackspots-->
		<Blackspot X="-1516.167" Y="7573.695" Z="-4.261118" Radius="6.682303" />
		<!--Blade's Edge Mountains Blackspots-->
		<Blackspot X="2398.345" Y="6019.882" Z="145.0981" Radius="1.651371" />
		<Blackspot X="2652.261" Y="6461.499" Z="14.67508" Radius="20.47766" Height="16.69489" />
	</Blackspots>
	
	<Vendors>
		<!--Thrallmar Vendors-->
		<Vendor Name="Reagan Mancuso" Entry="22225" Type="Repair" X="179.7871" Y="2605.4" Z="87.28392"/>
		<Vendor Name="Floyd Pinkus" Entry="16602" Type="Food" X="190.8758" Y="2610.927" Z="87.28392"/>

		<!--Hellfire Peninsular Vendors-->
		<Vendor Name="Floyd Pinkus" Entry="16602" Type="Food" X="190.8758" Y="2610.927" Z="87.28371" />
		<Vendor Name="Reagan Mancuso" Entry="22225" Type="Repair" X="179.7871" Y="2605.4" Z="87.28379" />
		<Vendor Name="Cookie One-Eye" Entry="16585" Type="Food" X="62.07954" Y="2719.007" Z="85.16457" />
		<Vendor Name="Rohok" Entry="16583" Type="Repair" X="167.2784" Y="2795.669" Z="113.3653" />
		<Vendor Name="Hagash the Blind" Entry="19561" Type="Repair" X="-1329.014" Y="2397.584" Z="89.0752" />
		<Vendor Name="Lukra" Entry="19560" Type="Food" X="-1341.681" Y="2367.635" Z="88.9518" />
		<Vendor Name="Mondul" Entry="19559" Type="Food" X="-1319.302" Y="2351.025" Z="88.95525" />
		<Vendor Name="Fallesh Sunfallow" Entry="18997" Type="Repair" X="-587.4686" Y="4171.818" Z="65.99734" />
		<Vendor Name="Innkeeper Bazil Olof'tazun" Entry="18905" Type="Food" X="-568.9757" Y="4151.488" Z="68.09962" />
		<!--Shattrath City Trainers-->
		<Vendor Name="Irva" Entry="50020" Type="Train" TrainClass="Hunter" X="-1800.502" Y="5402.938" Z="-12.46523" />
		<Vendor Name="Darahu" Entry="50019" Type="Train" TrainClass="Shaman" X="-1789" Y="5413.809" Z="-12.42765" />
		<Vendor Name="Salha" Entry="50024" Type="Train" TrainClass="Priest" X="-1789.823" Y="5409.41" Z="-12.42723" />
		<Vendor Name="Raluhi" Entry="50021" Type="Train" TrainClass="Mage" X="-1793.031" Y="5412.926" Z="-12.42671" />
		<Vendor Name="Ordo" Entry="50023" Type="Train" TrainClass="Paladin" X="-1796.377" Y="5402.776" Z="-12.42768" />
		<Vendor Name="Bratu" Entry="50025" Type="Train" TrainClass="Warrior" X="-1798.293" Y="5400.143" Z="-12.42717" />
		<Vendor Name="Summoner Durael" Entry="50017" Type="Train" TrainClass="Warlock" X="-1928.88" Y="5460.494" Z="-12.42744" />
		<Vendor Name="Pathstalker Arpalir" Entry="50016" Type="Train" TrainClass="Rogue" X="-1940.179" Y="5455.71" Z="-12.42711" />
		<Vendor Name="Muha" Entry="50137" Type="Train" TrainClass="Druid" X="-1889.01" Y="5358.967" Z="-12.42718" />
		<!--Zangarmarsh Vendors-->
		<Vendor Name="Innkeeper Coryth Stoktron" Entry="18907" Type="Food" X="-174.478" Y="5529.211" Z="29.40774" />
		<Vendor Name="Fedryen Swiftspear" Entry="17904" Type="Repair" X="-198.9696" Y="5490.686" Z="21.84618" />
		<!--Terrokar Forest Vendors-->
		<Vendor Name="Dod'ss" Entry="18959" Type="Food" X="-2641.011" Y="4374.937" Z="35.64837" />
		<Vendor Name="Bar Talet" Entry="18962" Type="Repair" X="-2639.384" Y="4425.386" Z="36.68296" />
		<Vendor Name="Aundro" Entry="22476" Type="Repair" X="-3753.327" Y="5410.808" Z="-3.330178" />
		<Vendor Name="Morula" Entry="20893" Type="Food" X="-2843.92" Y="5046.502" Z="-18.05624" />
		<Vendor Name="Siflaed Coldhammer" Entry="20890" Type="Repair" X="-2844.345" Y="5050.811" Z="-18.1145" />
		<Vendor Name="Grella" Entry="23367" Type="Repair" X="-3384.475" Y="3611.3" Z="275.9875" />
		<!--Nagrand Vendors-->
		<Vendor Name="Embelar" Entry="21484" Type="Food" X="-1541.524" Y="7971.188" Z="-20.80602" />
		<Vendor Name="Coreiel" Entry="21474" Type="Repair" X="-1525.209" Y="7931.719" Z="-20.11449" />
		<Vendor Name="Paulsta'ats" Entry="23007" Type="Repair" X="-2054.747" Y="8609.072" Z="22.16227" />
		<Vendor Name="Pilot Marsha" Entry="18278" Type="Repair" X="-1480.122" Y="6357.977" Z="34.26571" />
		<!--Blade's Edge Mountains Vendors-->
		<Vendor Name="Karnaze" Entry="19474" Type="Food" X="2328.372" Y="6059.616" Z="142.3119" />
		<Vendor Name="Orgatha" Entry="19479" Type="Repair" X="2289.875" Y="6062.313" Z="142.9301" />
		<Vendor Name="Cymbre Starsong" Entry="20249" Type="Food" X="2984.942" Y="5529.428" Z="147.7126" />
		<Vendor Name="Zinyen Swiftstrider" Entry="20917" Type="Repair" X="3023.432" Y="5504.725" Z="145.7472" />
		<Vendor Name="Krugash" Entry="21082" Type="Food" X="2187.25" Y="4802.643" Z="156.0986" />
		<Vendor Name="Ruka" Entry="21086" Type="Repair" X="2252.666" Y="4760.837" Z="157.5334" />
		<!--Netherstorm Vendors-->
		<Vendor Name="Blazzle" Entry="28344" Type="Repair" X="3063.406" Y="3677.57" Z="142.6778" />
		<Vendor Name="Gant" Entry="19572" Type="Food" X="3073.644" Y="3656.375" Z="143.0914" />
		<Vendor Name="Kerpow Blastwrench" Entry="22491" Type="Repair" X="2955.032" Y="1802.131" Z="139.1212" />
		<Vendor Name="Wind Trader Tuluman" Entry="20112" Type="Repair" X="4045.836" Y="3553.271" Z="121.3134" />
		<Vendor Name="Dealer Digriz" Entry="19534" Type="Food" X="4152.116" Y="3067.703" Z="336.8449" />
		<Vendor Name="Karaaz" Entry="20242" Type="Repair" X="4181.331" Y="3050.566" Z="336.8411" />
	</Vendors>
	
	<QuestOrder>

<!--BEGIN HELLFIRE PENINSULAR QUESTING-->
			<CustomBehavior File="UserSettings" Preset="NoTrain" />
			<CustomBehavior File="Message" LogColor="DarkBlue" Text="Turning off auto train and find vendors automatically since this profile takes care of that itself. Settings will reversed back to previous values when the bot is stopped" />
			<If Condition="HasQuest(9407)">
				<TurnIn QuestName="Through the Dark Portal" QuestId="9407" TurnInName="Lieutenant General Orion" TurnInId="19253" />
			</If>
			<PickUp QuestName="Arrival in Outland" QuestId="10120" GiverName="Lieutenant General Orion" GiverId="19253" />
			<TurnIn QuestName="Arrival in Outland" QuestId="10120" TurnInName="Vlagga Freyfeather" TurnInId="18930" />
			<PickUp QuestName="Journey to Thrallmar" QuestId="10289" GiverName="Vlagga Freyfeather" GiverId="18930" />
			<TurnIn QuestName="Journey to Thrallmar" QuestId="10289" TurnInName="General Krakork" TurnInId="19255" />
			<PickUp QuestName="Report to Nazgrel" QuestId="10291" GiverName="General Krakork" GiverId="19255" />
			<TurnIn QuestName="Report to Nazgrel" QuestId="10291" TurnInName="Nazgrel" TurnInId="3230" />
			<PickUp QuestName="Eradicate the Burning Legion" QuestId="10121" GiverName="Nazgrel" GiverId="3230" />
			<PickUp QuestName="Bonechewer Blood" QuestId="10450" GiverName="Vurtok Axebreaker" GiverId="21256" />
			<PickUp QuestName="I Work... For the Horde!" QuestId="10086" GiverName="Megzeg Nukklebust" GiverId="21283" />
			<TurnIn QuestName="Eradicate the Burning Legion" QuestId="10121" TurnInName="Sergeant Shatterskull" TurnInId="19256" />
			<PickUp QuestName="Felspark Ravine" QuestId="10123" GiverName="Sergeant Shatterskull" GiverId="19256" />
			<Objective QuestName="Felspark Ravine" QuestId="10123" Type="KillMob" MobId="19434" KillCount="1" />
			<Objective QuestName="Felspark Ravine" QuestId="10123" Type="KillMob" MobId="19136" KillCount="4" />
			<Objective QuestName="Felspark Ravine" QuestId="10123" Type="KillMob" MobId="19261" KillCount="6" />
			<TurnIn QuestName="Felspark Ravine" QuestId="10123" TurnInName="Sergeant Shatterskull" TurnInId="19256" />
			<Objective QuestName="I Work... For the Horde!" QuestId="10086" Type="CollectItem" ItemId="67419" CollectCount="8" />
			<Objective QuestName="I Work... For the Horde!" QuestId="10086" Type="CollectItem" ItemId="67420" CollectCount="8" />
			<Objective QuestName="Bonechewer Blood" QuestId="10450" Type="CollectItem" ItemId="30327" CollectCount="12" />
			<TurnIn QuestName="I Work... For the Horde!" QuestId="10086" TurnInName="Megzeg Nukklebust" TurnInId="21283" />
			<TurnIn QuestName="Bonechewer Blood" QuestId="10450" TurnInName="Vurtok Axebreaker" TurnInId="21256" />
			<PickUp QuestName="Forward Base: Reaver's Fall" QuestId="10124" GiverName="Sergeant Shatterskull" GiverId="19256" />
			<TurnIn QuestName="Forward Base: Reaver's Fall" QuestId="10124" TurnInName="Forward Commander To'arch" TurnInId="19273" />
			<PickUp QuestName="Disrupt Their Reinforcements" QuestId="10208" GiverName="Forward Commander To'arch" GiverId="19273" />
			<Objective QuestName="Disrupt Their Reinforcements" QuestId="10208" Type="CollectItem" ItemId="28513" CollectCount="8" />
			<Objective QuestName="Disrupt Their Reinforcements" QuestId="10208" Type="UseObject" ObjectId="184290" UseCount="1" />
			<RunTo QuestId="10208" X="134.02" Y="1718.162" Z="39.92447" />
			<RunTo QuestId="10208" X="146.2598" Y="1717.889" Z="38.41195" />
			<Objective QuestName="Disrupt Their Reinforcements" QuestId="10208" Type="UseObject" ObjectId="184289" UseCount="1" />
			<TurnIn QuestName="Disrupt Their Reinforcements" QuestId="10208" TurnInName="Forward Commander To'arch" TurnInId="19273" />
			<PickUp QuestName="Apothecary Zelana" QuestId="10449" GiverName="Vurtok Axebreaker" GiverId="21256" />
			<PickUp QuestName="Burn It Up... For the Horde!" QuestId="10087" GiverName="Megzeg Nukklebust" GiverId="21283" />
			<TurnIn QuestName="Apothecary Zelana" QuestId="10449" TurnInName="Apothecary Zelana" TurnInId="21257" />
			<PickUp QuestName="Spinebreaker Post" QuestId="10242" GiverName="Apothecary Zelana" GiverId="21257" />
			<TurnIn QuestName="Spinebreaker Post" QuestId="10242" TurnInName="Apothecary Albreck" TurnInId="21279" />
			<PickUp QuestName="Preparing the Salve" QuestId="9345" GiverName="Grelag" GiverId="16858" />
			<PickUp QuestName="Make Them Listen" QuestId="10220" GiverName="Emissary Mordiba" GiverId="19682" />
			<PickUp QuestName="Wanted: Worg Master Kruush" QuestId="10809" GiverType="Object" GiverName="Wanted Poster" GiverId="185166" X="-1294.016" Y="2380.371" Z="80.35403"/>
			<Objective QuestName="Wanted: Worg Master Kruush" QuestId="10809" Type="CollectItem" ItemId="31374" CollectCount="1" />			
			<Objective QuestName="Preparing the Salve" QuestId="9345" Type="CollectItem" ItemId="23205" CollectCount="12" />
			<Objective QuestName="Make Them Listen" QuestId="10220" Type="KillMob" MobId="16904" KillCount="12" />
			<Objective QuestName="Make Them Listen" QuestId="10220" Type="KillMob" MobId="16906" KillCount="8" />
			<Objective QuestName="Make Them Listen" QuestId="10220" Type="KillMob" MobId="16905" KillCount="6" />
			<TurnIn QuestName="Make Them Listen" QuestId="10220" TurnInName="Emissary Mordiba" TurnInId="19682" />
			<TurnIn QuestName="Wanted: Worg Master Kruush" QuestId="10809" TurnInName="Captain Darkhowl" TurnInId="22107" />
			<TurnIn QuestName="Preparing the Salve" QuestId="9345" TurnInName="Grelag" TurnInId="16858" />
			
			<PickUp QuestName="Investigate the Crash" QuestId="10213" GiverName="Grelag" GiverId="16858" />
			<TurnIn QuestName="Investigate the Crash" QuestId="10213" TurnInName="Screaming Screed Luckheed" TurnInId="19367" />
			<PickUp QuestName="In Case of Emergency..." QuestId="10161" GiverName="Screaming Screed Luckheed" GiverId="19367" />
			<PickUp QuestName="Ravager Egg Roundup" QuestId="9349" GiverName="Legassi" GiverId="19344" />
			<Objective QuestName="Ravager Egg Roundup" QuestId="9349" Type="CollectItem" ItemId="23217" CollectCount="12" />
			<Objective QuestName="In Case of Emergency..." QuestId="10161" Type="CollectItem" ItemId="28116" CollectCount="30" />
			<TurnIn QuestName="Ravager Egg Roundup" QuestId="9349" TurnInName="Legassi" TurnInId="19344" />
			<TurnIn QuestName="In Case of Emergency..." QuestId="10161" TurnInName="Screaming Screed Luckheed" TurnInId="19367" />
			<While Condition="HasQuest(10087) &amp;&amp; !IsQuestCompleted(10087)">
				<RunTo QuestId="10087" X="-397.869" Y="2737.388" Z="35.12806" />
				<RunTo QuestId="10087" X="-381.8998" Y="2718.915" Z="34.04906" />
				<UseItem ItemId="27479" QuestName="Burn It Up... For the Horde!" QuestId="10087" X="-381.8998" Y="2718.915" Z="34.04906" /> 
				<CustomBehavior File="WaitTimer" WaitTime="3000"/>
				<RunTo QuestId="10087" X="-319.4429" Y="2431.701" Z="42.89927" />
				<RunTo QuestId="10087" X="-312.8129" Y="2417.635" Z="44.47175" />
				<UseItem ItemId="27479" QuestName="Burn It Up... For the Horde!" QuestId="10087" X="-308.8064" Y="2416.236" Z="44.88462" />
				<CustomBehavior File="WaitTimer" WaitTime="3000"/>
			</While>
			<TurnIn QuestName="Burn It Up... For the Horde!" QuestId="10087" TurnInName="Megzeg Nukklebust" TurnInId="21283" />
			<PickUp QuestName="Outland Sucks!" QuestId="10236" GiverName="Foreman Razelcraz" GiverId="16915" />
			<Objective QuestName="Outland Sucks!" QuestId="10236" Type="CollectItem" ItemId="28554" CollectCount="6" />
			<TurnIn QuestName="Outland Sucks!" QuestId="10236" TurnInName="Foreman Razelcraz" TurnInId="16915" />
			<PickUp QuestName="How to Serve Goblins" QuestId="10238" GiverName="Foreman Razelcraz" GiverId="16915" />
	<SetGrindArea>
		<GrindArea>
			<Name>Grind to Level 60</Name>
			<Factions>954 1662 90</Factions>
			<TargetMinLevel>58</TargetMinLevel>
			<TargetMaxLevel>61</TargetMaxLevel>
			<Hotspots>
				<Hotspot X="242.7882" Y="2138.732" Z="41.64001" />
				<Hotspot X="150.6828" Y="2371.055" Z="51.73909" />
				<Hotspot X="-130.6273" Y="2532.996" Z="46.18978" />
				<Hotspot X="-91.96202" Y="2653.241" Z="53.67472" />
				<Hotspot X="-142.2423" Y="2820.375" Z="36.426" />
			</Hotspots>
		</GrindArea>
	</SetGrindArea>
<GrindTo Level="60"/>	
<If Condition="!StyxWoW.FlightChecksDisabled">
   <CustomBehavior File="UserDialog"
                   
                   Text="This profile henceforth requires that you have Lifetime Honorbuddy or have purchased the flight plugin in order to continue.\n\n Attempting to continue without flying is done at your own risk, and trust me, it will fail epically."
                   AllowBotStop="true"
                   SoundCue="Exclamation"
                   SoundCueInterval="1" />
</If>
			<!--FLYING MOUNT-->
			<If Condition="!SpellManager.HasSpell(&quot;Expert Riding&quot;)">
				<CustomBehavior File="ForceTrainRiding"  NpcID="35093" />
				<If Condition="!HasItem(25474)">
					<CustomBehavior File="BasicInteractWith"  MoveTo="1" NpcID="35099" />
					<CustomBehavior File="WaitTimer" WaitTime="5000"/>
					<CustomBehavior File="RunMacro" Macro="/run BuyMerchantItem(1, 1)" NumOfTimes="1" WaitTime="2000" />
				</If>
			</If>
			<If Condition="HasItem(25474)">
				<UseItem ItemId="25474" QuestId="10238" X="76.4938" Y="2719.568" Z="85.82304" />
				<CustomBehavior File="RunMacro" Macro="/dismount" NumOfTimes="1" WaitTime="10000"/>
			</If>
			
			<PickUp QuestName="How to Serve Goblins" QuestId="10238" GiverName="Foreman Razelcraz" GiverId="16915" />
			<Objective QuestName="How to Serve Goblins" QuestId="10238" Type="UseObject" ObjectId="183941" UseCount="1" />
			<Objective QuestName="How to Serve Goblins" QuestId="10238" Type="UseObject" ObjectId="183936" UseCount="1" />
			<Objective QuestName="How to Serve Goblins" QuestId="10238" Type="UseObject" ObjectId="183940" UseCount="1" />
			<If Condition="HasQuest(10238) &amp;&amp; IsQuestCompleted(10238)">
				<CustomBehavior File="FlyTo" X="426.8714" Y="2888.349" Z="52.54232" />
				<CustomBehavior File="ForcedDismount" />
			</If>
			<TurnIn QuestName="How to Serve Goblins" QuestId="10238" TurnInName="Foreman Razelcraz" TurnInId="16915" />
			<PickUp QuestName="Shizz Work" QuestId="10629" GiverName="Foreman Razelcraz" GiverId="16915" />
			<UseItem ItemId="30803" QuestName="Shizz Work" QuestId="10629" X="418.4632" Y="2893.53" Z="51.82062" />
			<Objective QuestName="Shizz Work" QuestId="10629" Type="CollectItem" ItemId="30794" CollectCount="1" />
			<TurnIn QuestName="Shizz Work" QuestId="10629" TurnInName="Foreman Razelcraz" TurnInId="16915" />
			<PickUp QuestName="Beneath Thrallmar" QuestId="10630" GiverName="Foreman Razelcraz" GiverId="16915" />
			<Objective QuestName="Beneath Thrallmar" QuestId="10630" Type="KillMob" MobId="18976" KillCount="1" />
			<TurnIn QuestName="Beneath Thrallmar" QuestId="10630" TurnInName="Foreman Razelcraz" TurnInId="16915" />
<!--END HELLFIRE PENINSULAR QUESTING PART 1-->
			<If Condition="Me.Level == 60">
				<If Condition="Me.ZoneId != 3703">
					<CustomBehavior File="FlyTo" X="-1822.253" Y="5348.094" Z="-12.42696"  />
					<CustomBehavior File="ForcedDismount" />
				</If>
				<CustomBehavior File="ForceSetVendor"  VendorType="Train" />
				<RunTo X="-1753.695" Y="5445.141" Z="-12.42719" />
				<CustomBehavior File="FlyTo" X="-218.8451" Y="5436.699" Z="21.64193" />
				<CustomBehavior File="ForcedDismount" />
			</If>
<!--BEGIN ZANGARMARSH QUESTING PART 1-->
			<PickUp QuestName="Plants of Zangarmarsh" QuestId="9802" GiverName="Lauranna Thar'well" GiverId="17909" />
			<PickUp QuestName="The Umbrafen Tribe" QuestId="9747" GiverName="Ikeyen" GiverId="17956" />
			<Objective QuestName="Plants of Zangarmarsh" QuestId="9802" Type="CollectItem" ItemId="24401" CollectCount="10" />
			<Objective QuestName="The Umbrafen Tribe" QuestId="9747" Type="KillMob" MobId="18077" KillCount="6" />
			<Objective QuestName="The Umbrafen Tribe" QuestId="9747" Type="KillMob" MobId="18079" KillCount="8" />
			<Objective QuestName="The Umbrafen Tribe" QuestId="9747" Type="KillMob" MobId="20115" KillCount="6" />
			<If Condition="HasQuest(9747) &amp;&amp; !IsQuestCompleted(9747)">
				<CustomBehavior File="FlyTo" X="-1092.839" Y="5155.418" Z="71.24338" />
				<CustomBehavior File="FlyTo" X="-1097.301" Y="5181.462" Z="57.19424" />
				<CustomBehavior File="ForcedDismount" />
			</If>
			<Objective QuestName="The Umbrafen Tribe" QuestId="9747" Type="KillMob" MobId="18080" KillCount="1" />
			<If Condition="HasQuest(9747) &amp;&amp; IsQuestCompleted(9747)">
				<RunTo  X="-1097.329" Y="5180.896" Z="57.19053" />
				<CustomBehavior File="FlyTo" X="-1093.694" Y="5159.112" Z="64.2349" />
				<CustomBehavior File="FlyTo" X="-223.5186" Y="5435.802" Z="21.66316" />
				<CustomBehavior File="ForcedDismount" />
			</If>
			<TurnIn QuestName="The Umbrafen Tribe" QuestId="9747" TurnInName="Ikeyen" TurnInId="17956" />
			<TurnIn QuestName="Plants of Zangarmarsh" QuestId="9802" TurnInName="Lauranna Thar'well" TurnInId="17909" />
			<PickUp QuestName="Saving the Sporeloks" QuestId="10096" GiverName="Lauranna Thar'well" GiverId="17909" />
			<PickUp QuestName="Safeguarding the Watchers" QuestId="9894" GiverName="Windcaller Blackhoof" GiverId="18070" />
			<PickUp QuestName="A Damp, Dark Place" QuestId="9788" GiverName="Ikeyen" GiverId="17956" />
			<If Condition="HasQuest(9788)">
				<CustomBehavior File="FlyTo" X="-1077.875" Y="5634.933" Z="56.20963" />
				<CustomBehavior File="ForcedDismount" />
			</If>
			<Objective QuestName="Saving the Sporeloks" QuestId="10096" Type="KillMob" MobId="18137" KillCount="10" />
			<Objective QuestName="Saving the Sporeloks" QuestId="10096" Type="KillMob" MobId="18136" KillCount="10" />
			<Objective QuestName="A Damp, Dark Place" QuestId="9788" Type="CollectItem" ItemId="24411" CollectCount="1" />
			<Objective QuestName="Safeguarding the Watchers" QuestId="9894" Type="KillMob" MobId="18282" KillCount="1" />
			<If Condition="HasQuest(9788) &amp;&amp; IsQuestCompleted(9788)">
				<RunTo  X="-1109.029" Y="5676.475" Z="57.74901" />
				<CustomBehavior File="FlyTo" X="-1077.875" Y="5634.933" Z="56.20963" />
				<CustomBehavior File="ForcedDismount" />
			</If>
			<TurnIn QuestName="Safeguarding the Watchers" QuestId="9894" TurnInName="Windcaller Blackhoof" TurnInId="18070" />
			<TurnIn QuestName="A Damp, Dark Place" QuestId="9788" TurnInName="Ikeyen" TurnInId="17956" />
			<TurnIn QuestName="Saving the Sporeloks" QuestId="10096" TurnInName="Lauranna Thar'well" TurnInId="17909" />
			

			<PickUp QuestName="Menacing Marshfangs" QuestId="9770" GiverName="Reavij" GiverId="18012" />
			<PickUp QuestName="There's No Explanation for Fashion" QuestId="9769" GiverName="Magasha" GiverId="18016" />
			<Objective QuestName="Menacing Marshfangs" QuestId="9770" Type="KillMob" MobId="18130" KillCount="10" />
			<Objective QuestName="Menacing Marshfangs" QuestId="9770" Type="KillMob" MobId="18130" KillCount="10" />
			<Objective QuestName="There's No Explanation for Fashion" QuestId="9769" Type="CollectItem" ItemId="24372" CollectCount="8" />
			<TurnIn QuestName="Menacing Marshfangs" QuestId="9770" TurnInName="Reavij" TurnInId="18012" />
			<TurnIn QuestName="There's No Explanation for Fashion" QuestId="9769" TurnInName="Magasha" TurnInId="18016" />
			<PickUp QuestName="Nothin' Says Lovin' Like a Big Stinger" QuestId="9898" GiverName="Reavij" GiverId="18012" />
			<If Condition="(HasQuest(9898)) &amp;&amp; (!IsQuestCompleted(9898))">
				<CustomBehavior File="FlyTo" X="-23.54102" Y="6961.777" Z="21.91569" />
				<CustomBehavior File="ForcedDismount" />
			</If>
			<Objective QuestName="Nothin' Says Lovin' Like a Big Stinger" QuestId="9898" Type="CollectItem" ItemId="25448" CollectCount="1" />
			<If Condition="(HasQuest(9898)) &amp;&amp; (IsQuestCompleted(9898))">
				<CustomBehavior File="FlyTo" X="76.98351" Y="5249.399" Z="23.10128" />
				<CustomBehavior File="ForcedDismount" />
			</If>
			<TurnIn QuestName="Nothin' Says Lovin' Like a Big Stinger" QuestId="9898" TurnInName="Reavij" TurnInId="18012" />
			
			
			<PickUp QuestName="Thick Hydra Scales" QuestId="9774" GiverName="Zurai" GiverId="18011" />
			<If Condition="(HasQuest(9774)) &amp;&amp; (!IsQuestCompleted(9774))">
				<CustomBehavior File="FlyTo" X="384.6237" Y="5334.771" Z="8.815435" />
				<CustomBehavior File="ForcedDismount" />
			</If>
			<Objective QuestName="Thick Hydra Scales" QuestId="9774" Type="CollectItem" ItemId="24375" CollectCount="12" />
			<If Condition="(HasQuest(9774)) &amp;&amp; (IsQuestCompleted(9774))">
				<CustomBehavior File="FlyTo" X="76.98351" Y="5249.399" Z="23.10128" />
				<CustomBehavior File="ForcedDismount" />
			</If>
			<TurnIn QuestName="Thick Hydra Scales" QuestId="9774" TurnInName="Zurai" TurnInId="18011" />
			<PickUp QuestName="Searching for Scout Jyoba" QuestId="9771" GiverName="Zurai" GiverId="18011" />
			<If Condition="(HasQuest(9771))">
				<CustomBehavior File="FlyTo" X="720.079" Y="5415.003" Z="-26.25584" />
				<CustomBehavior File="ForcedDismount" />
			</If>
			<TurnIn QuestName="Searching for Scout Jyoba" QuestId="9771" TurnInName="Scout Jyoba" TurnInId="18035" />
			<PickUp QuestName="Jyoba's Report" QuestId="9772" GiverName="Scout Jyoba" GiverId="18035" />
			<Objective QuestName="Jyoba's Report" QuestId="9772" Type="CollectItem" ItemId="24373" CollectCount="1" />
			<If Condition="(HasQuest(9772))&amp;&amp; (IsQuestCompleted(9772))">
				<CustomBehavior File="FlyTo" X="79.72548" Y="5240.815" Z="23.17583" />
				<CustomBehavior File="ForcedDismount" />
			</If>
			<TurnIn QuestName="Jyoba's Report" QuestId="9772" TurnInName="Zurai" TurnInId="18011" />
<!--END ZANGARMARSH QUESTING PART 1-->
<!--BEGIN HELLFIRE QUESTING PART 2-->
		<!--Fly Back to Hellfire if I'm in the specified square-->
			<If Condition="(Me.Y &lt;= 5216) &amp;&amp; (Me.Y &gt; 5156) &amp;&amp; (Me.X &lt;= 137) &amp;&amp; (Me.X &gt;= 84)">
				<CustomBehavior File="FlyTo" X="-319.9485" Y="4719.686" Z="18.49233" />
				<CustomBehavior File="ForcedDismount" />
			</If>
			<PickUp QuestName="Demonic Contamination" QuestId="9372" GiverName="Thiah Redmane" GiverId="16991" />
			<Objective QuestName="Demonic Contamination" QuestId="9372" Type="CollectItem" ItemId="23336" CollectCount="6" />
			<TurnIn QuestName="Demonic Contamination" QuestId="9372" TurnInName="Thiah Redmane" TurnInId="16991" />
			<PickUp QuestName="Naladu" QuestId="10403" GiverName="Aylaan the Waterwaker" GiverId="20679" />
			<TurnIn QuestName="Naladu" QuestId="10403" TurnInName="Naladu" TurnInId="19361" />
			<PickUp QuestName="A Traitor Among Us" QuestId="10367" GiverName="Naladu" GiverId="19361" />
			<If Condition="(HasQuest(10367)) &amp;&amp; (!IsQuestCompleted(10367))">
				<RunTo  X="-744.3773" Y="4705.906" Z="60.31125" />
				<CustomBehavior File="ForcedMount"  MountType="Flying" />
				<CustomBehavior File="MyCTM"  X="-744.3773" Y="4705.906" Z="132.5247" />
				<CustomBehavior File="FlyTo" X="-672.1954" Y="4797.729" Z="49.32489" />
				<CustomBehavior File="ForcedDismount" />
			</If>
			<Objective QuestName="A Traitor Among Us" QuestId="10367" Type="CollectItem" ItemId="29501" CollectCount="1" />
			<If Condition="(HasQuest(10367)) &amp;&amp; (IsQuestCompleted(10367))">
				<RunTo  X="-672.4417" Y="4798.868" Z="49.34117" />
				<CustomBehavior File="ForcedMount"  MountType="Flying" />
				<CustomBehavior File="MyCTM"  X="-672.4417" Y="4798.868" Z="96.01367" />
				<CustomBehavior File="FlyTo" X="-744.3773" Y="4705.906" Z="60.31125" />
				<CustomBehavior File="ForcedDismount" />
			</If>
			<TurnIn QuestName="A Traitor Among Us" QuestId="10367" TurnInName="Naladu" TurnInId="19361" />
			<If Condition="(Me.X &lt; -741) &amp;&amp;(Me.X &gt; -764) &amp;&amp; (Me.Y &gt; 4686) &amp;&amp; (Me.Y &lt; 4717)">
				<RunTo  X="-740.1935" Y="4706.909" Z="59.18499" />
				<CustomBehavior File="FlyTo" X="-612.999" Y="4162.544" Z="63.48911" />
				<CustomBehavior File="ForcedDismount" />
			</If>
			<PickUp QuestName="Arelion's Journal" QuestId="9374" GiverName="Magistrix Carinda" GiverId="16793" />
			<PickUp QuestName="Trueflight Arrows" QuestId="9381" GiverName="Falconer Drenna Riverwind" GiverId="16790" />
			<PickUp QuestName="Source of the Corruption" QuestId="9387" GiverName="Apothecary Azethen" GiverId="16794" />
			<PickUp QuestName="Magic of the Arakkoa" QuestId="9396" GiverName="Arcanist Calesthris Dawnstar" GiverId="16792" />
			<PickUp QuestName="In Need of Felblood" QuestId="9366" GiverName="Ryathen the Somber" GiverId="16791" />
			<If Condition="!HasQuest(9340) &amp;&amp; HasQuest(9381) &amp;&amp; !IsQuestCompleted(9381)">
				<CustomBehavior File="UseGameObject"  ObjectId="184501" NumOfTimes="1" X="-593.1697" Y="4077.201" Z="93.82001" />
				<CustomBehavior File="WaitTimer" WaitTime="3000" />
				<CustomBehavior File="MyCTM"  X="-594.1455" Y="4078.213" Z="143.2578" />
				<CustomBehavior File="MyCTM"  X="-597.0305" Y="4071.127" Z="143.2578" />
				<CustomBehavior File="MyCTM"  X="-593.2421" Y="4068.186" Z="143.2583" />
			</If>
			<PickUp QuestName="The Great Fissure" QuestId="9340" GiverName="Ranger Captain Venn'ren" GiverId="16789" />
			<If Condition="(HasQuest(9340)) &amp;&amp; (!IsQuestCompleted(9340))">
				<CustomBehavior File="FlyTo" X="-595.2291" Y="4068.385" Z="201.3405" />
				<CustomBehavior File="FlyTo" X="-588.7851" Y="4022.056" Z="31.88654" />
				<CustomBehavior File="ForcedDismount" />
			</If>
			<Objective QuestName="The Great Fissure" QuestId="9340" Type="KillMob" MobId="16927" KillCount="8" />
			<Objective QuestName="The Great Fissure" QuestId="9340" Type="KillMob" MobId="16929" KillCount="3" />
			<Objective QuestName="Trueflight Arrows" QuestId="9381" Type="CollectItem" ItemId="23387" CollectCount="8" />
			<Objective QuestName="In Need of Felblood" QuestId="9366" Type="CollectItem" ItemId="23269" CollectCount="6" />
			<Objective QuestName="Arelion's Journal" QuestId="9374" Type="CollectItem" ItemId="23339" CollectCount="1" />
			<If Condition="(HasQuest(9387)) &amp;&amp; (!IsQuestCompleted(9387)) &amp;&amp; (!HasItem(29113))">
				<CustomBehavior File="FlyTo" X="-492.1114" Y="4660.269" Z="39.3742" />
				<CustomBehavior File="ForcedDismount" />
			</If>
			<Objective QuestName="Source of the Corruption" QuestId="9387" Type="CollectItem" ItemId="29113" CollectCount="5" />
			<If Condition="(HasQuest(9396)) &amp;&amp; (!IsQuestCompleted(9396)) &amp;&amp; (!HasItem(23483))">
				<CustomBehavior File="FlyTo" X="-928.2164" Y="4225.865" Z="35.15374" />
				<CustomBehavior File="ForcedDismount" />
			</If>
			<Objective QuestName="Magic of the Arakkoa" QuestId="9396" Type="CollectItem" ItemId="23483" CollectCount="4" />
			<If Condition="(HasQuest(9340)) &amp;&amp; (IsQuestCompleted(9340))">
				<CustomBehavior File="FlyTo" X="-598.072" Y="4087.661" Z="92.89146" />
				<CustomBehavior File="ForcedDismount" />
				<CustomBehavior File="UseGameObject"  ObjectId="184501" NumOfTimes="1" X="-593.1697" Y="4077.201" Z="93.82001" />.
				<CustomBehavior File="WaitTimer" WaitTime="3000" />
				<CustomBehavior File="MyCTM"  X="-594.1455" Y="4078.213" Z="143.2578" />
				<CustomBehavior File="MyCTM"  X="-597.0305" Y="4071.127" Z="143.2578" />
				<CustomBehavior File="MyCTM"  X="-593.2421" Y="4068.186" Z="143.2583" />
			</If>
			<TurnIn QuestName="The Great Fissure" QuestId="9340" TurnInName="Ranger Captain Venn'ren" TurnInId="16789" />
			<PickUp QuestName="Marking the Path" QuestId="9391" GiverName="Ranger Captain Venn'ren" GiverId="16789" />
			<If Condition="(HasQuest(9374)) &amp;&amp; (IsQuestCompleted(9374))">
				<CustomBehavior File="FlyTo" X="-604.0983" Y="4095.533" Z="91.12592" />
				<CustomBehavior File="ForcedDismount" />
			</If>
			<If Condition="(!HasItem(27856))">
				<RunTo  X="-613.8154" Y="4081.383" Z="91.56654" />
				<CustomBehavior File="BasicInteractWith"  MoveTo="1" NpcID="17277" />
				<CustomBehavior File="WaitTimer" WaitTime="1000"/>
				<CustomBehavior File="RunMacro" Macro="/run BuyMerchantItem(5, 1)" NumOfTimes="1" WaitTime="2000" />
			</If>
			<TurnIn QuestName="Arelion's Journal" QuestId="9374" TurnInName="Magistrix Carinda" TurnInId="16793" />
			<TurnIn QuestName="Trueflight Arrows" QuestId="9381" TurnInName="Falconer Drenna Riverwind" TurnInId="16790" />
			<TurnIn QuestName="Source of the Corruption" QuestId="9387" TurnInName="Apothecary Azethen" TurnInId="16794" />
			<TurnIn QuestName="In Need of Felblood" QuestId="9366" TurnInName="Ryathen the Somber" TurnInId="16791" />
			<PickUp QuestName="The Cleansing Must Be Stopped" QuestId="9370" GiverName="Ryathen the Somber" GiverId="16791" />
			<TurnIn QuestName="Magic of the Arakkoa" QuestId="9396" TurnInName="Arcanist Calesthris Dawnstar" TurnInId="16792" />

			
			<If Condition="(HasQuest(9370)) &amp;&amp; (!IsQuestCompleted(9370))">
				<CustomBehavior File="FlyTo" X="69.89529" Y="3536.977" Z="63.65482" />
				<CustomBehavior File="ForcedDismount" />
				<UseItem ItemId="23358" QuestName="The Cleansing Must Be Stopped" QuestId="9370" X="93.43242" Y="3526.541" Z="61.71258" />	
			</If>		
			<Objective QuestName="The Cleansing Must Be Stopped" QuestId="9370" Type="KillMob" MobId="16994" KillCount="1" />
			<If Condition="(HasQuest(9370)) &amp;&amp; (IsQuestCompleted(9370))">
				<CustomBehavior File="FlyTo" X="-648.9597" Y="3998.154" Z="29.2923" />
				<CustomBehavior File="ForcedDismount" />
			</If>
			<Objective QuestName="Marking the Path" QuestId="9391" Type="UseObject" ObjectId="181581" UseCount="1" />
			<Objective QuestName="Marking the Path" QuestId="9391" Type="UseObject" ObjectId="181580" UseCount="1" />
			<Objective QuestName="Marking the Path" QuestId="9391" Type="UseObject" ObjectId="181579" UseCount="1" />
			<If Condition="(IsQuestCompleted(9370)) &amp;&amp; (IsQuestCompleted(9391)) &amp;&amp; (HasQuest(9391))">
				<CustomBehavior File="FlyTo" X="-616.5447" Y="4093.158" Z="91.37627" />
				<CustomBehavior File="ForcedDismount" />
				<CustomBehavior File="UseGameObject"  ObjectId="184501" NumOfTimes="1" X="-593.1697" Y="4077.201" Z="93.82001" />.
				<CustomBehavior File="WaitTimer" WaitTime="3000" />
				<CustomBehavior File="MyCTM"  X="-594.1455" Y="4078.213" Z="143.2578" />
				<CustomBehavior File="MyCTM"  X="-597.0305" Y="4071.127" Z="143.2578" />
				<CustomBehavior File="MyCTM"  X="-593.2421" Y="4068.186" Z="143.2583" />
				<TurnIn QuestName="Marking the Path" QuestId="9391" TurnInName="Ranger Captain Venn'ren" TurnInId="16789" />
				<CustomBehavior File="FlyTo" X="-616.5447" Y="4093.158" Z="91.37627" />
				<CustomBehavior File="ForcedDismount" />
			</If>
			<TurnIn QuestName="The Cleansing Must Be Stopped" QuestId="9370" TurnInName="Ryathen the Somber" TurnInId="16791" />
	<SetGrindArea>
		<GrindArea>
			<Name>Grind to Level 62</Name>
			<Factions>954</Factions>
			<TargetMinLevel>58</TargetMinLevel>
			<TargetMaxLevel>61</TargetMaxLevel>
			<Hotspots>
				<Hotspot X="-432.939" Y="4289.709" Z="65.62749" />
				<Hotspot X="-429.5015" Y="4407.98" Z="45.96759" />
				<Hotspot X="-287.696" Y="4381.894" Z="62.22139" />
				<Hotspot X="-278.5121" Y="4257.438" Z="91.46413" />
			</Hotspots>
		</GrindArea>
	</SetGrindArea>
	<GrindTo Level="62"/>
	<Checkpoint Level="62"/>
<!--END HELLFIRE QUESTING PART 2-->

<!--BEGIN ZANGARMARSH QUESTING PART 2-->

			<If Condition="Me.Level == 62">
				<If Condition="Me.ZoneId != 3703">
					<CustomBehavior File="FlyTo" X="-1822.253" Y="5348.094" Z="-12.42696"  />
					<CustomBehavior File="ForcedDismount" />
				</If>
				<CustomBehavior File="ForceSetVendor"  VendorType="Train" />
				<RunTo X="-1753.695" Y="5445.141" Z="-12.42719" />
			</If>
				<If Condition="HasItem(27856)">
					<CustomBehavior File="FlyTo" X="259.7641" Y="7843.146" Z="23.55573" />
					<CustomBehavior File="ForcedDismount" />
			<PickUp QuestName="Stinging the Stingers" QuestId="9841" GiverName="Gambarinka" GiverId="18015" />
					<UseItem QuestId="9841" ItemId="27856" X="259.7641" Y="7843.146" Z="23.55573" />
				</If>
				<If Condition="((!HasQuest(9846)) &amp;&amp; (!IsQuestCompleted(9846)))" >
			<PickUp QuestName="Spirits of the Feralfen" QuestId="9846" GiverName="Seer Janidi" GiverId="18017" />
				</If>
			<PickUp QuestName="Burstcap Mushrooms, Mon!" QuestId="9814" GiverName="Witch Doctor Tor'gash" GiverId="18014" />
			<Objective QuestName="Burstcap Mushrooms, Mon!" QuestId="9814" Type="CollectItem" ItemId="24468" CollectCount="6" />
				<If Condition="((HasQuest(9841)) &amp;&amp; (!IsQuestCompleted(9841)))" >
					<Objective QuestName="Stinging the Stingers" QuestId="9841" Type="KillMob" MobId="18133" KillCount="8" />
				</If>
			<If Condition="(HasQuest(9846)) &amp;&amp; (!IsQuestCompleted(9846))">
				<CustomBehavior File="FlyTo" X="-168.8559" Y="7206.441" Z="18.78996" />
				<CustomBehavior File="ForcedDismount" />
				<Objective QuestName="Spirits of the Feralfen" QuestId="9846" Type="CollectItem" ItemId="24497" CollectCount="10" />
			</If>				
			<If Condition="(HasQuest(9846)) &amp;&amp; (IsQuestCompleted(9846))">
				<CustomBehavior File="FlyTo" X="272.2314" Y="7848.35" Z="23.95657" />	
				<CustomBehavior File="ForcedDismount" />
			</If>
				<If Condition="((HasQuest(9841)) &amp;&amp; (IsQuestCompleted(9841)))" >
			<TurnIn QuestName="Stinging the Stingers" QuestId="9841" TurnInName="Gambarinka" TurnInId="18015" />
				</If>
				<If Condition="((HasQuest(9846)) &amp;&amp; (IsQuestCompleted(9846)))" >
			<TurnIn QuestName="Spirits of the Feralfen" QuestId="9846" TurnInName="Seer Janidi" TurnInId="18017" />
				</If>
			<TurnIn QuestName="Burstcap Mushrooms, Mon!" QuestId="9814" TurnInName="Witch Doctor Tor'gash" TurnInId="18014" />
			<PickUp QuestName="The Sharpest Blades" QuestId="9842" GiverName="Gambarinka" GiverId="18015" />
			<Objective QuestName="The Sharpest Blades" QuestId="9842" Type="CollectItem" ItemId="24493" CollectCount="10" />
			<If Condition="(HasQuest(9842)) &amp;&amp; (IsQuestCompleted(9842))">
				<CustomBehavior File="FlyTo" X="272.2314" Y="7848.35" Z="23.95657" />	
				<CustomBehavior File="ForcedDismount" />
			</If>
			<TurnIn QuestName="The Sharpest Blades" QuestId="9842" TurnInName="Gambarinka" TurnInId="18015" />
			<PickUp QuestName="Observing the Sporelings" QuestId="9701" GiverName="Watcher Leesa'oh" GiverId="17831" />
			<PickUp QuestName="Natural Enemies" QuestId="9743" GiverName="Fahssn" GiverId="17923" />
			<Objective QuestName="Natural Enemies" QuestId="9743" Type="CollectItem" ItemId="24291" CollectCount="6" />
			<TurnIn QuestName="Natural Enemies" QuestId="9743" TurnInName="Fahssn" TurnInId="17923" />
			<If Condition="(HasQuest(9701))">
				<CustomBehavior File="FlyTo" X="-123.5423" Y="8700.68" Z="20.26483" />
				<CustomBehavior File="FlyTo" X="-282.2933" Y="8305.021" Z="19.75948" />
				<CustomBehavior File="ForcedDismount" />	
			</If>						
			<TurnIn QuestName="Observing the Sporelings" QuestId="9701" TurnInName="Watcher Leesa'oh" TurnInId="17831" />
			<PickUp QuestName="A Question of Gluttony" QuestId="9702" GiverName="Watcher Leesa'oh" GiverId="17831" />
			<If Condition="(HasQuest(9702)) &amp;&amp; (!IsQuestCompleted(9702))">
				<CustomBehavior File="FlyTo" X="-177.931" Y="8098.853" Z="18.64097" />	
				<CustomBehavior File="ForcedDismount" />
			</If>
			<Objective QuestName="A Question of Gluttony" QuestId="9702" Type="CollectItem" ItemId="24233" CollectCount="10" />
			<If Condition="(HasQuest(9702)) &amp;&amp; (IsQuestCompleted(9702))">
				<CustomBehavior File="FlyTo" X="-282.2933" Y="8305.021" Z="19.75948" />	
				<CustomBehavior File="ForcedDismount" />
			</If>
			<TurnIn QuestName="A Question of Gluttony" QuestId="9702" TurnInName="Watcher Leesa'oh" TurnInId="17831" />
			<PickUp QuestName="Familiar Fungi" QuestId="9708" GiverName="Watcher Leesa'oh" GiverId="17831" />
			<If Condition="(HasQuest(9708)) &amp;&amp; (!IsQuestCompleted(9708))">
				<CustomBehavior File="FlyTo" X="597.3901" Y="7876.759" Z="22.62398" />
				<CustomBehavior File="ForcedDismount" />
			</If>
			<Objective QuestName="Familiar Fungi" QuestId="9708" Type="CollectItem" ItemId="24238" CollectCount="15" />
			<If Condition="(HasQuest(9708)) &amp;&amp; (IsQuestCompleted(9708))">
				<CustomBehavior File="FlyTo" X="-290.2593" Y="8305.209" Z="19.43753" />
				<CustomBehavior File="ForcedDismount" />
			</If>
			<TurnIn QuestName="Familiar Fungi" QuestId="9708" TurnInName="Watcher Leesa'oh" TurnInId="17831" />
			<PickUp QuestName="Stealing Back the Mushrooms" QuestId="9709" GiverName="Watcher Leesa'oh" GiverId="17831" />
			<If Condition="(HasQuest(9709)) &amp;&amp; (!IsQuestCompleted(9709))">
				<CustomBehavior File="FlyTo" X="1659.895" Y="8636.476" Z="9.879422" />
				<CustomBehavior File="ForcedDismount" />
			</If>
			<Objective QuestName="Stealing Back the Mushrooms" QuestId="9709" Type="CollectItem" ItemId="24240" CollectCount="10" />
			<If Condition="(HasQuest(9709)) &amp;&amp; (IsQuestCompleted(9709))">
				<CustomBehavior File="FlyTo" X="-290.2593" Y="8305.209" Z="19.43753" />
				<CustomBehavior File="ForcedDismount" />
			</If>
			<TurnIn QuestName="Stealing Back the Mushrooms" QuestId="9709" TurnInName="Watcher Leesa'oh" TurnInId="17831" />
<SetGrindArea>
      <GrindArea>
        <TargetMinLevel>61</TargetMinLevel>
        <TargetMaxLevel>63</TargetMaxLevel>
	<Factions>14 1706</Factions>
       <Hotspots>
   		<Hotspot X="553.2792" Y="5208.252" Z="1.367877" />
     	 	<Hotspot X="660.201" Y="5214.353" Z="-0.2847129" />
      		<Hotspot X="732.386" Y="5263.359" Z="-2.290886" />
      		<Hotspot X="779.6201" Y="5312.627" Z="1.551898" />
      		<Hotspot X="832.6967" Y="5407.849" Z="-1.19116" />
      		<Hotspot X="762.1134" Y="5498.835" Z="-0.6157361" />
      		<Hotspot X="646.5386" Y="5518.048" Z="0.08875374" />
      		<Hotspot X="569.6697" Y="5475.122" Z="-2.840886" />
      		<Hotspot X="498.4527" Y="5425.92" Z="-0.7775403" />
      		<Hotspot X="451.8831" Y="5327.287" Z="-2.407789" />
  	</Hotspots>
      </GrindArea>
    </SetGrindArea>
    <GrindTo Level="63" />
		<Checkpoint Level="63" />
			<If Condition="Me.Level == 63">
				<If Condition="Me.ZoneId != 3703">
					<CustomBehavior File="FlyTo" X="-1822.253" Y="5348.094" Z="-12.42696"  />
					<CustomBehavior File="ForcedDismount" />
				</If>
				<CustomBehavior File="ForceSetVendor"  VendorType="Train" />
				<RunTo X="-1753.695" Y="5445.141" Z="-12.42719" />
			</If>
			<If Condition="(Me.ZoneId == 3521) &amp;&amp; (Me.Level == 63)">
				<CustomBehavior File="FlyTo" X="-2616.085" Y="4378.452" Z="34.94125" />
				<CustomBehavior File="ForcedDismount" />
			</If>	
		   <PickUp QuestName="Olemba Seed Oil" QuestId="9993" GiverName="Rakoria" GiverId="18385" />
		   <PickUp QuestName="What's Wrong at Cenarion Thicket?" QuestId="9960" GiverName="Tooki" GiverId="18447" />
		   <PickUp QuestName="Vestments of the Wolf Spirit" QuestId="10018" GiverName="Malukaz" GiverId="18384" />
		   <PickUp QuestName="An Unwelcome Presence" QuestId="10000" GiverName="Kurgatok" GiverId="18383" />
		   <PickUp QuestName="Magical Disturbances" QuestId="10027" GiverName="Kurgatok" GiverId="18383" />
		   <PickUp QuestName="Stymying the Arakkoa" QuestId="9987" GiverName="Rokag" GiverId="18386" />
		   <PickUp QuestName="Speak with Scout Neftis" QuestId="10039" GiverName="Advisor Faila" GiverId="18712" />
		   <PickUp QuestName="Arakkoa War Path" QuestId="10868" GiverName="Advisor Faila" GiverId="18712" />
		   <PickUp QuestName="Surrender to the Horde" QuestId="10862" GiverName="Rokag" GiverId="18386" />
		   <Objective QuestName="Olemba Seed Oil" QuestId="9993" Type="CollectItem" ItemId="25745" CollectCount="30" />
		   <Objective QuestName="Vestments of the Wolf Spirit" QuestId="10018" Type="CollectItem" ItemId="25812" CollectCount="12" />
		   <Objective QuestName="Magical Disturbances" QuestId="10027" Type="KillMob" MobId="18464" KillCount="10" />
		   <PickUp QuestName="What Happens in Terokkar Stays in Terokkar" QuestId="10008" GiverName="Shadowstalker Kaide" GiverId="18566" />
		   <Objective QuestName="An Unwelcome Presence" QuestId="10000" Type="KillMob" MobId="18595" KillCount="12" />
		   <Objective QuestName="What Happens in Terokkar Stays in Terokkar" QuestId="10008" Type="KillMob" MobId="16772" KillCount="10" />
		   <Objective QuestName="What Happens in Terokkar Stays in Terokkar" QuestId="10008" Type="KillMob" MobId="16810" KillCount="6" />
		   <If Condition="(HasQuest(10000)) &amp;&amp; (IsQuestCompleted(10000))">
				<CustomBehavior File="FlyTo" X="-2524.587" Y="3664.545" Z="1.607676" />
				<CustomBehavior File="ForcedDismount" />
			</If>
		   <TurnIn QuestName="An Unwelcome Presence" QuestId="10000" TurnInName="Shadowstalker Kaide" TurnInId="18566" />
		   <TurnIn QuestName="What Happens in Terokkar Stays in Terokkar" QuestId="10008" TurnInName="Shadowstalker Kaide" TurnInId="18566" />
			<If Condition="(HasQuest(9993)) &amp;&amp; (IsQuestCompleted(9993))">
				<CustomBehavior File="FlyTo" X="-2616.085" Y="4378.452" Z="34.94125" />
				<CustomBehavior File="ForcedDismount" />
			</If>	
		   <TurnIn QuestName="Olemba Seed Oil" QuestId="9993" TurnInName="Rakoria" TurnInId="18385" />
		   <TurnIn QuestName="Vestments of the Wolf Spirit" QuestId="10018" TurnInName="Malukaz" TurnInId="18384" />
		   <TurnIn QuestName="Magical Disturbances" QuestId="10027" TurnInName="Kurgatok" TurnInId="18383" />
		   <If Condition="(HasQuest(9987)) &amp;&amp; (!IsQuestCompleted(9987))">
				<CustomBehavior File="FlyTo" X="-1655.078" Y="4438.804" Z="17.98118" />
				<CustomBehavior File="ForcedDismount" />
			</If>	
		   <Objective QuestName="Stymying the Arakkoa" QuestId="9987" Type="KillMob" MobId="18539" KillCount="1" />
		   <Objective QuestName="Stymying the Arakkoa" QuestId="9987" Type="KillMob" MobId="18540" KillCount="1" />
		   <Objective QuestName="Arakkoa War Path" QuestId="10868" Type="KillMob" MobId="18449" KillCount="14" />
		   <Objective QuestName="Arakkoa War Path" QuestId="10868" Type="KillMob" MobId="18450" KillCount="6" />
		   	<If Condition="(HasQuest(9987)) &amp;&amp; (!IsQuestCompleted(9987))">
				<CustomBehavior File="FlyTo" X="-2499.418" Y="5362.338" Z="0.349428" />
				<CustomBehavior File="ForcedDismount" />
			</If>	
		   <Objective QuestName="Stymying the Arakkoa" QuestId="9987" Type="KillMob" MobId="18541" KillCount="1" />
		   <TurnIn QuestName="Stymying the Arakkoa" QuestId="9987" TurnInName="Rokag" TurnInId="18386" />
		   <TurnIn QuestName="Arakkoa War Path" QuestId="10868" TurnInName="Advisor Faila" TurnInId="18712" />
		   
		   <PickUp QuestName="Patriarch Ironjaw" QuestId="10023" GiverName="Malukaz" GiverId="18384" GiverType="NPC" />
		   <PickUp QuestName="Wanted: Bonelashers Dead!" QuestId="10034" GiverName="Wanted Poster" GiverId="182588" GiverType="Object" X="-2629.651" Y="4391.842" Z="34.84769" />
		   <Objective QuestName="Patriarch Ironjaw" QuestId="10023" Type="CollectItem" ItemId="25837" ItemName="Ironjaw's Pelt" CollectCount="1" />
		   <TurnIn QuestName="Patriarch Ironjaw" QuestId="10023" TurnInName="Malukaz" TurnInId="18384" TurnInType="NPC" />
		   <Objective QuestName="Wanted: Bonelashers Dead!" QuestId="10034" Type="KillMob" MobId="18470" MobName="Bonelasher" KillCount="20" />
		   	<If Condition="(HasQuest(10034)) &amp;&amp; (IsQuestCompleted(10034))">
				<CustomBehavior File="FlyTo" X="-2616.085" Y="4378.452" Z="34.94125" />
				<CustomBehavior File="ForcedDismount" />
			</If>	
		   <TurnIn QuestName="Wanted: Bonelashers Dead!" QuestId="10034" TurnInName="Mawg Grimshot" TurnInId="18705" TurnInType="NPC" />
		   <If Condition="(HasQuest(9960))">
				<CustomBehavior File="FlyTo" X="-1943.583" Y="4688.366" Z="-2.22303" />
				<CustomBehavior File="ForcedDismount" />
			</If>	
		   <TurnIn QuestName="What's Wrong at Cenarion Thicket?" QuestId="9960" TurnInName="Earthbinder Tavgren" TurnInId="18446"/>
		   
		   <PickUp QuestName="Clues in the Thicket" QuestId="9971" GiverName="Earthbinder Tavgren" GiverId="18446" GiverType="NPC" />
		   <PickUp QuestName="Strange Energy" QuestId="9968" GiverName="Earthbinder Tavgren" GiverId="18446" GiverType="NPC" />
		   <Objective QuestName="Clues in the Thicket" QuestId="9971" Type="UseObject" ObjectId="183789" ObjectName="Strange Object examined" UseCount="1" />
		   <Objective QuestName="Strange Energy" QuestId="9968" Type="CollectItem" ItemId="25672" ItemName="Teromoth Sample" CollectCount="4" />
		   <Objective QuestName="Strange Energy" QuestId="9968" Type="CollectItem" ItemId="24279" ItemName="Vicious Teromoth Sample" CollectCount="4" />
		   <TurnIn QuestName="Clues in the Thicket" QuestId="9971" TurnInName="Earthbinder Tavgren" TurnInId="18446" TurnInType="NPC" />
		   <TurnIn QuestName="Strange Energy" QuestId="9968" TurnInName="Earthbinder Tavgren" TurnInId="18446" TurnInType="NPC" />
		   <TurnIn QuestName="Speak with Scout Neftis" QuestId="10039" TurnInName="Scout Neftis" TurnInId="18714" TurnInType="NPC" />
		   <PickUp QuestName="Before Darkness Falls" QuestId="10878" GiverName="Mekeda" GiverId="22370" GiverType="NPC" />
		   <Objective QuestName="Before Darkness Falls" QuestId="10878" Type="KillMob" MobId="21907" MobName="Cabal Initiate" KillCount="2" />
		   <Objective QuestName="Before Darkness Falls" QuestId="10878" Type="KillMob" MobId="21661" MobName="Cabal Skirmisher" KillCount="8" />
		   <Objective QuestName="Before Darkness Falls" QuestId="10878" Type="KillMob" MobId="21902" MobName="Cabal Spell-weaver" KillCount="4" />
		   <TurnIn QuestName="Before Darkness Falls" QuestId="10878" TurnInName="Mekeda" TurnInId="22370" TurnInType="NPC" />
		   <PickUp QuestName="The Dread Relic" QuestId="10877" GiverName="Oakun" GiverId="22456" GiverType="NPC" />
		   <Objective QuestName="The Dread Relic" QuestId="10877" Type="CollectItem" ItemId="31697" ItemName="Dread Relic" CollectCount="1" />
		   <TurnIn QuestName="The Dread Relic" QuestId="10877" TurnInName="Oakun" TurnInId="22456" TurnInType="NPC" />
		   <PickUp QuestName="For the Fallen" QuestId="10920" GiverName="Vindicator Haylen" GiverId="22462" GiverType="NPC" />
		   <Objective QuestName="For the Fallen" QuestId="10920" Type="KillMob" MobId="18467" MobName="Dreadfang Widow" KillCount="20" />
		   <TurnIn QuestName="For the Fallen" QuestId="10920" TurnInName="Vindicator Haylen" TurnInId="22462" TurnInType="NPC" />
		   <TurnIn QuestName="Surrender to the Horde" QuestId="10862" TurnInName="Rilak the Redeemed" TurnInId="22292" TurnInType="NPC" />
		   <PickUp QuestName="Reinforcements for Garadar" QuestId="9797" GiverName="Messenger Gazgrigg" GiverId="18091" GiverType="NPC" />
		   <TurnIn QuestName="Reinforcements for Garadar" QuestId="9797" TurnInName="Captain Kroghan" TurnInId="18090" TurnInType="NPC" />
	<SetGrindArea>
      <GrindArea>
        <TargetMinLevel>63</TargetMinLevel>
        <TargetMaxLevel>66</TargetMaxLevel>
	<Factions>7 14 91</Factions>
       <Hotspots>
				<Hotspot X="-1535.106" Y="7594.53" Z="-5.453713" />
				<Hotspot X="-1726.07" Y="7466.146" Z="-6.394394" />
				<Hotspot X="-1548.056" Y="7375.307" Z="1.38904" />
				<Hotspot X="-1421.962" Y="7488.297" Z="4.52206" />
				<Hotspot X="-1595.754" Y="7461.837" Z="-4.490247" />
  	</Hotspots>
      </GrindArea>
    </SetGrindArea>
    <GrindTo Level="65" />
	<Checkpoint Level="65" />
			<If Condition="Me.Level == 65">
				<If Condition="Me.ZoneId != 3703">
					<CustomBehavior File="FlyTo" X="-1822.253" Y="5348.094" Z="-12.42696"  />
					<CustomBehavior File="ForcedDismount" />
				</If>
				<CustomBehavior File="ForceSetVendor"  VendorType="Train" />
				<RunTo X="-1753.695" Y="5445.141" Z="-12.42719" />
			</If>
			<!-- add a rep farm up to here for Garadar rep like we did with Kurenai (ally) -->
			<PickUp QuestName="The Impotent Leader" QuestId="9888" GiverName="Jorin Deadeye" GiverId="18106" />
			<If Condition="(HasQuest(9888))">
				<CustomBehavior File="FlyTo" X="-3189.045" Y="6017.033" Z="0.001497116" />
				<CustomBehavior File="ForcedDismount" />
		   </If>	
			<TurnIn QuestName="The Impotent Leader" QuestId="9888" TurnInName="Kilrath" TurnInId="18273" />
			<PickUp QuestName="Don't Kill the Fat One" QuestId="9889" GiverName="Kilrath" GiverId="18273" />
			<Objective QuestName="Don't Kill the Fat One" QuestId="9889" Type="KillMob" MobId="18260" KillCount="10" />
			<TurnIn QuestName="Don't Kill the Fat One" QuestId="9889" TurnInName="Unkor the Ruthless" TurnInId="18262" />
			<PickUp QuestName="Success!" QuestId="9890" GiverName="Unkor the Ruthless" GiverId="18262" />
			<If Condition="(HasQuest(9890))">
				<CustomBehavior File="FlyTo" X="-1348.161" Y="7231.33" Z="33.38664" />
				<CustomBehavior File="ForcedDismount" />
		   </If>	
			<TurnIn QuestName="Success!" QuestId="9890" TurnInName="Kilrath" TurnInId="18273" />
			<PickUp QuestName="Because Kilrath is a Coward" QuestId="9891" GiverName="Kilrath" GiverId="18273" />
			<TurnIn QuestName="Because Kilrath is a Coward" QuestId="9891" TurnInName="Jorin Deadeye" TurnInId="18106" />
			<PickUp QuestName="Message in a Battle" QuestId="9906" GiverName="Jorin Deadeye" GiverId="18106" GiverType="NPC" />
			<PickUp QuestName="Standards and Practices" QuestId="9910" GiverName="Elkay'gan the Mystic" GiverId="18300" />
			<PickUp QuestName="The Throne of the Elements" QuestId="9870" GiverName="Elementalist Yal'hah" GiverId="18234" GiverType="NPC" />
			<PickUp QuestName="Wanted: Giselda the Crone" QuestId="9935" GiverName="Garadar Bulletin Board" GiverId="182392" GiverType="Object" X="-1356.721" Y="7215.803" Z="33.45776"/>
			<PickUp QuestName="Wanted: Zorbo the Advisor" QuestId="9939" GiverName="Garadar Bulletin Board" GiverId="182392" GiverType="Object" X="-1356.721" Y="7215.803" Z="33.45776"/>
			<PickUp QuestName="The Missing War Party" QuestId="9864" GiverName="Farseer Corhuk" GiverId="18067" GiverType="NPC" />
			<PickUp QuestName="Murkblood Leaders..." QuestId="9867" GiverName="Farseer Margadesh" GiverId="18068" GiverType="NPC" />
			<PickUp QuestName="Proving Your Strength" QuestId="10479" GiverName="Warden Bullrok" GiverId="18407" GiverType="NPC" />
			<If Condition="(HasQuest(9906)) &amp;&amp; (!IsQuestCompleted(9906))">
				<CustomBehavior File="FlyTo" X="-2230.274" Y="6200.396" Z="48.90703" />
				<CustomBehavior File="ForcedDismount" />
		   </If>	
			<Objective QuestName="Message in a Battle" QuestId="9906" Type="KillMob" MobId="17134" MobName="Boulderfist Crusher" KillCount="8" />
			<Objective QuestName="Message in a Battle" QuestId="9906" Type="KillMob" MobId="17135" MobName="Boulderfist Mystic" KillCount="8" />
			<UseItem QuestName="Standards and Practices" QuestId="9910" ItemId="25458"  X="-2530.05" Y="6170.64" Z="59.93946"  /> 
			<UseItem QuestName="Standards and Practices" QuestId="9910" ItemId="25458" X="-2528.682" Y="6305.141" Z="14.07911" /> 
			<UseItem QuestName="Standards and Practices" QuestId="9910" ItemId="25458" X="-2474.79" Y="6101.527" Z="92.07058"  /> 
			<If Condition="(HasQuest(9935)) &amp;&amp; (!IsQuestCompleted(9935))">
				<CustomBehavior File="FlyTo" X="-2869.556" Y="6356.404" Z="87.75851" />
				<CustomBehavior File="ForcedDismount" />
		   </If>	
			<Objective QuestName="Wanted: Giselda the Crone" QuestId="9935" Type="KillMob" MobId="18391" MobName="Giselda the Crone" KillCount="1"  />
			<Objective QuestName="Wanted: Giselda the Crone" QuestId="9935" Type="KillMob" MobId="21276" MobName="Kil'sorrow Agent" KillCount="10" />
			<If Condition="(HasQuest(9939)) &amp;&amp; (!IsQuestCompleted(9939))">
				<CustomBehavior File="FlyTo" X="-789.6053" Y="7565.776" Z="54.22437" />
				<CustomBehavior File="ForcedDismount" />
		   </If>
			<Objective QuestName="Wanted: Zorbo the Advisor" QuestId="9939" Type="KillMob" MobId="17138" MobName="Warmaul Reaver" KillCount="5" />
			<Objective QuestName="Wanted: Zorbo the Advisor" QuestId="9939" Type="KillMob" MobId="18064" MobName="Warmaul Shaman" KillCount="5" />
			<Objective QuestName="Wanted: Zorbo the Advisor" QuestId="9939" Type="KillMob" MobId="18413" MobName="Zorbo the Advisor" KillCount="1" />
			<Objective QuestName="Proving Your Strength" QuestId="10479" Type="CollectItem" ItemId="25433" ItemName="Obsidian Warbeads" CollectCount="10" />
			<Objective QuestName="Murkblood Leaders..." QuestId="9867" Type="CollectItem" ItemId="24543" ItemName="Head of Ortor of Murkblood" CollectCount="1" />
			<If Condition="(HasQuest(9906)) &amp;&amp; (IsQuestCompleted(9906))">
				<CustomBehavior File="FlyTo" X="-1382.442" Y="7256.505" Z="26.55821" />
				<CustomBehavior File="ForcedDismount" />
		   </If>
			<TurnIn QuestName="Message in a Battle" QuestId="9906" TurnInName="Jorin Deadeye" TurnInId="18106" TurnInType="NPC" />
			<TurnIn QuestName="Proving Your Strength" QuestId="10479" TurnInName="Warden Bullrok" TurnInId="18407" TurnInType="NPC" />
			<TurnIn QuestName="Standards and Practices" QuestId="9910" TurnInName="Elkay'gan the Mystic" TurnInId="18300" />
			<TurnIn QuestName="Wanted: Giselda the Crone" QuestId="9935" TurnInName="Warden Bullrok" TurnInId="18407" TurnInType="NPC" />
			<TurnIn QuestName="Wanted: Zorbo the Advisor" QuestId="9939" TurnInName="Warden Bullrok" TurnInId="18407" TurnInType="NPC" />
			<TurnIn QuestName="Murkblood Leaders..." QuestId="9867" TurnInName="Farseer Margadesh" TurnInId="18068" TurnInType="NPC" />
			<If Condition="(HasQuest(9864)) &amp;&amp; (IsQuestCompleted(9864))">
				<CustomBehavior File="FlyTo" X="-1289.017" Y="8498.319" Z="15.7188" />
				<CustomBehavior File="ForcedDismount" />
		   </If>
			<TurnIn QuestName="The Missing War Party" QuestId="9864" TurnInName="Saurfang the Younger" TurnInId="18229" TurnInType="NPC" />
		   <If Condition="(HasQuest(9870))">
				<CustomBehavior File="FlyTo" X="-2074.688" Y="7469.878" Z="-20.14643" />
				<CustomBehavior File="ForcedDismount" />
		   </If>
		   <PickUp QuestName="An Audacious Advance" QuestId="9907" GiverName="Jorin Deadeye" GiverId="18106" />
		   <PickUp QuestName="Bleeding Hollow Supply Crates" QuestId="9916" GiverName="Elkay'gan the Mystic" GiverId="18300" />
		   	<If Condition="(HasQuest(9870))">
				<CustomBehavior File="FlyTo" X="-781.0938" Y="6944.35" Z="33.32591" />
				<CustomBehavior File="ForcedDismount" />
		   </If>
			<TurnIn QuestName="The Throne of the Elements" QuestId="9870" TurnInName="Elementalist Sharvak" TurnInId="18072" TurnInType="NPC" />
			<Objective QuestName="Bleeding Hollow Supply Crates" QuestId="9916" Type="CollectItem" ItemId="25460" CollectCount="10" />
			<Objective QuestName="An Audacious Advance" QuestId="9907" Type="KillMob" MobId="17136" KillCount="10" />
			<Objective QuestName="An Audacious Advance" QuestId="9907" Type="KillMob" MobId="17137" KillCount="10" />
			<If Condition="(HasQuest(9916)) &amp;&amp; (IsQuestCompleted(9916))">
				<CustomBehavior File="FlyTo" X="-1352.336" Y="7240.614" Z="32.95293" />
				<CustomBehavior File="ForcedDismount" />
		   </If>
			<TurnIn QuestName="Bleeding Hollow Supply Crates" QuestId="9916" TurnInName="Elkay'gan the Mystic" TurnInId="18300" />
			<TurnIn QuestName="An Audacious Advance" QuestId="9907" TurnInName="Jorin Deadeye" TurnInId="18106" />
			<PickUp QuestName="Missing Mag'hari Procession" QuestId="9944" GiverName="Matron Drakia" GiverId="18302" />
	   		<If Condition="(HasQuest(9944))">
				<CustomBehavior File="FlyTo" X="-1293.153" Y="8511.656" Z="16.39718" />
				<CustomBehavior File="ForcedDismount" />
		   </If>
			<TurnIn QuestName="Missing Mag'hari Procession" QuestId="9944" TurnInName="Elder Yorley" TurnInId="18414" />
			<PickUp QuestName="War on the Warmaul" QuestId="9945" GiverName="Elder Yorley" GiverId="18414" />
			<PickUp QuestName="Once Were Warriors" QuestId="9865" GiverName="Saurfang the Younger" GiverId="18229" />
			<Objective QuestName="War on the Warmaul" QuestId="9945" Type="KillMob" MobId="18065" KillCount="8" />
			<Objective QuestName="War on the Warmaul" QuestId="9945" Type="KillMob" MobId="18037" KillCount="8" />
			<TurnIn QuestName="War on the Warmaul" QuestId="9945" TurnInName="Elder Yorley" TurnInId="18414" />
			<Objective QuestName="Once Were Warriors" QuestId="9865" Type="KillMob" MobId="18207" KillCount="20" />
			<Objective QuestName="Once Were Warriors" QuestId="9865" Type="KillMob" MobId="18203" KillCount="10" />
			<TurnIn QuestName="Once Were Warriors" QuestId="9865" TurnInName="Saurfang the Younger" TurnInId="18229" /> 
			<PickUp QuestName="He Will Walk The Earth..." QuestId="9866" GiverName="Saurfang the Younger" GiverId="18229" />
			<If Condition="(HasQuest(9866))">
				<CustomBehavior File="FlyTo" X="-1421.634" Y="7275.281" Z="25.64089" />
				<CustomBehavior File="ForcedDismount" />
		   </If>
			<TurnIn QuestName="He Will Walk The Earth..." QuestId="9866" TurnInName="Farseer Corhuk" TurnInId="18067" />
			<PickUp QuestName="The Consortium Needs You!" QuestId="9913" GiverName="Consortium Recruiter" GiverId="18335" />
			<If Condition="(HasQuest(9913))">
				<CustomBehavior File="FlyTo" X="-2067.727" Y="8556.471" Z="23.64554" />
				<CustomBehavior File="ForcedDismount" />
		   </If>
			<TurnIn QuestName="The Consortium Needs You!" QuestId="9913" TurnInName="Gezhe" TurnInId="18265" />
			<PickUp QuestName="Stealing from Thieves" QuestId="9882" GiverName="Gezhe" GiverId="18265" />
			<PickUp QuestName="Gava'xi" QuestId="9900" GiverName="Zerid" GiverId="18276" />
			<PickUp QuestName="Matters of Security" QuestId="9925" GiverName="Zerid" GiverId="18276" />
			<If Condition="HasQuest(9882)">
				<CustomBehavior File="UseGameObject" QuestId="9882" ObjectId="182258" X="-2262.19" Y="8416.72" Z="-31.75497" />
			</If>
			<If Condition="(HasQuest(9900)) &amp;&amp; (!IsQuestCompleted(9900))">
				<CustomBehavior File="FlyTo" X="-2632.442" Y="7930.739" Z="-52.38733" />
				<CustomBehavior File="ForcedDismount" />
		   </If>
			<Objective QuestName="Gava'xi" QuestId="9900" Type="KillMob" MobId="18298" KillCount="1" />
			<Objective QuestName="Matters of Security" QuestId="9925" Type="KillMob" MobId="17981" KillCount="8" />
			<If Condition="(HasQuest(9882)) &amp;&amp; (!IsQuestCompleted(9882))">
				<CustomBehavior File="FlyTo" X="-2110.28" Y="8576.162" Z="19.10522" />
				<CustomBehavior File="ForcedDismount" />
		   </If>
			<TurnIn QuestName="Stealing from Thieves" QuestId="9882" TurnInName="Gezhe" TurnInId="18265" />
			<TurnIn QuestName="Gava'xi" QuestId="9900" TurnInName="Zerid" TurnInId="18276" />
			<TurnIn QuestName="Matters of Security" QuestId="9925" TurnInName="Zerid" TurnInId="18276" />
	<SetGrindArea>
      <GrindArea>
        <TargetMinLevel>63</TargetMinLevel>
        <TargetMaxLevel>66</TargetMaxLevel>
	<Factions>7 14 91</Factions>
       <Hotspots>
				<Hotspot X="-1535.106" Y="7594.53" Z="-5.453713" />
				<Hotspot X="-1726.07" Y="7466.146" Z="-6.394394" />
				<Hotspot X="-1548.056" Y="7375.307" Z="1.38904" />
				<Hotspot X="-1421.962" Y="7488.297" Z="4.52206" />
				<Hotspot X="-1595.754" Y="7461.837" Z="-4.490247" />
  	</Hotspots>
      </GrindArea>
    </SetGrindArea>
    <GrindTo Level="66" />
			
		   <If Condition="(Me.ZoneId == 3518) &amp;&amp; (!HasQuest(9872))">
				<CustomBehavior File="FlyTo" X="2382.785" Y="6045.664" Z="139.4119" />
				<CustomBehavior File="ForcedDismount" />
		   </If>
<!--Begin Blade's Edge Mountains-->		   
			<PickUp QuestName="Felling an Ancient Tree" QuestId="10489" GiverName="Wanted Poster" GiverId="184660" GiverType="Object" X="2319.846" Y="6029.118" Z="142.6216" />/>
			<PickUp QuestName="The Encroaching Wilderness" QuestId="10486" GiverName="Gor'drek" GiverId="21117" />
			<PickUp QuestName="The Bladespire Threat" QuestId="10503" GiverName="Tor'chunk Twoclaws" GiverId="21147" />
			<Objective QuestName="The Bladespire Threat" QuestId="10503" Type="KillMob" MobId="19995" KillCount="30" />
			<Objective QuestName="The Bladespire Threat" QuestId="10503" Type="KillMob" MobId="20728" KillCount="10" />
			<Objective QuestName="The Encroaching Wilderness" QuestId="10486" Type="KillMob" MobId="21033" KillCount="12" />
			<If Condition="(HasQuest(10489)) &amp;&amp; (!IsQuestCompleted(10489))">
				<CustomBehavior File="FlyTo" X="1759.678" Y="6807.536" Z="137.1203" />
				<CustomBehavior File="ForcedDismount" />
		    </If>
			<Objective QuestName="Felling an Ancient Tree" QuestId="10489" Type="CollectItem" ItemId="30177" CollectCount="1" />
			<If Condition="(HasQuest(10489)) &amp;&amp; (IsQuestCompleted(10489))">
				<CustomBehavior File="FlyTo" X="2302.473" Y="6010.71" Z="142.5589" />
				<CustomBehavior File="ForcedDismount" />
		    </If>
			<TurnIn QuestName="The Encroaching Wilderness" QuestId="10486" TurnInName="Gor'drek" TurnInId="21117" />
			<TurnIn QuestName="The Bladespire Threat" QuestId="10503" TurnInName="Tor'chunk Twoclaws" TurnInId="21147" />
			<TurnIn QuestName="Felling an Ancient Tree" QuestId="10489" TurnInName="Tor'chunk Twoclaws" TurnInId="21147" />	   
			<PickUp QuestName="The Bloodmaul Ogres" QuestId="10505" GiverName="Tor'chunk Twoclaws" GiverId="21147" />
			<PickUp QuestName="Dust from the Drakes" QuestId="10487" GiverName="Gor'drek" GiverId="21117" />
			<If Condition="(HasQuest(10505)) &amp;&amp; (!IsQuestCompleted(10505))">
				<CustomBehavior File="FlyTo" X="2135.785" Y="6369.635" Z="-9.93316" />
				<CustomBehavior File="ForcedDismount" />
		    </If>
			<Objective QuestName="The Bloodmaul Ogres" QuestId="10505" Type="KillMob" MobId="19991" KillCount="30" />
			<Objective QuestName="Dust from the Drakes" QuestId="10487" Type="CollectItem" ItemId="30174" CollectCount="4" />
			<If Condition="(HasQuest(10505)) &amp;&amp; (IsQuestCompleted(10505))">
				<CustomBehavior File="FlyTo" X="2302.473" Y="6010.71" Z="142.5589" />
				<CustomBehavior File="ForcedDismount" />
		    </If>
			<TurnIn QuestName="The Bloodmaul Ogres" QuestId="10505" TurnInName="Tor'chunk Twoclaws" TurnInId="21147" />
			<TurnIn QuestName="Dust from the Drakes" QuestId="10487" TurnInName="Gor'drek" TurnInId="21117" />
			<PickUp QuestName="Protecting Our Own" QuestId="10488" GiverName="Gor'drek" GiverId="21117" />
				<If Condition="((HasQuest(10488)) &amp;&amp; (!IsQuestCompleted(10488)))" >
					<CustomBehavior File="UseItemOn" QuestId="10488" ItemId="30175" MobId="20748" NumOfTimes="20" WaitTime="1000" Range="5" X="2092.474" Y="6085.685" Z="146.4345" />
				</If>
			<TurnIn QuestName="Protecting Our Own" QuestId="10488" TurnInName="Gor'drek" TurnInId="21117" />
			<PickUp QuestName="Creating the Pendant" QuestId="10567" GiverName="Timeon" GiverId="21782" />
			<PickUp QuestName="Culling the Wild" QuestId="10753" GiverName="Faradrella" GiverId="22133" />
			<PickUp QuestName="Little Embers" QuestId="10770" GiverName="Mosswood the Ancient" GiverId="22053" />
			<PickUp QuestName="From the Ashes" QuestId="10771" GiverName="Mosswood the Ancient" GiverId="22053" />
			<If Condition="(HasQuest(10567)) &amp;&amp; (!IsQuestCompleted(10567))">
				<Objective QuestName="Creating the Pendant" QuestId="10567" Type="CollectItem" ItemId="30704" CollectCount="6" />
				<UseItem QuestId="10567" ItemId="30704" X="3211.71" Y="5347.735" Z="144.5373" />
			</If>
			<If Condition="(HasQuest(10567)) &amp;&amp; (!IsQuestCompleted(10567))">
				<CustomBehavior File="WaitTimer" WaitTime="5000" />
			</If>
			<Objective QuestName="Creating the Pendant" QuestId="10567" Type="CollectItem" ItemId="30706" CollectCount="1" />
			<Objective QuestName="Culling the Wild" QuestId="10753" Type="KillMob" MobId="21123" KillCount="4" />
			<Objective QuestName="Culling the Wild" QuestId="10753" Type="KillMob" MobId="21124" KillCount="4" />
			<Objective QuestName="Culling the Wild" QuestId="10753" Type="KillMob" MobId="21300" KillCount="2" />
			<Objective QuestName="From the Ashes" QuestId="10771" Type="UseObject" ObjectId="185124" UseCount="1" />
			<Objective QuestName="From the Ashes" QuestId="10771" Type="UseObject" ObjectId="185147" UseCount="1" />
			<Objective QuestName="From the Ashes" QuestId="10771" Type="UseObject" ObjectId="185148" UseCount="1" />
			<If Condition="(HasQuest(10770)) &amp;&amp; (!IsQuestCompleted(10770))">
				<CustomBehavior File="FlyTo" X="3580.129" Y="4943.694" Z="269.4295" />
				<CustomBehavior File="ForcedDismount" />
			</If>
			<Objective QuestName="Little Embers" QuestId="10770" Type="KillMob" MobId="21021" KillCount="8" />
			<TurnIn QuestName="From the Ashes" QuestId="10771" TurnInName="Mosswood the Ancient" TurnInId="22053" />
			<TurnIn QuestName="Creating the Pendant" QuestId="10567" TurnInName="Timeon" TurnInId="21782" />	
			<TurnIn QuestName="Little Embers" QuestId="10770" TurnInName="Mosswood the Ancient" TurnInId="22053" />	
			<TurnIn QuestName="Culling the Wild" QuestId="10753" TurnInName="Faradrella" TurnInId="22133" />
			<PickUp QuestName="The Softest Wings" QuestId="10618" GiverName="Silmara" GiverId="21896" />
			<PickUp QuestName="Silkwing Cocoons" QuestId="10617" GiverName="Taerek" GiverId="21895" />
			<PickUp QuestName="Mok'Nathal Treats" QuestId="10860" GiverName="Matron Varah" GiverId="21088" />
			<Objective QuestName="Mok'Nathal Treats" QuestId="10860" Type="CollectItem" ItemId="31670" CollectCount="3" />
			<Objective QuestName="Mok'Nathal Treats" QuestId="10860" Type="CollectItem" ItemId="31671" CollectCount="3" />
			<Objective QuestName="The Softest Wings" QuestId="10618" Type="CollectItem" ItemId="30792" CollectCount="12" />
			<Objective QuestName="Silkwing Cocoons" QuestId="10617" Type="CollectItem" ItemId="30791" CollectCount="8" />	
			<TurnIn QuestName="The Softest Wings" QuestId="10618" TurnInName="Silmara" TurnInId="21896" />
			<TurnIn QuestName="Silkwing Cocoons" QuestId="10617" TurnInName="Taerek" TurnInId="21895" />
			<TurnIn QuestName="Mok'Nathal Treats" QuestId="10860" TurnInName="Matron Varah" TurnInId="21088" />
<!--END Blade's Edge Mountains Questing-->

<!--BEGIN BAG ITEMS QUESTING-->
			
			<If Condition="(HasItem(31489))">
				<CustomBehavior File="FlyTo" X="2937.764" Y="5412.755" Z="147.1962" />
				<CustomBehavior File="ForcedDismount" />
				<PickUp QuestName="The Truth Unorbed" QuestId="10825" GiverName="Orb of the Grishna" GiverType="Item" GiverId="31489" />
				<TurnIn QuestName="The Truth Unorbed" QuestId="10825" TurnInName="Tree Warden Chawn" TurnInId="22007" />
			</If>
			<If Condition="HasItem(31384)">
				<PickUp QuestName="Damaged Mask" QuestId="10810" GiverName="Damaged Mask" GiverType="Item" GiverId="31384" />
				<TurnIn QuestName="Damaged Mask" QuestId="10810" TurnInName="O'Mally Zapnabber" TurnInId="22020" />			
			</If>
			<If Condition="HasItem(30431)">
				<CustomBehavior File="FlyTo" X="2709.166" Y="6570.411" Z="21.54402" />
				<CustomBehavior File="ForcedDismount" />
				<PickUp QuestName="Thunderlord Clan Artifacts" QuestId="10524" GiverName="Thunderlord Clan Artifact" GiverType="Item" GiverId="30431" />
				<Objective QuestName="Thunderlord Clan Artifacts" QuestId="10524" Type="CollectItem" ItemId="30433" CollectCount="1" />
				<Objective QuestName="Thunderlord Clan Artifacts" QuestId="10524" Type="CollectItem" ItemId="30432" CollectCount="1" />
				<Objective QuestName="Thunderlord Clan Artifacts" QuestId="10524" Type="CollectItem" ItemId="30434" CollectCount="1" />
				<TurnIn QuestName="Thunderlord Clan Artifacts" QuestId="10524" TurnInName="Rokgah Bloodgrip" TurnInId="21311" />
			</If>
			<If Condition="HasItem(24558)">
				<CustomBehavior File="FlyTo" X="-1348.772" Y="7232.752" Z="33.10385" />
				<CustomBehavior File="ForcedDismount" />
				<PickUp QuestName="Murkblood Invaders" QuestId="9872" GiverName="Murkblood Invasion Plans" GiverType="Item" GiverId="24558" />
				<TurnIn QuestName="Murkblood Invaders" QuestId="9872" TurnInName="Garrosh" TurnInId="18063" />
			</If>
			<If Condition="HasItem(24504)">
				<CustomBehavior File="FlyTo" X="-782.9855" Y="6945.886" Z="33.38065" />
				<CustomBehavior File="ForcedDismount" />
				<PickUp QuestName="The Howling Wind" QuestId="9861" GiverName="Howling Wind" GiverType="Item" GiverId="24504" />
				<TurnIn QuestName="The Howling Wind" QuestId="9861" TurnInName="Elementalist Morgh" TurnInId="18074" />
			</If>
			<If Condition="HasItem(31707)">
				<CustomBehavior File="FlyTo" X="-2826.811" Y="5018.418" Z="-15.82946" />
				<CustomBehavior File="ForcedDismount" />
				<PickUp QuestName="Cabal Orders" QuestId="10880" GiverName="Cabal Orders" GiverType="Item" GiverId="31707" />
				<TurnIn QuestName="Cabal Orders" QuestId="10880" TurnInName="Mekeda" TurnInId="22370" />
			</If>
			<If Condition="HasItem(25459)">
				<CustomBehavior File="FlyTo" X="-296.9001" Y="8234.446" Z="20.68812" />
				<CustomBehavior File="ForcedDismount" />
				<PickUp QuestName="The Count of the Marshes" QuestId="9911" GiverName="Count Ungula's Mandible" GiverType="Item" GiverId="25459" />
				<TurnIn QuestName="The Count of the Marshes" QuestId="9911" TurnInName="Watcher Leesa'oh" TurnInId="17831" />
			</If>
<!--END BAG ITEM'S QUESTING-->

<!--BEGIN NETHERSTORM QUESTING-->
   <SetGrindArea>
    <GrindArea>
    <TargetMinLevel>65</TargetMinLevel>
    <TargetMaxLevel>67</TargetMaxLevel>
    <Factions>14 1706</Factions>
    <Hotspots>
     <Hotspot X="2629.677" Y="6480.76" Z="2.757704" />
     <Hotspot X="2573.416" Y="6627.572" Z="13.4604" />
     <Hotspot X="2508.883" Y="6559.633" Z="-0.2674615" />
     <Hotspot X="2432.99" Y="6627.843" Z="3.172955" />
     <Hotspot X="2369.675" Y="6725.803" Z="15.95834" />
     <Hotspot X="2338.978" Y="6652.243" Z="15.82218" />
     <Hotspot X="2372.002" Y="6525.1" Z="3.223391" />
     <Hotspot X="2451.422" Y="6421.166" Z="-10.33867" />
     <Hotspot X="2525.648" Y="6280.945" Z="14.01903" />
     <Hotspot X="2570.236" Y="6245.342" Z="11.92528" />
    </Hotspots>
    </GrindArea>
   </SetGrindArea>

   <GrindTo Level="67"/>

   <PickUp QuestName="You're Hired!" GiverName="Rocket-Chief Fuselage" QuestId="10186" GiverId="19570" />	
   <PickUp QuestName="Consortium Crystal Collection" GiverName="Nether-Stalker Khay'ji" QuestId="10265" GiverId="19880" />
   <PickUp QuestName="Securing the Shaleskin Shale" GiverName="Boots" QuestId="10342" GiverId="19617" />
   <Objective QuestName="You're Hired!" QuestId="10186" Type="Collect" CollectCount="10" ItemId="28364" />
   <Objective QuestName="Consortium Crystal Collection" QuestId="10265" Type="Collect" CollectCount="1" ItemId="28829" />
   <Objective QuestName="Securing the Shaleskin Shale" QuestId="10342" Type="Collect" CollectCount="5" ItemId="29464" />
   <TurnIn QuestName="Securing the Shaleskin Shale" TurnInName="Boots" QuestId="10342" TurnInId="19617" />
   <PickUp QuestName="That Little Extra Kick" GiverName="Boots" QuestId="10199" GiverId="19617" />
   <TurnIn QuestName="You're Hired!" TurnInName="Rocket-Chief Fuselage" QuestId="10186" TurnInId="19570" />
   <PickUp QuestName="Report to Engineering" GiverName="Rocket-Chief Fuselage" QuestId="10225" GiverId="19570" />
   <TurnIn QuestName="Consortium Crystal Collection" TurnInName="Nether-Stalker Khay'ji" QuestId="10265" TurnInId="19880" />
   <PickUp QuestName="A Heap of Ethereals" GiverName="Nether-Stalker Khay'ji" QuestId="10262" GiverId="19880" />
   <TurnIn QuestName="Report to Engineering" TurnInName="Chief Engineer Trep" QuestId="10225" TurnInId="19709" />
   <PickUp QuestName="Essence for the Engines" GiverName="Chief Engineer Trep" QuestId="10224" GiverId="19709" />
   <Objective QuestName="That Little Extra Kick" QuestId="10199" Type="Collect" CollectCount="5" ItemId="28417" />
   <Objective QuestName="A Heap of Ethereals" QuestId="10262" Type="Collect" CollectCount="10" ItemId="29209" />
   <Objective QuestName="Essence for the Engines" QuestId="10224" Type="Collect" CollectCount="7" ItemId="28527" />
   <TurnIn QuestName="Essence for the Engines" TurnInName="Chief Engineer Trep" QuestId="10224" TurnInId="19709" />
   <TurnIn QuestName="A Heap of Ethereals" TurnInName="Nether-Stalker Khay'ji" QuestId="10262" TurnInId="19880" />
   <PickUp QuestName="Warp-Raider Nesaad" GiverName="Nether-Stalker Khay'ji" QuestId="10205" GiverId="19880" />
   <TurnIn QuestName="That Little Extra Kick" TurnInName="Boots" QuestId="10199" TurnInId="19617" />
   <PickUp QuestName="Pick Your Part" GiverName="Papa Wheeler" QuestId="10206" GiverId="19645" />
   <Objective QuestName="Pick Your Part" QuestId="10206" Type="Collect" CollectCount="10" ItemId="28457" />
   <Objective QuestName="Warp-Raider Nesaad" QuestId="10205" Type="KillMob" KillCount="1" MobId="19641" />
   <TurnIn QuestName="Warp-Raider Nesaad" TurnInName="Nether-Stalker Khay'ji" QuestId="10205" TurnInId="19880" />
   <PickUp QuestName="Request for Assistance" GiverName="Nether-Stalker Khay'ji" QuestId="10266" GiverId="19880" />
   <TurnIn QuestName="Pick Your Part" TurnInName="Papa Wheeler" QuestId="10206" TurnInId="19645" />
   <PickUp QuestName="Help Mama Wheeler" GiverName="Papa Wheeler" QuestId="10333" GiverId="19645" />
   <TurnIn QuestName="Help Mama Wheeler" TurnInName="Mama Wheeler" QuestId="10333" TurnInId="19728" />
   <PickUp QuestName="One Demon's Trash..." GiverName="Mama Wheeler" QuestId="10234" GiverId="19728" />
   <TurnIn QuestName="Request for Assistance" TurnInName="Gahruj" QuestId="10266" TurnInId="20066" />
   <PickUp QuestName="Rightful Repossession" GiverName="Gahruj" QuestId="10267" GiverId="20066" />
   <PickUp QuestName="Keeping Up Appearances" GiverName="Shauly Pore" QuestId="10433" GiverId="20921" />
   <PickUp QuestName="New Opportunities" GiverName="Mehrdad" QuestId="10348" GiverId="20810" />
   <Objective QuestName="Rightful Repossession" QuestId="10267" Type="Collect" CollectCount="10" ItemId="28913" />
   <Objective QuestName="One Demon's Trash..." QuestId="10234" Type="Collect" CollectCount="10" ItemId="28551" />
   <Objective QuestName="New Opportunities" QuestId="10348" Type="Collect" CollectCount="15" ItemId="29474" />
   <Objective QuestName="Keeping Up Appearances" QuestId="10433" Type="Collect" CollectCount="10" ItemId="29801" />
   <TurnIn QuestName="Rightful Repossession" TurnInName="Gahruj" QuestId="10267" TurnInId="20066" />
   <TurnIn QuestName="One Demon's Trash..." TurnInName="Mama Wheeler" QuestId="10234" TurnInId="19728" />
   <PickUp QuestName="Declawing Doomclaw" GiverName="Mama Wheeler" QuestId="10235" GiverId="19728" />
   <TurnIn QuestName="Keeping Up Appearances" TurnInName="Shauly Pore" QuestId="10433" TurnInId="20921" />
   <TurnIn QuestName="New Opportunities" TurnInName="Mehrdad" QuestId="10348" TurnInId="20810" />
   <Objective QuestName="Declawing Doomclaw" QuestId="10235" Type="Collect" CollectCount="1" ItemId="28563" />
   <TurnIn QuestName="Declawing Doomclaw" TurnInName="Mama Wheeler" QuestId="10235" TurnInId="19728" />
   <PickUp QuestName="Warn Area 52!" GiverName="Mama Wheeler" QuestId="10237" GiverId="19728" />
   <TurnIn QuestName="Warn Area 52!" TurnInName="Rocket-Chief Fuselage" QuestId="10237" TurnInId="19570" />
   <PickUp QuestName="Needs More Cowbell" GiverName="Thadell" QuestId="10334" GiverId="20464" />
   <PickUp QuestName="Indispensable Tools" GiverName="Apprentice Andrethan" QuestId="10331" GiverId="20463" />
   <Objective QuestName="Indispensable Tools" QuestId="10331" Type="Collect" CollectCount="1" ItemId="29365" />
   <TurnIn QuestName="Indispensable Tools" TurnInName="Apprentice Andrethan" QuestId="10331" TurnInId="20463" />
   <PickUp QuestName="Master Smith Rhonsus" GiverName="Apprentice Andrethan" QuestId="10332" GiverId="20463" />
   <Objective QuestName="Master Smith Rhonsus" QuestId="10332" Type="KillMob" KillCount="1" MobId="20410" />
   <TurnIn QuestName="Needs More Cowbell" TurnInName="Bessy" QuestId="10334" TurnInId="20415" />
   <TurnIn QuestName="Master Smith Rhonsus" TurnInName="Apprentice Andrethan" QuestId="10332" TurnInId="20463" />
   <PickUp QuestName="Bloody Imp-ossible!" GiverName="Sab'aoth" QuestId="10924" GiverId="22479" />
   <UseItem ItemId="31815" QuestName="Bloody Imp-ossible!" QuestId="10924" X="2958.711" Y="1784.888" Z="139.1211" />
   <Objective QuestName="Bloody Imp-ossible!" QuestId="10924" Type="Collect" CollectCount="8" ItemId="31813" />
   <TurnIn QuestName="Bloody Imp-ossible!" TurnInName="Sab'aoth" QuestId="10924" TurnInId="22479" />

   <SetGrindArea>
    <GrindArea>
    <TargetMinLevel>67</TargetMinLevel>
    <TargetMaxLevel>70</TargetMaxLevel>
    <Factions>14 1706</Factions>
    <Hotspots>
     <Hotspot X="3118.794" Y="2146.636" Z="151.9036" />
     <Hotspot X="3107.865" Y="2181.605" Z="149.26" />
     <Hotspot X="3133.527" Y="2192.078" Z="149.4972" />
     <Hotspot X="3091.03" Y="2217.177" Z="157.6219" />
     <Hotspot X="3086.667" Y="2248.433" Z="150.0987" />
     <Hotspot X="3069.818" Y="2269.546" Z="150.1152" />
     <Hotspot X="3064.957" Y="2292.988" Z="151.1109" />
     <Hotspot X="3003.456" Y="2304.589" Z="161.7026" />
     <Hotspot X="2968.919" Y="2281.765" Z="161.7059" />
     <Hotspot X="2943.567" Y="2270.953" Z="161.7059" />
    </Hotspots>
    </GrindArea>
   </SetGrindArea>

   <GrindTo Level="68"/>
   <Checkpoint Level="68" />
		<PickUp QuestName="Neutralizing the Nethermancers" QuestId="10315" GiverName="Nether-Stalker Oazul" GiverId="20341" />
		<PickUp QuestName="Dealing with the Foreman" QuestId="10317" GiverName="Wind Trader Tuluman" GiverId="20112" />
		<Objective QuestName="Neutralizing the Nethermancers" QuestId="10315" Type="KillMob" MobId="20248" KillCount="15" />
		<TurnIn QuestName="Neutralizing the Nethermancers" QuestId="10315" TurnInName="Nether-Stalker Oazul" TurnInId="20341" />
		<TurnIn QuestName="Dealing with the Foreman" QuestId="10317" TurnInName="Foreman Sundown" TurnInId="20393" />
		<PickUp QuestName="Dealing with the Overmaster" QuestId="10318" GiverName="Foreman Sundown" GiverId="20393" />
		<Objective QuestName="Dealing with the Overmaster" QuestId="10318" Type="KillMob" MobId="20803" KillCount="1" />
		<TurnIn QuestName="Dealing with the Overmaster" QuestId="10318" TurnInName="Wind Trader Tuluman" TurnInId="20112" />
		<PickUp QuestName="The Minions of Culuthas" QuestId="10336" GiverName="Nether-Stalker Nauthis" GiverId="20471" />
		<PickUp QuestName="Fel Reavers, No Thanks!" QuestId="10855" GiverName="Nether-Stalker Nauthis" GiverId="20471" />
		<PickUp QuestName="Surveying the Ruins" QuestId="10335" GiverName="Zephyrion" GiverId="20470" />
		<Objective QuestName="The Minions of Culuthas" QuestId="10336" Type="KillMob" MobId="20141" KillCount="10" />
		<Objective QuestName="The Minions of Culuthas" QuestId="10336" Type="KillMob" MobId="20394" KillCount="5" />
		<Objective QuestName="Fel Reavers, No Thanks!" QuestId="10855" Type="KillMob" MobId="22293" KillCount="1" />
		<Objective QuestName="Fel Reavers, No Thanks!" QuestId="10855" Type="CollectItem" ItemId="31653" CollectCount="5" />
		<Objective QuestName="Surveying the Ruins" QuestId="10335" Type="KillMob" MobId="20473" KillCount="1" />
		<Objective QuestName="Surveying the Ruins" QuestId="10335" Type="KillMob" MobId="20475" KillCount="1" />
		<Objective QuestName="Surveying the Ruins" QuestId="10335" Type="KillMob" MobId="20476" KillCount="1" />
		<Objective QuestName="Surveying the Ruins" QuestId="10335" Type="CollectItem" ItemId="29445" CollectCount="1" />
		<TurnIn QuestName="Surveying the Ruins" QuestId="10335" TurnInName="Zephyrion" TurnInId="20470" />		
		<TurnIn QuestName="The Minions of Culuthas" QuestId="10336" TurnInName="Nether-Stalker Nauthis" TurnInId="20471" />
		<TurnIn QuestName="Fel Reavers, No Thanks!" QuestId="10855" TurnInName="Nether-Stalker Nauthis" TurnInId="20471" />
		<CustomBehavior File="LoadProfile" ProfileName="..\1-68 Horde Questing" />			
	</QuestOrder>
	<!--Netherstorm Overrides-->
	<Quest Id="10924" Name="Bloody Imp-ossible!">
		<Objective Type="CollectItem" ItemId="31813" CollectCount="8">
			<Hotspots>
			<Hotspot X="3300.438" Y="2219.606" Z="107.052" />
			<Hotspot X="3287.846" Y="1896.006" Z="125.6847" />
			<Hotspot X="3080.104" Y="1754.272" Z="144.0547" />
			<Hotspot X="3046.608" Y="1954.108" Z="144.4506" />
			<Hotspot X="3164.288" Y="1941.442" Z="143.946" />
			</Hotspots>
		</Objective>
	</Quest>
	<!--Blade's Edge Mountains-->
	<Quest Id="10770" Name="Little Embers">
		<Objective Type="KillMob" MobId="21021" KillCount="8">
			<Hotspots>
			<Hotspot X="3580.129" Y="4943.694" Z="269.4295" />
			<Hotspot X="3737.636" Y="4988.379" Z="275.0094" />
			<Hotspot X="3662.418" Y="5033.219" Z="267.54" />
			</Hotspots>
		</Objective>
	</Quest>
	<Quest Id="10567" Name="Creating the Pendant">
		<Objective Type="CollectItem" ItemId="30704" CollectCount="6">
			<Hotspots>
			<Hotspot X="3351.891" Y="5346.318" Z="150.5746" />
			<Hotspot X="3202.658" Y="5289.24" Z="176.3563" />
			<Hotspot X="3279.807" Y="5294.51" Z="146.7108" />
			</Hotspots>
		</Objective>
	</Quest>
	<Quest Id="10505" Name="The Bloodmaul Ogres">
		<Objective Type="KillMob" MobId="19991" KillCount="30">
			<Hotspots>
			<Hotspot X="1413.525" Y="6545.291" Z="3.210471" />
				<Hotspot X="1596.446" Y="6433.945" Z="-10.42857" />
				<Hotspot X="2112.023" Y="6376.395" Z="-10.28574" />
				<Hotspot X="1782.401" Y="6318.25" Z="1.645707" />
				<Hotspot X="1579.908" Y="6335.706" Z="2.808744" />
			</Hotspots>
		</Objective>
	</Quest>
	<Quest Id="10503" Name="The Bladespire Threat">
		<Objective Type="KillMob" MobId="19995" KillCount="30">
			<Hotspots>
			<Hotspot X="2576.409" Y="6581.346" Z="3.855948" />
			<Hotspot X="2515.03" Y="6452.328" Z="-6.427015" />
			<Hotspot X="2490.197" Y="6266.577" Z="14.86621" />
			<Hotspot X="2645.955" Y="6194.107" Z="12.7" />
			<Hotspot X="2328.26" Y="6690.546" Z="17.57173" />
			</Hotspots>
		</Objective>
		<Objective Type="KillMob" MobId="20728" KillCount="10">
			<Hotspots>
			<Hotspot X="2576.409" Y="6581.346" Z="3.855948" />
			<Hotspot X="2515.03" Y="6452.328" Z="-6.427015" />
			<Hotspot X="2490.197" Y="6266.577" Z="14.86621" />
			<Hotspot X="2645.955" Y="6194.107" Z="12.7" />
			<Hotspot X="2328.26" Y="6690.546" Z="17.57173" />
			</Hotspots>
		</Objective>
	</Quest>
	<!--Nagrand Overrides-->
	<Quest Id="9882" Name="Stealing from Thieves">
		<Objective Type="CollectItem" ItemId="25416" CollectCount="10">
			<CollectFrom>
			<GameObject Name="Oshu'gun Crystal Fragment" Id="182258" />
			</CollectFrom>
			<Hotspots>
			<Hotspot X="-2765.167" Y="8638.243" Z="-27.44646" />
			<Hotspot X="-2787.108" Y="8581.868" Z="-33.74777" />
			<Hotspot X="-2742.702" Y="8589.666" Z="-36.82554" />
			</Hotspots>
		</Objective>
	</Quest>
	<Quest Id="9907" Name="An Audacious Advance">
		<Objective Type="KillMob" MobId="17136" KillCount="10">
			<Hotspots>
				<Hotspot X="-1236.264" Y="8033.26" Z="-94.45647" />
				<Hotspot X="-1119.036" Y="8041.071" Z="-81.57684" />
				<Hotspot X="-977.5338" Y="8131.388" Z="-94.64204" />
			</Hotspots>
		</Objective>
		<Objective Type="KillMob" MobId="17137" KillCount="10">
			<Hotspots>
				<Hotspot X="-1236.264" Y="8033.26" Z="-94.45647" />
				<Hotspot X="-1119.036" Y="8041.071" Z="-81.57684" />
				<Hotspot X="-977.5338" Y="8131.388" Z="-94.64204" />
			</Hotspots>
		</Objective>
	</Quest>
	<Quest Id="9906" Name="Message in a Battle">
		<Objective Type="KillMob" MobId="17135" KillCount="8">
			<Hotspots>
			<Hotspot X="-2366.724" Y="6151.26" Z="60.38098" />
			<Hotspot X="-2248.85" Y="6110.395" Z="75.32307" />
			<Hotspot X="-2264.176" Y="6210.267" Z="45.7357" />
			<Hotspot X="-2486.249" Y="6115.828" Z="92.09509" />
			<Hotspot X="-2524.118" Y="6167.093" Z="59.94155" />
			<Hotspot X="-2570.101" Y="6256.805" Z="18.37356" />
			</Hotspots>
		</Objective>
		<Objective Type="KillMob" MobId="17134" KillCount="8">
			<Hotspots>
			<Hotspot X="-2366.724" Y="6151.26" Z="60.38098" />
			<Hotspot X="-2248.85" Y="6110.395" Z="75.32307" />
			<Hotspot X="-2264.176" Y="6210.267" Z="45.7357" />
			<Hotspot X="-2486.249" Y="6115.828" Z="92.09509" />
			<Hotspot X="-2524.118" Y="6167.093" Z="59.94155" />
			<Hotspot X="-2570.101" Y="6256.805" Z="18.37356" />
			</Hotspots>
		</Objective>
	</Quest>
	<!--Zangarmarsh Overrides-->
	<Quest Id="9702" Name="A Question of Gluttony">
		<Objective Type="CollectItem" ItemId="24233" CollectCount="10">
			<Hotspots>
				<Hotspot X="-177.931" Y="8098.853" Z="18.64097" />
				<Hotspot X="-112.0842" Y="7897.881" Z="20.48609" />
				<Hotspot X="-280.3122" Y="7859.451" Z="20.40892" />
				<Hotspot X="-260.2957" Y="8101.279" Z="18.81672" />
			</Hotspots>
		</Objective>
	</Quest>
	<Quest Id="9842" Name="The Sharpest Blades">
		<Objective Type="CollectItem" ItemId="24493" CollectCount="10">
			<Hotspots>
			<Hotspot X="21.69799" Y="7727.326" Z="22.24607" />
					<Hotspot X="-52.45838" Y="7667.454" Z="19.73627" />
					<Hotspot X="-189.5174" Y="7522.87" Z="23.99287" />
					<Hotspot X="-142.9257" Y="7781.4" Z="21.82951" />
					<Hotspot X="50.16328" Y="7921.078" Z="24.23643" />
					<Hotspot X="-24.88778" Y="8498.549" Z="22.69784" />
			</Hotspots>
		</Objective>
	</Quest>
	<Quest Id="9372" Name="Demonic Contamination">
		<Objective Type="CollectItem" ItemId="23336" CollectCount="6">
			<Hotspots>
			<Hotspot X="-315.8477" Y="4311.793" Z="74.18791" />
				<Hotspot X="-653.5891" Y="4264.445" Z="48.08509" />
				<Hotspot X="-323.0367" Y="4728.359" Z="18.23349" />
				<Hotspot X="-438.2898" Y="4397.488" Z="45.4946" />
			</Hotspots>
		</Objective>
	</Quest>
	<Quest Name="Thick Hydra Scales" Id="9774">
			<Objective Type="CollectItem" ItemId="24375" CollectCount="12">
				<Hotspots>
					<Hotspot X="478.0735" Y="5312.838" Z="-4.510317" />
					<Hotspot X="673.423" Y="5288.811" Z="-15.70069" />
					<Hotspot X="746.3246" Y="5448.013" Z="-11.83604" />
					<Hotspot X="592.75" Y="5434.379" Z="-19.08129" />
					<Hotspot X="384.6237" Y="5334.771" Z="8.815435" />
				</Hotspots>
			</Objective>
		</Quest>
	<Quest Name="There's No Explanation for Fashion" Id="9769">
			<Objective Type="CollectItem" ItemId="24372" CollectCount="8">
				<CollectFrom>
				<Mob Name="Umbraglow Stinger" Id="18132" />
				</CollectFrom>
				<Hotspots>
					<Hotspot X="-853.9818" Y="5550.164" Z="22.38012" />
					<Hotspot X="-922.6404" Y="5444.61" Z="24.48952" />
					<Hotspot X="-578.1269" Y="5329.322" Z="21.71308" />
					<Hotspot X="-559.9538" Y="5528.936" Z="22.30969" />
					<Hotspot X="-459.2237" Y="5376.349" Z="22.46936" />
					<Hotspot X="-525.9911" Y="5408.35" Z="23.04682" />
					<Hotspot X="-520.1201" Y="5504.698" Z="22.23529" />
					<Hotspot X="-354.4526" Y="5525.628" Z="23.38408" />
					<Hotspot X="-405.1475" Y="5482.693" Z="21.64154" />
				</Hotspots>
			</Objective>
		</Quest>
	<Quest Id="9747" Name="The Umbrafen Tribe">
		<Objective Type="KillMob" MobId="18080" KillCount="1">
			<Hotspots>
				<Hotspot X="-1088.362" Y="5193.041" Z="57.19933" />
			</Hotspots>
		</Objective>
		<Objective Type="KillMob" MobId="20115" KillCount="6">
			<Hotspots>
				<Hotspot X="-823.821" Y="5221.408" Z="19.03543" />
				<Hotspot X="-1082.485" Y="5231.299" Z="22.62067" />
			</Hotspots>
		</Objective>
	</Quest>

	<!--Hellfire Peninsular Overrides-->
	<Quest Id="9396" Name="Magic of the Arakkoa">
		<Objective Type="CollectItem" ItemId="23483" CollectCount="4">
			<Hotspots>
				<Hotspot X="-1041.845" Y="4194.439" Z="14.95156" />
				<Hotspot X="-1240.922" Y="4114.406" Z="65.92094" />
				<Hotspot X="-1093.004" Y="4180.238" Z="41.83562" />
				<Hotspot X="-1112.445" Y="4223.439" Z="53.53481" />
			</Hotspots>
		</Objective>
	</Quest>
	<Quest Id="9340" Name="The Great Fissure">
		<Objective Type="KillMob" MobId="16929" KillCount="3">
			<Hotspots>
				<Hotspot X="-594.2441" Y="3758.913" Z="29.50525" />
				<Hotspot X="-544.6872" Y="3730.09" Z="30.76978" />
				<Hotspot X="-590.4728" Y="3892.876" Z="28.9951" />
			</Hotspots>
		</Objective>
	</Quest>
	<Quest Id="10630" Name="Beneath Thrallmar">
		<Objective Type="KillMob" MobId="18976" KillCount="1">
			<Hotspots>
				<Hotspot X="396.0413" Y="2729.435" Z="52.36609" />
			</Hotspots>
		</Objective>
	</Quest>
	<Quest Id="9349" Name="Ravager Egg Roundup">
		<Objective Type="CollectItem" ItemId="23217" CollectCount="12">
			<CollectFrom>
				<Mob Name="Razorfang Ravager" Entry="16933"/>
				<Mob Name="Quillfang Skitterer" Entry="19189"/>
			</CollectFrom>
			<Hotspots>
				<Hotspot X="-1396.712" Y="3370.504" Z="38.32227" />
				<Hotspot X="-1656.33" Y="3797.312" Z="33.05976" />
			</Hotspots>
		</Objective>
	</Quest>
	
	<!--Outlands Quest Overrrides-->
	<Quest Id="10123" Name="Felspark Ravine">
		<Objective Type="Grind" MobId="19434" KillCount="1">
			<Hotspots>
				<Hotspot X="224.6415" Y="2299.199" Z="58.85071"/>
			</Hotspots>
		</Objective>
		<Objective Type="Grind" MobId="19136" KillCount="4">
			<Hotspots>
				<Hotspot X="136.3034" Y="2338.789" Z="56.66684"/>
				<Hotspot X="273.2435" Y="2292.811" Z="58.31708"/>
			</Hotspots>
		</Objective>
		<Objective Type="Grind" MobId="10123" KillCount="6">
			<Hotspots>
				<Hotspot X="136.3034" Y="2338.789" Z="56.66684"/>
				<Hotspot X="273.2435" Y="2292.811" Z="58.31708"/>
				<Hotspot X="165.188" Y="2184.03" Z="63.46021"/>
			</Hotspots>
		</Objective>
	</Quest>
	<Quest Id="9895" Name="The Dying Balance">
		<Objective Type="Grind" MobId="18281" KillCount="1">
			<Hotspots>
				<Hotspot X="-675.3154" Y="5331.374" Z="17.53366"/>
				<Hotspot X="-591.4001" Y="5362.774" Z="17.42212"/>
				<Hotspot X="-502.4348" Y="5353.373" Z="19.77879"/>
			</Hotspots>
		</Objective>
	</Quest>
	<Quest Id="9788" Name="A Damp, Dark Place">
		<Objective Type="CollectItem" ItemId="24411" CollectCount="1">
			<CollectFrom/>
			<Hotspots>
				<Hotspot X="-1345.918" Y="5927.819" Z="9.726286"/>
			</Hotspots>
		</Objective>
	</Quest>
	<Quest Id="9894" Name="Safeguarding the Watchers">
		<Objective Type="Grind" MobId="18282" KillCount="1">
			<Hotspots>
				<Hotspot X="-1226.404" Y="5823.814" Z="2.555541"/>
			</Hotspots>
		</Objective>
	</Quest>
	<Quest Id="10086" Name="I Work... For the Horde!">
		<Objective QuestName="I Work... For the Horde!" QuestId="10086" Type="Collect" CollectCount="8" ItemId="25912">
			<Hotspots>
				<Hotspot X="-134.059" Y="2924.083" Z="21.91209"/>
				<Hotspot X="-170.2068" Y="2833.529" Z="26.37319"/>
				<Hotspot X="-145.4454" Y="2784.472" Z="39.10928"/>
				<Hotspot X="-139.6451" Y="2683.452" Z="45.37838"/>
				<Hotspot X="-131.8036" Y="2596.782" Z="45.47887"/>
				<Hotspot X="-138.7381" Y="2513.23" Z="45.55798"/>
				<Hotspot X="-122.2686" Y="2449.931" Z="47.35366"/>
				<Hotspot X="-162.0204" Y="2373.977" Z="55.07852"/>
			</Hotspots>
		</Objective>
		<Objective QuestName="I Work... For the Horde!" QuestId="10086" Type="Collect" CollectCount="8" ItemId="25911">
			<CollectFrom/>
			<Hotspots>
				<Hotspot X="-134.059" Y="2924.083" Z="21.91209"/>
				<Hotspot X="-170.2068" Y="2833.529" Z="26.37319"/>
				<Hotspot X="-145.4454" Y="2784.472" Z="39.10928"/>
				<Hotspot X="-139.6451" Y="2683.452" Z="45.37838"/>
				<Hotspot X="-131.8036" Y="2596.782" Z="45.47887"/>
				<Hotspot X="-138.7381" Y="2513.23" Z="45.55798"/>
				<Hotspot X="-122.2686" Y="2449.931" Z="47.35366"/>
				<Hotspot X="-162.0204" Y="2373.977" Z="55.07852"/>
			</Hotspots>
		</Objective>
	</Quest>
	<Quest Id="9802" Name="Plants of Zangarmarsh">
		<Objective QuestName="Plants of Zangarmarsh" QuestId="9802" Type="CollectItem" CollectCount="10" ItemId="24401">
			<Hotspots>
				<Hotspot X="660.201" Y="5214.353" Z="-0.2847129"/>
				<Hotspot X="732.386" Y="5263.359" Z="-2.290886"/>
				<Hotspot X="779.6201" Y="5312.627" Z="1.551898"/>
				<Hotspot X="832.6967" Y="5407.849" Z="-1.19116"/>
				<Hotspot X="762.1134" Y="5498.835" Z="-0.6157361"/>
				<Hotspot X="646.5386" Y="5518.048" Z="0.08875374"/>
				<Hotspot X="569.6697" Y="5475.122" Z="-2.840886"/>
				<Hotspot X="498.4527" Y="5425.92" Z="-0.7775403"/>
				<Hotspot X="451.8831" Y="5327.287" Z="-2.407789"/>
			</Hotspots>
		</Objective>
	</Quest>
	<Quest Id="9945" Name="War on the Warmaul">
		<Objective Type="Grind" MobId="18065" KillCount="8">
			<Hotspots>
				<Hotspot X="-847.3703" Y="8859.98" Z="185.4666"/>
				<Hotspot X="-848.8339" Y="8894.43" Z="183.3516"/>
				<Hotspot X="-882.5428" Y="8904.979" Z="184.1419"/>
				<Hotspot X="-976.0682" Y="8937.552" Z="102.5483"/>
				<Hotspot X="-1001.583" Y="8999.02" Z="95.38133"/>
				<Hotspot X="-1040.311" Y="9013.02" Z="93.5126"/>
				<Hotspot X="-1081.584" Y="8984.75" Z="102.6963"/>
			</Hotspots>
		</Objective>
		<Objective Type="Grind" MobId="18037" KillCount="8">
			<Hotspots>
				<Hotspot X="-847.3703" Y="8859.98" Z="185.4666"/>
				<Hotspot X="-848.8339" Y="8894.43" Z="183.3516"/>
				<Hotspot X="-882.5428" Y="8904.979" Z="184.1419"/>
				<Hotspot X="-976.0682" Y="8937.552" Z="102.5483"/>
				<Hotspot X="-1001.583" Y="8999.02" Z="95.38133"/>
				<Hotspot X="-1040.311" Y="9013.02" Z="93.5126"/>
				<Hotspot X="-1081.584" Y="8984.75" Z="102.6963"/>
			</Hotspots>
		</Objective>
	</Quest>
	<Quest Id="9863" Name="Vile Idolatry">
		<Objective QuestName="Vile Idolatry" QuestId="9863" Type="CollectItem" CollectCount="10" ItemId="24542">
			<Hotspots>
				<Hotspot X="-1506.376" Y="8422.984" Z="-2.773338"/>
				<Hotspot X="-1468.025" Y="8487.577" Z="3.184378"/>
				<Hotspot X="-1520.011" Y="8499.872" Z="-1.808408"/>
				<Hotspot X="-1567.115" Y="8539.101" Z="1.995344"/>
				<Hotspot X="-1518.903" Y="8539.498" Z="5.834302"/>
				<Hotspot X="-1475.762" Y="8561.189" Z="7.374016"/>
				<Hotspot X="-1607.515" Y="8508.369" Z="-13.39218"/>
			</Hotspots>
		</Objective>
	</Quest>
	<Quest Id="9882" Name="Stealing from Thieves">
		<Objective QuestName="Stealing from Thieves" QuestId="9882" Type="CollectItem" CollectCount="10" ItemId="25416">
			<Hotspots>
				<Hotspot X="-2751.145" Y="8636.189" Z="-29.71454"/>
				<Hotspot X="-2731.205" Y="8575.421" Z="-38.35617"/>
				<Hotspot X="-2797.479" Y="8575.414" Z="-33.30085"/>
				<Hotspot X="-2784.752" Y="8625.789" Z="-27.78963"/>
				<Hotspot X="-2672.54" Y="8572.601" Z="-32.60806"/>
				<Hotspot X="-2512.198" Y="8526.182" Z="-33.52955"/>
				<Hotspot X="-2355.668" Y="8453.408" Z="-33.69027"/>
				<Hotspot X="-2290.86" Y="8429.372" Z="-32.88708"/>
				<Hotspot X="-2252.112" Y="8365.887" Z="-31.77557"/>
				<Hotspot X="-2302.125" Y="8367.64" Z="-36.24349"/>
			</Hotspots>
		</Objective>
	</Quest>
</HBProfile>