<HBProfile>
	<Name>Horde 1-68 Questing</Name>
	<MinDurability>0.4</MinDurability>
	<MinFreeBagSlots>3</MinFreeBagSlots>
	<MinLevel>1</MinLevel>
	<MaxLevel>86</MaxLevel>
	<MailGrey>False</MailGrey>
	<MailWhite>False</MailWhite>
	<MailGreen>True</MailGreen>
	<SellGrey>True</SellGrey>
	<SellWhite>True</SellWhite>
	<SellGreen>True</SellGreen>
	<SellBlue>False</SellBlue>
	<SellPurple>False</SellPurple>

	<QuestOrder>
		<If Condition="Me.ZoneId == 3487 || Me.ZoneId == 3430 || Me.ZoneId == 3433" >
			<RunTo  X="10011.99" Y="-7025.409" Z="50.13868"/>
			<CustomBehavior File="UseGameObject"  ObjectId="184502" NumOfTimes="1" X="10035.41" Y="-7000.657" Z="61.5765" />
		</If>
		<If Condition="Me.MapId == 0">
		<CustomBehavior File="UseTransport"
						TransportId="164871"
						WaitAtX="2070.155" WaitAtY="289.2588" WaitAtZ="97.0315" 
						TransportStartX="2062.376" TransportStartY="292.998" TransportStartZ="114.973"
						TransportEndX="1833.509" TransportEndY="-4391.543" TransportEndZ="152.7679"
						StandOnX="2067.979" StandOnY="295.2747" StandOnZ="97.23677" 
						GetOffX="1840.225" GetOffY="-4390.912" GetOffZ="135.2337" 
						/>
		</If>
		<If Condition="Me.ZoneId == 1637 &amp;&amp; Me.Z &gt; 90">
			<CustomBehavior File="UseTransport" 
							TransportId="206610" 
							WaitAtX="1750.654" WaitAtY="-4389.672" WaitAtZ="109.622" 
							TransportStartX="1754.8" TransportStartY="-4396.117" TransportStartZ="109.6531" 
							TransportEndX="1754.799" TransportEndY="-4396.117" TransportEndZ="41.98779"
							GetOffX="1748.978" GetOffY="-4386.687" GetOffZ="42.50691" 
							/>
		</If>
		<CustomBehavior File="LoadProfile" ProfileName="..\1-68 Horde Questing" /> 
	</QuestOrder>
</HBProfile>